session_id,user_id,sequence_id,node_id,option_id,nodo_id,iia,iic,mi,ei,ci,rc,dpe_a,dpe_p,lf
42e50ef2-488a-46af-9be7-43ba51aae3b3,a71b7438-ec7a-4518-8d31-ff796802bea3,MLQ5X_D3_SEQUENCE_14,MLQ5X_D3S14_N19_ULTRASOUND_SHARED_USE,A,19,3.0,3.0,2.0,3.0,3.0,1.0,3.0,0.0,0.0
42e50ef2-488a-46af-9be7-43ba51aae3b3,a71b7438-ec7a-4518-8d31-ff796802bea3,MLQ5X_D3_SEQUENCE_15,MLQ5X_D3S15_N20_SOTO_ROTATING_SHIFTS_DECISION,C,20,2.0,3.0,2.0,3.0,1.0,0.0,1.0,0.0,0.0
42e50ef2-488a-46af-9be7-43ba51aae3b3,a71b7438-ec7a-4518-8d31-ff796802bea3,MLQ5X_D3_SEQUENCE_18,MLQ5X_D3S18_N23_JAVIER_WORKLOAD,B,23,2.0,2.0,1.0,0.0,2.0,1.0,3.0,0.0,0.0
42e50ef2-488a-46af-9be7-43ba51aae3b3,a71b7438-ec7a-4518-8d31-ff796802bea3,MLQ5X_D3_SEQUENCE_16,MLQ5X_D3S16_N21_GUZMAN_UNREGISTERED_INTERNS,A,21,3.0,3.0,2.0,1.0,3.0,1.0,1.0,0.0,0.0
42e50ef2-488a-46af-9be7-43ba51aae3b3,a71b7438-ec7a-4518-8d31-ff796802bea3,MLQ5X_D3_SEQUENCE_16,MLQ5X_D3S16_N22_GUZMAN_CONVENIO_BOX1,A,22,3.0,3.0,3.0,2.0,3.0,2.0,0.0,0.0,0.0
2c37a37e-25d9-472a-aeb4-aca72eb5f910,d20aaaa8-b168-4dac-b738-4a50dcec1b85,MLQ5X_D1_SEQUENCE_1,MLQ5X_D1S1_N1_RIOS_CHOICE,C,1,0.0,0.0,1.0,0.0,0.0,0.0,0.0,2.0,2.0
2c37a37e-25d9-472a-aeb4-aca72eb5f910,d20aaaa8-b168-4dac-b738-4a50dcec1b85,MLQ5X_D1_SEQUENCE_1,MLQ5X_D1S1_N2_GUZMAN_DOCENCIA,B,2,0.0,0.0,0.0,0.0,0.0,0.0,1.0,3.0,3.0
2c37a37e-25d9-472a-aeb4-aca72eb5f910,d20aaaa8-b168-4dac-b738-4a50dcec1b85,MLQ5X_D1_SEQUENCE_1,MLQ5X_D1S1_N3_RIOS_PROTOCOLS,C,3,1.0,1.0,1.0,0.0,0.0,1.0,3.0,1.0,0.0
2c37a37e-25d9-472a-aeb4-aca72eb5f910,d20aaaa8-b168-4dac-b738-4a50dcec1b85,MLQ5X_D1_SEQUENCE_1,MLQ5X_D1S1_N4_SOTO_INDICATORS,A,4,3.0,3.0,2.0,2.0,2.0,0.0,2.0,1.0,1.0
2c37a37e-25d9-472a-aeb4-aca72eb5f910,d20aaaa8-b168-4dac-b738-4a50dcec1b85,MLQ5X_D1_SEQUENCE_1,MLQ5X_D1S1_N5_SOFIA_PRIORITY,C,5,3.0,3.0,2.0,2.0,1.0,1.0,2.0,0.0,0.0
2c37a37e-25d9-472a-aeb4-aca72eb5f910,d20aaaa8-b168-4dac-b738-4a50dcec1b85,MLQ5X_D1_SEQUENCE_5,MLQ5X_D1S5_N10_SOTO_PROTOCOLS,B,10,3.0,2.0,2.0,1.0,1.0,1.0,4.0,0.0,0.0
2c37a37e-25d9-472a-aeb4-aca72eb5f910,d20aaaa8-b168-4dac-b738-4a50dcec1b85,MLQ5X_D1_SEQUENCE_3,MLQ5X_D1S3_N6_GUZMAN_DOCENCIA,C,6,3.0,3.0,2.0,0.0,1.0,2.0,1.0,1.0,0.0
2c37a37e-25d9-472a-aeb4-aca72eb5f910,d20aaaa8-b168-4dac-b738-4a50dcec1b85,MLQ5X_D1_SEQUENCE_4,MLQ5X_D1S4_N7_RIOS_DERIVACION,B,7,0.0,0.0,0.0,0.0,1.0,0.0,1.0,2.0,2.0
2c37a37e-25d9-472a-aeb4-aca72eb5f910,d20aaaa8-b168-4dac-b738-4a50dcec1b85,MLQ5X_D1_SEQUENCE_4,MLQ5X_D1S4_N8_RIOS_SANCION,B,8,2.0,2.0,2.0,0.0,1.0,2.0,2.0,2.0,0.0
2c37a37e-25d9-472a-aeb4-aca72eb5f910,d20aaaa8-b168-4dac-b738-4a50dcec1b85,MLQ5X_D1_SEQUENCE_4,MLQ5X_D1S4_N9_SOTO_REPORTE,A,9,2.0,3.0,2.0,2.0,2.0,2.0,2.0,0.0,0.0
2c37a37e-25d9-472a-aeb4-aca72eb5f910,d20aaaa8-b168-4dac-b738-4a50dcec1b85,MLQ5X_D2_SEQUENCE_8,MLQ5X_D2S8_N11_SOTO_DECISION,A,11,3.0,4.0,2.0,2.0,2.0,2.0,3.0,0.0,0.0
2c37a37e-25d9-472a-aeb4-aca72eb5f910,d20aaaa8-b168-4dac-b738-4a50dcec1b85,MLQ5X_D2_SEQUENCE_10,MLQ5X_D2S10_N13_LATE_ARRIVAL_RESPONSE,B,13,3.0,4.0,4.0,3.0,2.0,2.0,1.0,0.0,0.0
2c37a37e-25d9-472a-aeb4-aca72eb5f910,d20aaaa8-b168-4dac-b738-4a50dcec1b85,MLQ5X_D2_SEQUENCE_10,MLQ5X_D2S10_N14_RIOS_EXTENDED_SHIFTS,A,14,3.0,3.0,2.0,1.0,2.0,1.0,3.0,0.0,0.0
2c37a37e-25d9-472a-aeb4-aca72eb5f910,d20aaaa8-b168-4dac-b738-4a50dcec1b85,MLQ5X_D2_SEQUENCE_10,MLQ5X_D2S10_N15_RIOS_RESIGNATION_RISK,B,15,2.0,2.0,1.0,3.0,2.0,0.0,2.0,0.0,0.0
2c37a37e-25d9-472a-aeb4-aca72eb5f910,d20aaaa8-b168-4dac-b738-4a50dcec1b85,MLQ5X_D2_SEQUENCE_9,MLQ5X_D2S9_N12_SOTO_WATER_CUT_FOLLOWUP,A,12,4.0,4.0,4.0,1.0,3.0,2.0,0.0,0.0,0.0
2c37a37e-25d9-472a-aeb4-aca72eb5f910,d20aaaa8-b168-4dac-b738-4a50dcec1b85,MLQ5X_D2_SEQUENCE_11,MLQ5X_D2S11_N16_GUZMAN_VISION,A,16,3.0,3.0,3.0,3.0,3.0,1.0,0.0,0.0,0.0
2c37a37e-25d9-472a-aeb4-aca72eb5f910,d20aaaa8-b168-4dac-b738-4a50dcec1b85,MLQ5X_D2_SEQUENCE_11,MLQ5X_D2S11_N17_GUZMAN_PRACTICE_CUPS,B,17,2.0,1.0,0.0,0.0,1.0,1.0,3.0,0.0,0.0
2c37a37e-25d9-472a-aeb4-aca72eb5f910,d20aaaa8-b168-4dac-b738-4a50dcec1b85,MLQ5X_D3_SEQUENCE_14,MLQ5X_D3S14_N18_SOFIA_BOX6_DECISION,A,18,3.0,3.0,1.0,0.0,1.0,3.0,2.0,0.0,0.0
2c37a37e-25d9-472a-aeb4-aca72eb5f910,d20aaaa8-b168-4dac-b738-4a50dcec1b85,MLQ5X_D3_SEQUENCE_14,MLQ5X_D3S14_N19_ULTRASOUND_SHARED_USE,A,19,3.0,3.0,2.0,3.0,3.0,1.0,3.0,0.0,0.0
2c37a37e-25d9-472a-aeb4-aca72eb5f910,d20aaaa8-b168-4dac-b738-4a50dcec1b85,MLQ5X_D3_SEQUENCE_15,MLQ5X_D3S15_N20_SOTO_ROTATING_SHIFTS_DECISION,C,20,2.0,3.0,2.0,3.0,1.0,0.0,1.0,0.0,0.0
2c37a37e-25d9-472a-aeb4-aca72eb5f910,d20aaaa8-b168-4dac-b738-4a50dcec1b85,MLQ5X_D3_SEQUENCE_18,MLQ5X_D3S18_N23_JAVIER_WORKLOAD,B,23,2.0,2.0,1.0,0.0,2.0,1.0,3.0,0.0,0.0
2c37a37e-25d9-472a-aeb4-aca72eb5f910,d20aaaa8-b168-4dac-b738-4a50dcec1b85,MLQ5X_D3_SEQUENCE_16,MLQ5X_D3S16_N21_GUZMAN_UNREGISTERED_INTERNS,A,21,3.0,3.0,2.0,1.0,3.0,1.0,1.0,0.0,0.0
2c37a37e-25d9-472a-aeb4-aca72eb5f910,d20aaaa8-b168-4dac-b738-4a50dcec1b85,MLQ5X_D3_SEQUENCE_16,MLQ5X_D3S16_N22_GUZMAN_CONVENIO_BOX1,C,22,0.0,0.0,0.0,0.0,0.0,0.0,0.0,3.0,4.0
2c37a37e-25d9-472a-aeb4-aca72eb5f910,d20aaaa8-b168-4dac-b738-4a50dcec1b85,MLQ5X_D5_SEQUENCE_21,MLQ5X_D5S21_N26_SOFIA_MINOR_RECORD_ERROR,A,26,2.0,2.0,1.0,0.0,1.0,0.0,3.0,0.0,0.0
2c37a37e-25d9-472a-aeb4-aca72eb5f910,d20aaaa8-b168-4dac-b738-4a50dcec1b85,MLQ5X_D4_SEQUENCE_20,MLQ5X_D4S20_N25_RIOS_FLEXIBILITY_REQUEST,C,25,0.0,0.0,0.0,0.0,0.0,0.0,2.0,0.0,0.0
2c37a37e-25d9-472a-aeb4-aca72eb5f910,d20aaaa8-b168-4dac-b738-4a50dcec1b85,MLQ5X_D5_SEQUENCE_22,MLQ5X_D5S22_N27_SOTO_MINOR_RISK_REPORT,B,27,1.0,1.0,0.0,0.0,0.0,0.0,1.0,3.0,1.0
2c37a37e-25d9-472a-aeb4-aca72eb5f910,d20aaaa8-b168-4dac-b738-4a50dcec1b85,MLQ5X_D5_SEQUENCE_23,MLQ5X_D5S23_N28_RIOS_TENS_PROTOCOL,B,28,2.0,2.0,2.0,2.0,3.0,1.0,1.0,0.0,0.0
fa0a664b-90a0-4c0d-8065-9c0556741ddb,21244fdf-80ee-4b8e-b6da-81da840132b3,MLQ5X_D1_SEQUENCE_1,MLQ5X_D1S1_N1_RIOS_CHOICE,B,1,1.0,0.0,1.0,0.0,0.0,0.0,0.0,3.0,3.0
fa0a664b-90a0-4c0d-8065-9c0556741ddb,21244fdf-80ee-4b8e-b6da-81da840132b3,MLQ5X_D1_SEQUENCE_1,MLQ5X_D1S1_N2_GUZMAN_DOCENCIA,C,2,2.0,2.0,1.0,0.0,1.0,1.0,4.0,0.0,0.0
fa0a664b-90a0-4c0d-8065-9c0556741ddb,21244fdf-80ee-4b8e-b6da-81da840132b3,MLQ5X_D1_SEQUENCE_1,MLQ5X_D1S1_N3_RIOS_PROTOCOLS,C,3,1.0,1.0,1.0,0.0,0.0,1.0,3.0,1.0,0.0
fa0a664b-90a0-4c0d-8065-9c0556741ddb,21244fdf-80ee-4b8e-b6da-81da840132b3,MLQ5X_D1_SEQUENCE_1,MLQ5X_D1S1_N4_SOTO_INDICATORS,B,4,1.0,0.0,1.0,1.0,1.0,1.0,1.0,0.0,0.0
638a45b9-95be-4947-9c4d-2ec7c4bfe296,f456dbc4-4276-4ded-861c-5f7e367a3287,MLQ5X_D1_SEQUENCE_1,MLQ5X_D1S1_N1_RIOS_CHOICE,B,1,1.0,0.0,1.0,0.0,0.0,0.0,0.0,3.0,3.0
fa0a664b-90a0-4c0d-8065-9c0556741ddb,21244fdf-80ee-4b8e-b6da-81da840132b3,MLQ5X_D1_SEQUENCE_1,MLQ5X_D1S1_N5_SOFIA_PRIORITY,B,5,3.0,1.0,2.0,1.0,1.0,1.0,4.0,0.0,0.0
a0cff01c-c475-40cc-bfc9-3758e13aad67,13bd9378-f6a3-4e4c-8de3-9c36c285f088,MLQ5X_D1_SEQUENCE_1,MLQ5X_D1S1_N1_RIOS_CHOICE,B,1,1.0,0.0,1.0,0.0,0.0,0.0,0.0,3.0,3.0
a0cff01c-c475-40cc-bfc9-3758e13aad67,13bd9378-f6a3-4e4c-8de3-9c36c285f088,MLQ5X_D1_SEQUENCE_1,MLQ5X_D1S1_N2_GUZMAN_DOCENCIA,A,2,4.0,4.0,2.0,0.0,4.0,1.0,2.0,0.0,0.0
a0cff01c-c475-40cc-bfc9-3758e13aad67,13bd9378-f6a3-4e4c-8de3-9c36c285f088,MLQ5X_D1_SEQUENCE_1,MLQ5X_D1S1_N3_RIOS_PROTOCOLS,B,3,0.0,0.0,0.0,0.0,0.0,0.0,0.0,3.0,3.0
a0cff01c-c475-40cc-bfc9-3758e13aad67,13bd9378-f6a3-4e4c-8de3-9c36c285f088,MLQ5X_D1_SEQUENCE_1,MLQ5X_D1S1_N4_SOTO_INDICATORS,A,4,3.0,3.0,2.0,2.0,2.0,0.0,2.0,1.0,1.0
a0cff01c-c475-40cc-bfc9-3758e13aad67,13bd9378-f6a3-4e4c-8de3-9c36c285f088,MLQ5X_D1_SEQUENCE_1,MLQ5X_D1S1_N5_SOFIA_PRIORITY,C,5,3.0,3.0,2.0,2.0,1.0,1.0,2.0,0.0,0.0
a0cff01c-c475-40cc-bfc9-3758e13aad67,13bd9378-f6a3-4e4c-8de3-9c36c285f088,MLQ5X_D1_SEQUENCE_4,MLQ5X_D1S4_N7_RIOS_DERIVACION,B,7,0.0,0.0,0.0,0.0,1.0,0.0,1.0,2.0,2.0
a0cff01c-c475-40cc-bfc9-3758e13aad67,13bd9378-f6a3-4e4c-8de3-9c36c285f088,MLQ5X_D1_SEQUENCE_4,MLQ5X_D1S4_N8_RIOS_SANCION,B,8,2.0,2.0,2.0,0.0,1.0,2.0,2.0,2.0,0.0
a0cff01c-c475-40cc-bfc9-3758e13aad67,13bd9378-f6a3-4e4c-8de3-9c36c285f088,MLQ5X_D1_SEQUENCE_4,MLQ5X_D1S4_N9_SOTO_REPORTE,A,9,2.0,3.0,2.0,2.0,2.0,2.0,2.0,0.0,0.0
a0cff01c-c475-40cc-bfc9-3758e13aad67,13bd9378-f6a3-4e4c-8de3-9c36c285f088,MLQ5X_D2_SEQUENCE_8,MLQ5X_D2S8_N11_SOTO_DECISION,C,11,0.0,0.0,0.0,0.0,0.0,0.0,1.0,3.0,3.0
a0cff01c-c475-40cc-bfc9-3758e13aad67,13bd9378-f6a3-4e4c-8de3-9c36c285f088,MLQ5X_D1_SEQUENCE_5,MLQ5X_D1S5_N10_SOTO_PROTOCOLS,C,10,2.0,2.0,2.0,1.0,1.0,1.0,2.0,2.0,1.0
a0cff01c-c475-40cc-bfc9-3758e13aad67,13bd9378-f6a3-4e4c-8de3-9c36c285f088,MLQ5X_D2_SEQUENCE_10,MLQ5X_D2S10_N13_LATE_ARRIVAL_RESPONSE,B,13,3.0,4.0,4.0,3.0,2.0,2.0,1.0,0.0,0.0
a0cff01c-c475-40cc-bfc9-3758e13aad67,13bd9378-f6a3-4e4c-8de3-9c36c285f088,MLQ5X_D2_SEQUENCE_10,MLQ5X_D2S10_N14_RIOS_EXTENDED_SHIFTS,A,14,3.0,3.0,2.0,1.0,2.0,1.0,3.0,0.0,0.0
a0cff01c-c475-40cc-bfc9-3758e13aad67,13bd9378-f6a3-4e4c-8de3-9c36c285f088,MLQ5X_D2_SEQUENCE_10,MLQ5X_D2S10_N15_RIOS_RESIGNATION_RISK,A,15,2.0,3.0,2.0,0.0,3.0,2.0,3.0,0.0,0.0
a0cff01c-c475-40cc-bfc9-3758e13aad67,13bd9378-f6a3-4e4c-8de3-9c36c285f088,MLQ5X_D2_SEQUENCE_11,MLQ5X_D2S11_N16_GUZMAN_VISION,A,16,3.0,3.0,3.0,3.0,3.0,1.0,0.0,0.0,0.0
a0cff01c-c475-40cc-bfc9-3758e13aad67,13bd9378-f6a3-4e4c-8de3-9c36c285f088,MLQ5X_D2_SEQUENCE_11,MLQ5X_D2S11_N17_GUZMAN_PRACTICE_CUPS,B,17,2.0,1.0,0.0,0.0,1.0,1.0,3.0,0.0,0.0
a0cff01c-c475-40cc-bfc9-3758e13aad67,13bd9378-f6a3-4e4c-8de3-9c36c285f088,MLQ5X_D3_SEQUENCE_14,MLQ5X_D3S14_N18_SOFIA_BOX6_DECISION,A,18,3.0,3.0,1.0,0.0,1.0,3.0,2.0,0.0,0.0
a0cff01c-c475-40cc-bfc9-3758e13aad67,13bd9378-f6a3-4e4c-8de3-9c36c285f088,MLQ5X_D3_SEQUENCE_14,MLQ5X_D3S14_N19_ULTRASOUND_SHARED_USE,A,19,3.0,3.0,2.0,3.0,3.0,1.0,3.0,0.0,0.0
a0cff01c-c475-40cc-bfc9-3758e13aad67,13bd9378-f6a3-4e4c-8de3-9c36c285f088,MLQ5X_D1_SEQUENCE_3,MLQ5X_D1S3_N6_GUZMAN_DOCENCIA,C,6,3.0,3.0,2.0,0.0,1.0,2.0,1.0,1.0,0.0
a0cff01c-c475-40cc-bfc9-3758e13aad67,13bd9378-f6a3-4e4c-8de3-9c36c285f088,MLQ5X_D2_SEQUENCE_9,MLQ5X_D2S9_N12_SOTO_WATER_CUT_FOLLOWUP,A,12,4.0,4.0,4.0,1.0,3.0,2.0,0.0,0.0,0.0
fa0a664b-90a0-4c0d-8065-9c0556741ddb,21244fdf-80ee-4b8e-b6da-81da840132b3,MLQ5X_D1_SEQUENCE_5,MLQ5X_D1S5_N10_SOTO_PROTOCOLS,B,10,3.0,2.0,2.0,1.0,1.0,1.0,4.0,0.0,0.0
fa0a664b-90a0-4c0d-8065-9c0556741ddb,21244fdf-80ee-4b8e-b6da-81da840132b3,MLQ5X_D1_SEQUENCE_3,MLQ5X_D1S3_N6_GUZMAN_DOCENCIA,B,6,1.0,2.0,1.0,0.0,0.0,1.0,1.0,1.0,0.0
fa0a664b-90a0-4c0d-8065-9c0556741ddb,21244fdf-80ee-4b8e-b6da-81da840132b3,MLQ5X_D1_SEQUENCE_4,MLQ5X_D1S4_N7_RIOS_DERIVACION,C,7,2.0,2.0,0.0,0.0,0.0,2.0,4.0,0.0,0.0
fa0a664b-90a0-4c0d-8065-9c0556741ddb,21244fdf-80ee-4b8e-b6da-81da840132b3,MLQ5X_D1_SEQUENCE_4,MLQ5X_D1S4_N8_RIOS_SANCION,C,8,2.0,1.0,0.0,0.0,0.0,4.0,4.0,0.0,0.0
fa0a664b-90a0-4c0d-8065-9c0556741ddb,21244fdf-80ee-4b8e-b6da-81da840132b3,MLQ5X_D1_SEQUENCE_4,MLQ5X_D1S4_N9_SOTO_REPORTE,C,9,2.0,2.0,0.0,0.0,1.0,2.0,4.0,0.0,0.0
69254e7f-dbb8-46b0-bc0b-19d10b052bfa,d2906efa-7c22-48c2-bc6c-d0f71f28ff12,MLQ5X_D1_SEQUENCE_1,MLQ5X_D1S1_N1_RIOS_CHOICE,A,1,3.0,4.0,3.0,1.0,2.0,1.0,2.0,0.0,0.0
69254e7f-dbb8-46b0-bc0b-19d10b052bfa,d2906efa-7c22-48c2-bc6c-d0f71f28ff12,MLQ5X_D1_SEQUENCE_1,MLQ5X_D1S1_N2_GUZMAN_DOCENCIA,C,2,2.0,2.0,1.0,0.0,1.0,1.0,4.0,0.0,0.0
69254e7f-dbb8-46b0-bc0b-19d10b052bfa,d2906efa-7c22-48c2-bc6c-d0f71f28ff12,MLQ5X_D1_SEQUENCE_1,MLQ5X_D1S1_N3_RIOS_PROTOCOLS,A,3,3.0,3.0,3.0,3.0,3.0,1.0,3.0,0.0,0.0
69254e7f-dbb8-46b0-bc0b-19d10b052bfa,d2906efa-7c22-48c2-bc6c-d0f71f28ff12,MLQ5X_D1_SEQUENCE_1,MLQ5X_D1S1_N4_SOTO_INDICATORS,C,4,1.0,1.0,2.0,1.0,0.0,0.0,1.0,1.0,1.0
69254e7f-dbb8-46b0-bc0b-19d10b052bfa,d2906efa-7c22-48c2-bc6c-d0f71f28ff12,MLQ5X_D1_SEQUENCE_1,MLQ5X_D1S1_N5_SOFIA_PRIORITY,C,5,3.0,3.0,2.0,2.0,1.0,1.0,2.0,0.0,0.0
69254e7f-dbb8-46b0-bc0b-19d10b052bfa,d2906efa-7c22-48c2-bc6c-d0f71f28ff12,MLQ5X_D1_SEQUENCE_4,MLQ5X_D1S4_N7_RIOS_DERIVACION,A,7,3.0,3.0,3.0,4.0,3.0,2.0,0.0,0.0,0.0
69254e7f-dbb8-46b0-bc0b-19d10b052bfa,d2906efa-7c22-48c2-bc6c-d0f71f28ff12,MLQ5X_D1_SEQUENCE_4,MLQ5X_D1S4_N8_RIOS_SANCION,A,8,2.0,2.0,2.0,1.0,2.0,2.0,1.0,2.0,0.0
69254e7f-dbb8-46b0-bc0b-19d10b052bfa,d2906efa-7c22-48c2-bc6c-d0f71f28ff12,MLQ5X_D1_SEQUENCE_4,MLQ5X_D1S4_N9_SOTO_REPORTE,B,9,1.0,1.0,0.0,1.0,0.0,1.0,1.0,3.0,1.0
69254e7f-dbb8-46b0-bc0b-19d10b052bfa,d2906efa-7c22-48c2-bc6c-d0f71f28ff12,MLQ5X_D2_SEQUENCE_8,MLQ5X_D2S8_N11_SOTO_DECISION,C,11,0.0,0.0,0.0,0.0,0.0,0.0,1.0,3.0,3.0
69254e7f-dbb8-46b0-bc0b-19d10b052bfa,d2906efa-7c22-48c2-bc6c-d0f71f28ff12,MLQ5X_D1_SEQUENCE_5,MLQ5X_D1S5_N10_SOTO_PROTOCOLS,C,10,2.0,2.0,2.0,1.0,1.0,1.0,2.0,2.0,1.0
69254e7f-dbb8-46b0-bc0b-19d10b052bfa,d2906efa-7c22-48c2-bc6c-d0f71f28ff12,MLQ5X_D1_SEQUENCE_3,MLQ5X_D1S3_N6_GUZMAN_DOCENCIA,C,6,3.0,3.0,2.0,0.0,1.0,2.0,1.0,1.0,0.0
69254e7f-dbb8-46b0-bc0b-19d10b052bfa,d2906efa-7c22-48c2-bc6c-d0f71f28ff12,MLQ5X_D2_SEQUENCE_10,MLQ5X_D2S10_N13_LATE_ARRIVAL_RESPONSE,A,13,2.0,2.0,1.0,2.0,4.0,2.0,1.0,0.0,0.0
69254e7f-dbb8-46b0-bc0b-19d10b052bfa,d2906efa-7c22-48c2-bc6c-d0f71f28ff12,MLQ5X_D2_SEQUENCE_10,MLQ5X_D2S10_N14_RIOS_EXTENDED_SHIFTS,A,14,3.0,3.0,2.0,1.0,2.0,1.0,3.0,0.0,0.0
69254e7f-dbb8-46b0-bc0b-19d10b052bfa,d2906efa-7c22-48c2-bc6c-d0f71f28ff12,MLQ5X_D2_SEQUENCE_10,MLQ5X_D2S10_N15_RIOS_RESIGNATION_RISK,A,15,2.0,3.0,2.0,0.0,3.0,2.0,3.0,0.0,0.0
69254e7f-dbb8-46b0-bc0b-19d10b052bfa,d2906efa-7c22-48c2-bc6c-d0f71f28ff12,MLQ5X_D5_SEQUENCE_21,MLQ5X_D5S21_N26_SOFIA_MINOR_RECORD_ERROR,A,26,2.0,2.0,1.0,0.0,1.0,0.0,3.0,0.0,0.0
69254e7f-dbb8-46b0-bc0b-19d10b052bfa,d2906efa-7c22-48c2-bc6c-d0f71f28ff12,MLQ5X_D3_SEQUENCE_16,MLQ5X_D3S16_N21_GUZMAN_UNREGISTERED_INTERNS,A,21,3.0,3.0,2.0,1.0,3.0,1.0,1.0,0.0,0.0
69254e7f-dbb8-46b0-bc0b-19d10b052bfa,d2906efa-7c22-48c2-bc6c-d0f71f28ff12,MLQ5X_D3_SEQUENCE_16,MLQ5X_D3S16_N22_GUZMAN_CONVENIO_BOX1,B,22,2.0,2.0,0.0,0.0,1.0,2.0,2.0,2.0,1.0
69254e7f-dbb8-46b0-bc0b-19d10b052bfa,d2906efa-7c22-48c2-bc6c-d0f71f28ff12,MLQ5X_D4_SEQUENCE_20,MLQ5X_D4S20_N25_RIOS_FLEXIBILITY_REQUEST,A,25,0.0,1.0,0.0,0.0,3.0,3.0,3.0,0.0,0.0
69254e7f-dbb8-46b0-bc0b-19d10b052bfa,d2906efa-7c22-48c2-bc6c-d0f71f28ff12,MLQ5X_D5_SEQUENCE_22,MLQ5X_D5S22_N27_SOTO_MINOR_RISK_REPORT,B,27,1.0,1.0,0.0,0.0,0.0,0.0,1.0,3.0,1.0
69254e7f-dbb8-46b0-bc0b-19d10b052bfa,d2906efa-7c22-48c2-bc6c-d0f71f28ff12,MLQ5X_D5_SEQUENCE_23,MLQ5X_D5S23_N28_RIOS_TENS_PROTOCOL,A,28,2.0,2.0,2.0,1.0,2.0,0.0,1.0,0.0,0.0
69254e7f-dbb8-46b0-bc0b-19d10b052bfa,d2906efa-7c22-48c2-bc6c-d0f71f28ff12,MLQ5X_D2_SEQUENCE_11,MLQ5X_D2S11_N16_GUZMAN_VISION,A,16,3.0,3.0,3.0,3.0,3.0,1.0,0.0,0.0,0.0
69254e7f-dbb8-46b0-bc0b-19d10b052bfa,d2906efa-7c22-48c2-bc6c-d0f71f28ff12,MLQ5X_D2_SEQUENCE_11,MLQ5X_D2S11_N17_GUZMAN_PRACTICE_CUPS,A,17,3.0,3.0,3.0,2.0,0.0,1.0,2.0,0.0,0.0
69254e7f-dbb8-46b0-bc0b-19d10b052bfa,d2906efa-7c22-48c2-bc6c-d0f71f28ff12,MLQ5X_D2_SEQUENCE_9,MLQ5X_D2S9_N12_SOTO_WATER_CUT_FOLLOWUP,A,12,4.0,4.0,4.0,1.0,3.0,2.0,0.0,0.0,0.0
69254e7f-dbb8-46b0-bc0b-19d10b052bfa,d2906efa-7c22-48c2-bc6c-d0f71f28ff12,MLQ5X_D3_SEQUENCE_14,MLQ5X_D3S14_N18_SOFIA_BOX6_DECISION,A,18,3.0,3.0,1.0,0.0,1.0,3.0,2.0,0.0,0.0
69254e7f-dbb8-46b0-bc0b-19d10b052bfa,d2906efa-7c22-48c2-bc6c-d0f71f28ff12,MLQ5X_D3_SEQUENCE_14,MLQ5X_D3S14_N19_ULTRASOUND_SHARED_USE,A,19,3.0,3.0,2.0,3.0,3.0,1.0,3.0,0.0,0.0
69254e7f-dbb8-46b0-bc0b-19d10b052bfa,d2906efa-7c22-48c2-bc6c-d0f71f28ff12,MLQ5X_D3_SEQUENCE_15,MLQ5X_D3S15_N20_SOTO_ROTATING_SHIFTS_DECISION,C,20,2.0,3.0,2.0,3.0,1.0,0.0,1.0,0.0,0.0
69254e7f-dbb8-46b0-bc0b-19d10b052bfa,d2906efa-7c22-48c2-bc6c-d0f71f28ff12,MLQ5X_D3_SEQUENCE_18,MLQ5X_D3S18_N23_JAVIER_WORKLOAD,A,23,3.0,3.0,2.0,0.0,4.0,1.0,3.0,0.0,0.0
a0cff01c-c475-40cc-bfc9-3758e13aad67,13bd9378-f6a3-4e4c-8de3-9c36c285f088,MLQ5X_D3_SEQUENCE_15,MLQ5X_D3S15_N20_SOTO_ROTATING_SHIFTS_DECISION,A,20,2.0,3.0,2.0,2.0,2.0,1.0,1.0,0.0,0.0
a0cff01c-c475-40cc-bfc9-3758e13aad67,13bd9378-f6a3-4e4c-8de3-9c36c285f088,MLQ5X_D3_SEQUENCE_18,MLQ5X_D3S18_N23_JAVIER_WORKLOAD,B,23,2.0,2.0,1.0,0.0,2.0,1.0,3.0,0.0,0.0
a0cff01c-c475-40cc-bfc9-3758e13aad67,13bd9378-f6a3-4e4c-8de3-9c36c285f088,MLQ5X_D3_SEQUENCE_16,MLQ5X_D3S16_N21_GUZMAN_UNREGISTERED_INTERNS,A,21,3.0,3.0,2.0,1.0,3.0,1.0,1.0,0.0,0.0
a0cff01c-c475-40cc-bfc9-3758e13aad67,13bd9378-f6a3-4e4c-8de3-9c36c285f088,MLQ5X_D3_SEQUENCE_16,MLQ5X_D3S16_N22_GUZMAN_CONVENIO_BOX1,A,22,3.0,3.0,3.0,2.0,3.0,2.0,0.0,0.0,0.0
a0cff01c-c475-40cc-bfc9-3758e13aad67,13bd9378-f6a3-4e4c-8de3-9c36c285f088,MLQ5X_D5_SEQUENCE_21,MLQ5X_D5S21_N26_SOFIA_MINOR_RECORD_ERROR,B,26,1.0,1.0,0.0,0.0,2.0,1.0,1.0,1.0,0.0
a0cff01c-c475-40cc-bfc9-3758e13aad67,13bd9378-f6a3-4e4c-8de3-9c36c285f088,MLQ5X_D4_SEQUENCE_20,MLQ5X_D4S20_N25_RIOS_FLEXIBILITY_REQUEST,B,25,2.0,2.0,0.0,0.0,2.0,2.0,3.0,1.0,0.0
a0cff01c-c475-40cc-bfc9-3758e13aad67,13bd9378-f6a3-4e4c-8de3-9c36c285f088,MLQ5X_D5_SEQUENCE_22,MLQ5X_D5S22_N27_SOTO_MINOR_RISK_REPORT,B,27,1.0,1.0,0.0,0.0,0.0,0.0,1.0,3.0,1.0
a0cff01c-c475-40cc-bfc9-3758e13aad67,13bd9378-f6a3-4e4c-8de3-9c36c285f088,MLQ5X_D5_SEQUENCE_23,MLQ5X_D5S23_N28_RIOS_TENS_PROTOCOL,B,28,2.0,2.0,2.0,2.0,3.0,1.0,1.0,0.0,0.0
fa0a664b-90a0-4c0d-8065-9c0556741ddb,21244fdf-80ee-4b8e-b6da-81da840132b3,MLQ5X_D2_SEQUENCE_8,MLQ5X_D2S8_N11_SOTO_DECISION,A,11,3.0,4.0,2.0,2.0,2.0,2.0,3.0,0.0,0.0
fa0a664b-90a0-4c0d-8065-9c0556741ddb,21244fdf-80ee-4b8e-b6da-81da840132b3,MLQ5X_D2_SEQUENCE_10,MLQ5X_D2S10_N13_LATE_ARRIVAL_RESPONSE,B,13,3.0,4.0,4.0,3.0,2.0,2.0,1.0,0.0,0.0
fa0a664b-90a0-4c0d-8065-9c0556741ddb,21244fdf-80ee-4b8e-b6da-81da840132b3,MLQ5X_D2_SEQUENCE_10,MLQ5X_D2S10_N14_RIOS_EXTENDED_SHIFTS,A,14,3.0,3.0,2.0,1.0,2.0,1.0,3.0,0.0,0.0
fa0a664b-90a0-4c0d-8065-9c0556741ddb,21244fdf-80ee-4b8e-b6da-81da840132b3,MLQ5X_D2_SEQUENCE_10,MLQ5X_D2S10_N15_RIOS_RESIGNATION_RISK,B,15,2.0,2.0,1.0,3.0,2.0,0.0,2.0,0.0,0.0
fa0a664b-90a0-4c0d-8065-9c0556741ddb,21244fdf-80ee-4b8e-b6da-81da840132b3,MLQ5X_D2_SEQUENCE_9,MLQ5X_D2S9_N12_SOTO_WATER_CUT_FOLLOWUP,A,12,4.0,4.0,4.0,1.0,3.0,2.0,0.0,0.0,0.0
fa0a664b-90a0-4c0d-8065-9c0556741ddb,21244fdf-80ee-4b8e-b6da-81da840132b3,MLQ5X_D2_SEQUENCE_11,MLQ5X_D2S11_N16_GUZMAN_VISION,C,16,0.0,1.0,0.0,0.0,0.0,2.0,3.0,1.0,0.0
fa0a664b-90a0-4c0d-8065-9c0556741ddb,21244fdf-80ee-4b8e-b6da-81da840132b3,MLQ5X_D2_SEQUENCE_11,MLQ5X_D2S11_N17_GUZMAN_PRACTICE_CUPS,A,17,3.0,3.0,3.0,2.0,0.0,1.0,2.0,0.0,0.0
fa0a664b-90a0-4c0d-8065-9c0556741ddb,21244fdf-80ee-4b8e-b6da-81da840132b3,MLQ5X_D3_SEQUENCE_14,MLQ5X_D3S14_N18_SOFIA_BOX6_DECISION,A,18,3.0,3.0,1.0,0.0,1.0,3.0,2.0,0.0,0.0
fa0a664b-90a0-4c0d-8065-9c0556741ddb,21244fdf-80ee-4b8e-b6da-81da840132b3,MLQ5X_D3_SEQUENCE_14,MLQ5X_D3S14_N19_ULTRASOUND_SHARED_USE,A,19,3.0,3.0,2.0,3.0,3.0,1.0,3.0,0.0,0.0
fa0a664b-90a0-4c0d-8065-9c0556741ddb,21244fdf-80ee-4b8e-b6da-81da840132b3,MLQ5X_D3_SEQUENCE_15,MLQ5X_D3S15_N20_SOTO_ROTATING_SHIFTS_DECISION,A,20,2.0,3.0,2.0,2.0,2.0,1.0,1.0,0.0,0.0
fa0a664b-90a0-4c0d-8065-9c0556741ddb,21244fdf-80ee-4b8e-b6da-81da840132b3,MLQ5X_D3_SEQUENCE_18,MLQ5X_D3S18_N23_JAVIER_WORKLOAD,A,23,3.0,3.0,2.0,0.0,4.0,1.0,3.0,0.0,0.0
fa0a664b-90a0-4c0d-8065-9c0556741ddb,21244fdf-80ee-4b8e-b6da-81da840132b3,MLQ5X_D3_SEQUENCE_16,MLQ5X_D3S16_N21_GUZMAN_UNREGISTERED_INTERNS,C,21,2.0,2.0,0.0,0.0,0.0,1.0,3.0,1.0,0.0
fa0a664b-90a0-4c0d-8065-9c0556741ddb,21244fdf-80ee-4b8e-b6da-81da840132b3,MLQ5X_D3_SEQUENCE_16,MLQ5X_D3S16_N22_GUZMAN_CONVENIO_BOX1,C,22,0.0,0.0,0.0,0.0,0.0,0.0,0.0,3.0,4.0
fa0a664b-90a0-4c0d-8065-9c0556741ddb,21244fdf-80ee-4b8e-b6da-81da840132b3,MLQ5X_D5_SEQUENCE_21,MLQ5X_D5S21_N26_SOFIA_MINOR_RECORD_ERROR,A,26,2.0,2.0,1.0,0.0,1.0,0.0,3.0,0.0,0.0
fa0a664b-90a0-4c0d-8065-9c0556741ddb,21244fdf-80ee-4b8e-b6da-81da840132b3,MLQ5X_D4_SEQUENCE_20,MLQ5X_D4S20_N25_RIOS_FLEXIBILITY_REQUEST,B,25,2.0,2.0,0.0,0.0,2.0,2.0,3.0,1.0,0.0
fa0a664b-90a0-4c0d-8065-9c0556741ddb,21244fdf-80ee-4b8e-b6da-81da840132b3,MLQ5X_D5_SEQUENCE_22,MLQ5X_D5S22_N27_SOTO_MINOR_RISK_REPORT,B,27,1.0,1.0,0.0,0.0,0.0,0.0,1.0,3.0,1.0
fa0a664b-90a0-4c0d-8065-9c0556741ddb,21244fdf-80ee-4b8e-b6da-81da840132b3,MLQ5X_D5_SEQUENCE_23,MLQ5X_D5S23_N28_RIOS_TENS_PROTOCOL,B,28,2.0,2.0,2.0,2.0,3.0,1.0,1.0,0.0,0.0
3a2d9f77-e475-4849-b084-3c2f1c5f2be1,982c3edf-bb52-4e85-b91e-40e8a37454f1,MLQ5X_D1_SEQUENCE_1,MLQ5X_D1S1_N1_RIOS_CHOICE,C,1,0.0,0.0,1.0,0.0,0.0,0.0,0.0,2.0,2.0
ea404ae2-3f12-4df9-bd60-ef021301bc8b,8a5734f7-b144-4ada-bc5e-ae748a9487ae,MLQ5X_D1_SEQUENCE_1,MLQ5X_D1S1_N1_RIOS_CHOICE,C,1,0.0,0.0,1.0,0.0,0.0,0.0,0.0,2.0,2.0
0eb44534-f661-4d15-9473-a5bcf8fcf73f,9b8b9750-78a6-43ff-8a08-4473af2bce40,MLQ5X_D1_SEQUENCE_1,MLQ5X_D1S1_N1_RIOS_CHOICE,A,1,3.0,4.0,3.0,1.0,2.0,1.0,2.0,0.0,0.0
0eb44534-f661-4d15-9473-a5bcf8fcf73f,9b8b9750-78a6-43ff-8a08-4473af2bce40,MLQ5X_D1_SEQUENCE_1,MLQ5X_D1S1_N2_GUZMAN_DOCENCIA,B,2,0.0,0.0,0.0,0.0,0.0,0.0,1.0,3.0,3.0
0eb44534-f661-4d15-9473-a5bcf8fcf73f,9b8b9750-78a6-43ff-8a08-4473af2bce40,MLQ5X_D1_SEQUENCE_1,MLQ5X_D1S1_N3_RIOS_PROTOCOLS,B,3,0.0,0.0,0.0,0.0,0.0,0.0,0.0,3.0,3.0
3b3884c2-7c88-4ad3-b52b-a6bb214a009b,609539be-f391-47b1-a5b1-155cd1830b23,MLQ5X_D2_SEQUENCE_11,MLQ5X_D2S11_N16_GUZMAN_VISION,A,16,3.0,3.0,3.0,3.0,3.0,1.0,0.0,0.0,0.0
3b3884c2-7c88-4ad3-b52b-a6bb214a009b,609539be-f391-47b1-a5b1-155cd1830b23,MLQ5X_D2_SEQUENCE_11,MLQ5X_D2S11_N17_GUZMAN_PRACTICE_CUPS,B,17,2.0,1.0,0.0,0.0,1.0,1.0,3.0,0.0,0.0
3b3884c2-7c88-4ad3-b52b-a6bb214a009b,609539be-f391-47b1-a5b1-155cd1830b23,MLQ5X_D3_SEQUENCE_14,MLQ5X_D3S14_N18_SOFIA_BOX6_DECISION,A,18,3.0,3.0,1.0,0.0,1.0,3.0,2.0,0.0,0.0
3b3884c2-7c88-4ad3-b52b-a6bb214a009b,609539be-f391-47b1-a5b1-155cd1830b23,MLQ5X_D3_SEQUENCE_14,MLQ5X_D3S14_N19_ULTRASOUND_SHARED_USE,A,19,3.0,3.0,2.0,3.0,3.0,1.0,3.0,0.0,0.0
3b3884c2-7c88-4ad3-b52b-a6bb214a009b,609539be-f391-47b1-a5b1-155cd1830b23,MLQ5X_D3_SEQUENCE_15,MLQ5X_D3S15_N20_SOTO_ROTATING_SHIFTS_DECISION,C,20,2.0,3.0,2.0,3.0,1.0,0.0,1.0,0.0,0.0
3b3884c2-7c88-4ad3-b52b-a6bb214a009b,609539be-f391-47b1-a5b1-155cd1830b23,MLQ5X_D3_SEQUENCE_18,MLQ5X_D3S18_N23_JAVIER_WORKLOAD,B,23,2.0,2.0,1.0,0.0,2.0,1.0,3.0,0.0,0.0
638a45b9-95be-4947-9c4d-2ec7c4bfe296,f456dbc4-4276-4ded-861c-5f7e367a3287,MLQ5X_D1_SEQUENCE_1,MLQ5X_D1S1_N2_GUZMAN_DOCENCIA,A,2,4.0,4.0,2.0,0.0,4.0,1.0,2.0,0.0,0.0
638a45b9-95be-4947-9c4d-2ec7c4bfe296,f456dbc4-4276-4ded-861c-5f7e367a3287,MLQ5X_D1_SEQUENCE_1,MLQ5X_D1S1_N3_RIOS_PROTOCOLS,C,3,1.0,1.0,1.0,0.0,0.0,1.0,3.0,1.0,0.0
638a45b9-95be-4947-9c4d-2ec7c4bfe296,f456dbc4-4276-4ded-861c-5f7e367a3287,MLQ5X_D1_SEQUENCE_1,MLQ5X_D1S1_N4_SOTO_INDICATORS,B,4,1.0,0.0,1.0,1.0,1.0,1.0,1.0,0.0,0.0
638a45b9-95be-4947-9c4d-2ec7c4bfe296,f456dbc4-4276-4ded-861c-5f7e367a3287,MLQ5X_D1_SEQUENCE_1,MLQ5X_D1S1_N5_SOFIA_PRIORITY,B,5,3.0,1.0,2.0,1.0,1.0,1.0,4.0,0.0,0.0
638a45b9-95be-4947-9c4d-2ec7c4bfe296,f456dbc4-4276-4ded-861c-5f7e367a3287,MLQ5X_D1_SEQUENCE_5,MLQ5X_D1S5_N10_SOTO_PROTOCOLS,C,10,2.0,2.0,2.0,1.0,1.0,1.0,2.0,2.0,1.0
638a45b9-95be-4947-9c4d-2ec7c4bfe296,f456dbc4-4276-4ded-861c-5f7e367a3287,MLQ5X_D1_SEQUENCE_3,MLQ5X_D1S3_N6_GUZMAN_DOCENCIA,A,6,3.0,2.0,3.0,2.0,3.0,0.0,0.0,0.0,0.0
638a45b9-95be-4947-9c4d-2ec7c4bfe296,f456dbc4-4276-4ded-861c-5f7e367a3287,MLQ5X_D2_SEQUENCE_8,MLQ5X_D2S8_N11_SOTO_DECISION,C,11,0.0,0.0,0.0,0.0,0.0,0.0,1.0,3.0,3.0
638a45b9-95be-4947-9c4d-2ec7c4bfe296,f456dbc4-4276-4ded-861c-5f7e367a3287,MLQ5X_D1_SEQUENCE_4,MLQ5X_D1S4_N7_RIOS_DERIVACION,B,7,0.0,0.0,0.0,0.0,1.0,0.0,1.0,2.0,2.0
638a45b9-95be-4947-9c4d-2ec7c4bfe296,f456dbc4-4276-4ded-861c-5f7e367a3287,MLQ5X_D1_SEQUENCE_4,MLQ5X_D1S4_N8_RIOS_SANCION,A,8,2.0,2.0,2.0,1.0,2.0,2.0,1.0,2.0,0.0
638a45b9-95be-4947-9c4d-2ec7c4bfe296,f456dbc4-4276-4ded-861c-5f7e367a3287,MLQ5X_D1_SEQUENCE_4,MLQ5X_D1S4_N9_SOTO_REPORTE,A,9,2.0,3.0,2.0,2.0,2.0,2.0,2.0,0.0,0.0
638a45b9-95be-4947-9c4d-2ec7c4bfe296,f456dbc4-4276-4ded-861c-5f7e367a3287,MLQ5X_D2_SEQUENCE_10,MLQ5X_D2S10_N13_LATE_ARRIVAL_RESPONSE,B,13,3.0,4.0,4.0,3.0,2.0,2.0,1.0,0.0,0.0
638a45b9-95be-4947-9c4d-2ec7c4bfe296,f456dbc4-4276-4ded-861c-5f7e367a3287,MLQ5X_D2_SEQUENCE_10,MLQ5X_D2S10_N14_RIOS_EXTENDED_SHIFTS,A,14,3.0,3.0,2.0,1.0,2.0,1.0,3.0,0.0,0.0
638a45b9-95be-4947-9c4d-2ec7c4bfe296,f456dbc4-4276-4ded-861c-5f7e367a3287,MLQ5X_D2_SEQUENCE_10,MLQ5X_D2S10_N15_RIOS_RESIGNATION_RISK,A,15,2.0,3.0,2.0,0.0,3.0,2.0,3.0,0.0,0.0
638a45b9-95be-4947-9c4d-2ec7c4bfe296,f456dbc4-4276-4ded-861c-5f7e367a3287,MLQ5X_D2_SEQUENCE_9,MLQ5X_D2S9_N12_SOTO_WATER_CUT_FOLLOWUP,A,12,4.0,4.0,4.0,1.0,3.0,2.0,0.0,0.0,0.0
638a45b9-95be-4947-9c4d-2ec7c4bfe296,f456dbc4-4276-4ded-861c-5f7e367a3287,MLQ5X_D2_SEQUENCE_11,MLQ5X_D2S11_N16_GUZMAN_VISION,A,16,3.0,3.0,3.0,3.0,3.0,1.0,0.0,0.0,0.0
638a45b9-95be-4947-9c4d-2ec7c4bfe296,f456dbc4-4276-4ded-861c-5f7e367a3287,MLQ5X_D2_SEQUENCE_11,MLQ5X_D2S11_N17_GUZMAN_PRACTICE_CUPS,A,17,3.0,3.0,3.0,2.0,0.0,1.0,2.0,0.0,0.0
638a45b9-95be-4947-9c4d-2ec7c4bfe296,f456dbc4-4276-4ded-861c-5f7e367a3287,MLQ5X_D3_SEQUENCE_14,MLQ5X_D3S14_N18_SOFIA_BOX6_DECISION,A,18,3.0,3.0,1.0,0.0,1.0,3.0,2.0,0.0,0.0
638a45b9-95be-4947-9c4d-2ec7c4bfe296,f456dbc4-4276-4ded-861c-5f7e367a3287,MLQ5X_D3_SEQUENCE_14,MLQ5X_D3S14_N19_ULTRASOUND_SHARED_USE,A,19,3.0,3.0,2.0,3.0,3.0,1.0,3.0,0.0,0.0
638a45b9-95be-4947-9c4d-2ec7c4bfe296,f456dbc4-4276-4ded-861c-5f7e367a3287,MLQ5X_D3_SEQUENCE_15,MLQ5X_D3S15_N20_SOTO_ROTATING_SHIFTS_DECISION,C,20,2.0,3.0,2.0,3.0,1.0,0.0,1.0,0.0,0.0
638a45b9-95be-4947-9c4d-2ec7c4bfe296,f456dbc4-4276-4ded-861c-5f7e367a3287,MLQ5X_D3_SEQUENCE_18,MLQ5X_D3S18_N23_JAVIER_WORKLOAD,B,23,2.0,2.0,1.0,0.0,2.0,1.0,3.0,0.0,0.0
638a45b9-95be-4947-9c4d-2ec7c4bfe296,f456dbc4-4276-4ded-861c-5f7e367a3287,MLQ5X_D3_SEQUENCE_16,MLQ5X_D3S16_N21_GUZMAN_UNREGISTERED_INTERNS,C,21,2.0,2.0,0.0,0.0,0.0,1.0,3.0,1.0,0.0
3b3884c2-7c88-4ad3-b52b-a6bb214a009b,609539be-f391-47b1-a5b1-155cd1830b23,MLQ5X_D4_SEQUENCE_20,MLQ5X_D4S20_N25_RIOS_FLEXIBILITY_REQUEST,B,25,2.0,2.0,0.0,0.0,2.0,2.0,3.0,1.0,0.0
a07c8211-f82e-477a-bbab-0fb9ba09b056,5c28471e-4f8e-4b9e-b87c-57070f2e03da,MLQ5X_D3_SEQUENCE_16,MLQ5X_D3S16_N21_GUZMAN_UNREGISTERED_INTERNS,A,21,3.0,3.0,2.0,1.0,3.0,1.0,1.0,0.0,0.0
638a45b9-95be-4947-9c4d-2ec7c4bfe296,f456dbc4-4276-4ded-861c-5f7e367a3287,MLQ5X_D3_SEQUENCE_16,MLQ5X_D3S16_N22_GUZMAN_CONVENIO_BOX1,B,22,2.0,2.0,0.0,0.0,1.0,2.0,2.0,2.0,1.0
0eb44534-f661-4d15-9473-a5bcf8fcf73f,9b8b9750-78a6-43ff-8a08-4473af2bce40,MLQ5X_D1_SEQUENCE_1,MLQ5X_D1S1_N4_SOTO_INDICATORS,A,4,3.0,3.0,2.0,2.0,2.0,0.0,2.0,1.0,1.0
0eb44534-f661-4d15-9473-a5bcf8fcf73f,9b8b9750-78a6-43ff-8a08-4473af2bce40,MLQ5X_D1_SEQUENCE_1,MLQ5X_D1S1_N5_SOFIA_PRIORITY,C,5,3.0,3.0,2.0,2.0,1.0,1.0,2.0,0.0,0.0
ea404ae2-3f12-4df9-bd60-ef021301bc8b,8a5734f7-b144-4ada-bc5e-ae748a9487ae,MLQ5X_D1_SEQUENCE_1,MLQ5X_D1S1_N2_GUZMAN_DOCENCIA,C,2,2.0,2.0,1.0,0.0,1.0,1.0,4.0,0.0,0.0
e0e00339-5d78-4ceb-8926-4d3f6e23005a,92332051-d2fa-45e5-aae5-d0a7e295ac41,MLQ5X_D1_SEQUENCE_1,MLQ5X_D1S1_N1_RIOS_CHOICE,C,1,0.0,0.0,1.0,0.0,0.0,0.0,0.0,2.0,2.0
0c744c4c-f7ec-4b00-9f1a-ecc089df9110,4f7d4323-4588-4fd1-964e-049ce8bd3765,MLQ5X_D3_SEQUENCE_18,MLQ5X_D3S18_N23_JAVIER_WORKLOAD,B,23,2.0,2.0,1.0,0.0,2.0,1.0,3.0,0.0,0.0
0c744c4c-f7ec-4b00-9f1a-ecc089df9110,4f7d4323-4588-4fd1-964e-049ce8bd3765,MLQ5X_D3_SEQUENCE_16,MLQ5X_D3S16_N21_GUZMAN_UNREGISTERED_INTERNS,B,21,1.0,0.0,0.0,0.0,0.0,0.0,0.0,4.0,3.0
0c744c4c-f7ec-4b00-9f1a-ecc089df9110,4f7d4323-4588-4fd1-964e-049ce8bd3765,MLQ5X_D3_SEQUENCE_16,MLQ5X_D3S16_N22_GUZMAN_CONVENIO_BOX1,B,22,2.0,2.0,0.0,0.0,1.0,2.0,2.0,2.0,1.0
0c744c4c-f7ec-4b00-9f1a-ecc089df9110,4f7d4323-4588-4fd1-964e-049ce8bd3765,MLQ5X_D5_SEQUENCE_21,MLQ5X_D5S21_N26_SOFIA_MINOR_RECORD_ERROR,B,26,1.0,1.0,0.0,0.0,2.0,1.0,1.0,1.0,0.0
0c744c4c-f7ec-4b00-9f1a-ecc089df9110,4f7d4323-4588-4fd1-964e-049ce8bd3765,MLQ5X_D4_SEQUENCE_20,MLQ5X_D4S20_N25_RIOS_FLEXIBILITY_REQUEST,A,25,0.0,1.0,0.0,0.0,3.0,3.0,3.0,0.0,0.0
0c744c4c-f7ec-4b00-9f1a-ecc089df9110,4f7d4323-4588-4fd1-964e-049ce8bd3765,MLQ5X_D5_SEQUENCE_22,MLQ5X_D5S22_N27_SOTO_MINOR_RISK_REPORT,B,27,1.0,1.0,0.0,0.0,0.0,0.0,1.0,3.0,1.0
638a45b9-95be-4947-9c4d-2ec7c4bfe296,f456dbc4-4276-4ded-861c-5f7e367a3287,MLQ5X_D5_SEQUENCE_21,MLQ5X_D5S21_N26_SOFIA_MINOR_RECORD_ERROR,A,26,2.0,2.0,1.0,0.0,1.0,0.0,3.0,0.0,0.0
638a45b9-95be-4947-9c4d-2ec7c4bfe296,f456dbc4-4276-4ded-861c-5f7e367a3287,MLQ5X_D4_SEQUENCE_20,MLQ5X_D4S20_N25_RIOS_FLEXIBILITY_REQUEST,B,25,2.0,2.0,0.0,0.0,2.0,2.0,3.0,1.0,0.0
638a45b9-95be-4947-9c4d-2ec7c4bfe296,f456dbc4-4276-4ded-861c-5f7e367a3287,MLQ5X_D5_SEQUENCE_22,MLQ5X_D5S22_N27_SOTO_MINOR_RISK_REPORT,B,27,1.0,1.0,0.0,0.0,0.0,0.0,1.0,3.0,1.0
bdd2c114-d8fb-4fe0-a897-90ad379f7b30,f60c5c62-6d29-49ca-af78-1b060281a714,MLQ5X_D1_SEQUENCE_1,MLQ5X_D1S1_N3_RIOS_PROTOCOLS,A,3,3.0,3.0,3.0,3.0,3.0,1.0,3.0,0.0,0.0
bdd2c114-d8fb-4fe0-a897-90ad379f7b30,f60c5c62-6d29-49ca-af78-1b060281a714,MLQ5X_D1_SEQUENCE_1,MLQ5X_D1S1_N1_RIOS_CHOICE,B,1,1.0,0.0,1.0,0.0,0.0,0.0,0.0,3.0,3.0
bdd2c114-d8fb-4fe0-a897-90ad379f7b30,f60c5c62-6d29-49ca-af78-1b060281a714,MLQ5X_D1_SEQUENCE_1,MLQ5X_D1S1_N2_GUZMAN_DOCENCIA,C,2,2.0,2.0,1.0,0.0,1.0,1.0,4.0,0.0,0.0
bdd2c114-d8fb-4fe0-a897-90ad379f7b30,f60c5c62-6d29-49ca-af78-1b060281a714,MLQ5X_D1_SEQUENCE_1,MLQ5X_D1S1_N3_RIOS_PROTOCOLS,C,3,1.0,1.0,1.0,0.0,0.0,1.0,3.0,1.0,0.0
bdd2c114-d8fb-4fe0-a897-90ad379f7b30,f60c5c62-6d29-49ca-af78-1b060281a714,MLQ5X_D1_SEQUENCE_1,MLQ5X_D1S1_N4_SOTO_INDICATORS,C,4,1.0,1.0,2.0,1.0,0.0,0.0,1.0,1.0,1.0
bdd2c114-d8fb-4fe0-a897-90ad379f7b30,f60c5c62-6d29-49ca-af78-1b060281a714,MLQ5X_D1_SEQUENCE_1,MLQ5X_D1S1_N5_SOFIA_PRIORITY,A,5,1.0,2.0,1.0,0.0,2.0,1.0,2.0,1.0,0.0
bdd2c114-d8fb-4fe0-a897-90ad379f7b30,f60c5c62-6d29-49ca-af78-1b060281a714,MLQ5X_D2_SEQUENCE_8,MLQ5X_D2S8_N11_SOTO_DECISION,C,11,0.0,0.0,0.0,0.0,0.0,0.0,1.0,3.0,3.0
bdd2c114-d8fb-4fe0-a897-90ad379f7b30,f60c5c62-6d29-49ca-af78-1b060281a714,MLQ5X_D2_SEQUENCE_10,MLQ5X_D2S10_N13_LATE_ARRIVAL_RESPONSE,A,13,2.0,2.0,1.0,2.0,4.0,2.0,1.0,0.0,0.0
bdd2c114-d8fb-4fe0-a897-90ad379f7b30,f60c5c62-6d29-49ca-af78-1b060281a714,MLQ5X_D2_SEQUENCE_10,MLQ5X_D2S10_N14_RIOS_EXTENDED_SHIFTS,B,14,1.0,0.0,0.0,0.0,1.0,0.0,2.0,2.0,0.0
bdd2c114-d8fb-4fe0-a897-90ad379f7b30,f60c5c62-6d29-49ca-af78-1b060281a714,MLQ5X_D2_SEQUENCE_10,MLQ5X_D2S10_N15_RIOS_RESIGNATION_RISK,C,15,0.0,0.0,0.0,0.0,0.0,0.0,0.0,3.0,4.0
bdd2c114-d8fb-4fe0-a897-90ad379f7b30,f60c5c62-6d29-49ca-af78-1b060281a714,MLQ5X_D2_SEQUENCE_9,MLQ5X_D2S9_N12_SOTO_WATER_CUT_FOLLOWUP,B,12,2.0,3.0,2.0,0.0,1.0,2.0,2.0,1.0,0.0
bdd2c114-d8fb-4fe0-a897-90ad379f7b30,f60c5c62-6d29-49ca-af78-1b060281a714,MLQ5X_D2_SEQUENCE_11,MLQ5X_D2S11_N16_GUZMAN_VISION,B,16,1.0,1.0,0.0,0.0,2.0,0.0,0.0,2.0,1.0
bdd2c114-d8fb-4fe0-a897-90ad379f7b30,f60c5c62-6d29-49ca-af78-1b060281a714,MLQ5X_D2_SEQUENCE_11,MLQ5X_D2S11_N17_GUZMAN_PRACTICE_CUPS,B,17,2.0,1.0,0.0,0.0,1.0,1.0,3.0,0.0,0.0
bdd2c114-d8fb-4fe0-a897-90ad379f7b30,f60c5c62-6d29-49ca-af78-1b060281a714,MLQ5X_D3_SEQUENCE_14,MLQ5X_D3S14_N18_SOFIA_BOX6_DECISION,A,18,3.0,3.0,1.0,0.0,1.0,3.0,2.0,0.0,0.0
bdd2c114-d8fb-4fe0-a897-90ad379f7b30,f60c5c62-6d29-49ca-af78-1b060281a714,MLQ5X_D3_SEQUENCE_14,MLQ5X_D3S14_N19_ULTRASOUND_SHARED_USE,A,19,3.0,3.0,2.0,3.0,3.0,1.0,3.0,0.0,0.0
bdd2c114-d8fb-4fe0-a897-90ad379f7b30,f60c5c62-6d29-49ca-af78-1b060281a714,MLQ5X_D1_SEQUENCE_4,MLQ5X_D1S4_N7_RIOS_DERIVACION,A,7,3.0,3.0,3.0,4.0,3.0,2.0,0.0,0.0,0.0
bdd2c114-d8fb-4fe0-a897-90ad379f7b30,f60c5c62-6d29-49ca-af78-1b060281a714,MLQ5X_D1_SEQUENCE_4,MLQ5X_D1S4_N8_RIOS_SANCION,B,8,2.0,2.0,2.0,0.0,1.0,2.0,2.0,2.0,0.0
bdd2c114-d8fb-4fe0-a897-90ad379f7b30,f60c5c62-6d29-49ca-af78-1b060281a714,MLQ5X_D1_SEQUENCE_4,MLQ5X_D1S4_N9_SOTO_REPORTE,A,9,2.0,3.0,2.0,2.0,2.0,2.0,2.0,0.0,0.0
bdd2c114-d8fb-4fe0-a897-90ad379f7b30,f60c5c62-6d29-49ca-af78-1b060281a714,MLQ5X_D1_SEQUENCE_5,MLQ5X_D1S5_N10_SOTO_PROTOCOLS,A,10,0.0,0.0,0.0,0.0,0.0,0.0,1.0,3.0,2.0
bdd2c114-d8fb-4fe0-a897-90ad379f7b30,f60c5c62-6d29-49ca-af78-1b060281a714,MLQ5X_D1_SEQUENCE_3,MLQ5X_D1S3_N6_GUZMAN_DOCENCIA,A,6,3.0,2.0,3.0,2.0,3.0,0.0,0.0,0.0,0.0
bdd2c114-d8fb-4fe0-a897-90ad379f7b30,f60c5c62-6d29-49ca-af78-1b060281a714,MLQ5X_D3_SEQUENCE_15,MLQ5X_D3S15_N20_SOTO_ROTATING_SHIFTS_DECISION,B,20,2.0,2.0,0.0,0.0,0.0,2.0,3.0,1.0,0.0
bdd2c114-d8fb-4fe0-a897-90ad379f7b30,f60c5c62-6d29-49ca-af78-1b060281a714,MLQ5X_D3_SEQUENCE_18,MLQ5X_D3S18_N23_JAVIER_WORKLOAD,A,23,3.0,3.0,2.0,0.0,4.0,1.0,3.0,0.0,0.0
bdd2c114-d8fb-4fe0-a897-90ad379f7b30,f60c5c62-6d29-49ca-af78-1b060281a714,MLQ5X_D3_SEQUENCE_16,MLQ5X_D3S16_N21_GUZMAN_UNREGISTERED_INTERNS,C,21,2.0,2.0,0.0,0.0,0.0,1.0,3.0,1.0,0.0
bdd2c114-d8fb-4fe0-a897-90ad379f7b30,f60c5c62-6d29-49ca-af78-1b060281a714,MLQ5X_D3_SEQUENCE_16,MLQ5X_D3S16_N22_GUZMAN_CONVENIO_BOX1,A,22,3.0,3.0,3.0,2.0,3.0,2.0,0.0,0.0,0.0
bdd2c114-d8fb-4fe0-a897-90ad379f7b30,f60c5c62-6d29-49ca-af78-1b060281a714,MLQ5X_D4_SEQUENCE_19,MLQ5X_D4S19_N24_GUZMAN_BOX1_BROKEN_PROMISE,A,24,3.0,3.0,2.0,1.0,3.0,2.0,1.0,0.0,0.0
bdd2c114-d8fb-4fe0-a897-90ad379f7b30,f60c5c62-6d29-49ca-af78-1b060281a714,MLQ5X_D5_SEQUENCE_21,MLQ5X_D5S21_N26_SOFIA_MINOR_RECORD_ERROR,A,26,2.0,2.0,1.0,0.0,1.0,0.0,3.0,0.0,0.0
bdd2c114-d8fb-4fe0-a897-90ad379f7b30,f60c5c62-6d29-49ca-af78-1b060281a714,MLQ5X_D4_SEQUENCE_20,MLQ5X_D4S20_N25_RIOS_FLEXIBILITY_REQUEST,A,25,0.0,1.0,0.0,0.0,3.0,3.0,3.0,0.0,0.0
bdd2c114-d8fb-4fe0-a897-90ad379f7b30,f60c5c62-6d29-49ca-af78-1b060281a714,MLQ5X_D5_SEQUENCE_22,MLQ5X_D5S22_N27_SOTO_MINOR_RISK_REPORT,A,27,1.0,1.0,0.0,0.0,0.0,1.0,2.0,3.0,2.0
bdd2c114-d8fb-4fe0-a897-90ad379f7b30,f60c5c62-6d29-49ca-af78-1b060281a714,MLQ5X_D5_SEQUENCE_23,MLQ5X_D5S23_N28_RIOS_TENS_PROTOCOL,B,28,2.0,2.0,2.0,2.0,3.0,1.0,1.0,0.0,0.0
638a45b9-95be-4947-9c4d-2ec7c4bfe296,f456dbc4-4276-4ded-861c-5f7e367a3287,MLQ5X_D5_SEQUENCE_23,MLQ5X_D5S23_N28_RIOS_TENS_PROTOCOL,B,28,2.0,2.0,2.0,2.0,3.0,1.0,1.0,0.0,0.0
8064c2fd-6e57-47d2-90b8-37d61d61ed3c,087b237f-c46e-4753-8c1f-f168bba6c3a7,MLQ5X_D2_SEQUENCE_10,MLQ5X_D2S10_N13_LATE_ARRIVAL_RESPONSE,A,13,2.0,2.0,1.0,2.0,4.0,2.0,1.0,0.0,0.0
8064c2fd-6e57-47d2-90b8-37d61d61ed3c,087b237f-c46e-4753-8c1f-f168bba6c3a7,MLQ5X_D2_SEQUENCE_10,MLQ5X_D2S10_N14_RIOS_EXTENDED_SHIFTS,A,14,3.0,3.0,2.0,1.0,2.0,1.0,3.0,0.0,0.0
8064c2fd-6e57-47d2-90b8-37d61d61ed3c,087b237f-c46e-4753-8c1f-f168bba6c3a7,MLQ5X_D2_SEQUENCE_10,MLQ5X_D2S10_N15_RIOS_RESIGNATION_RISK,B,15,2.0,2.0,1.0,3.0,2.0,0.0,2.0,0.0,0.0
8064c2fd-6e57-47d2-90b8-37d61d61ed3c,087b237f-c46e-4753-8c1f-f168bba6c3a7,MLQ5X_D2_SEQUENCE_11,MLQ5X_D2S11_N16_GUZMAN_VISION,A,16,3.0,3.0,3.0,3.0,3.0,1.0,0.0,0.0,0.0
8064c2fd-6e57-47d2-90b8-37d61d61ed3c,087b237f-c46e-4753-8c1f-f168bba6c3a7,MLQ5X_D2_SEQUENCE_11,MLQ5X_D2S11_N17_GUZMAN_PRACTICE_CUPS,C,17,1.0,0.0,0.0,0.0,0.0,0.0,2.0,2.0,1.0
8064c2fd-6e57-47d2-90b8-37d61d61ed3c,087b237f-c46e-4753-8c1f-f168bba6c3a7,MLQ5X_D2_SEQUENCE_9,MLQ5X_D2S9_N12_SOTO_WATER_CUT_FOLLOWUP,A,12,4.0,4.0,4.0,1.0,3.0,2.0,0.0,0.0,0.0
8064c2fd-6e57-47d2-90b8-37d61d61ed3c,087b237f-c46e-4753-8c1f-f168bba6c3a7,MLQ5X_D3_SEQUENCE_14,MLQ5X_D3S14_N18_SOFIA_BOX6_DECISION,B,18,1.0,1.0,0.0,0.0,0.0,1.0,2.0,2.0,1.0
877dbe1e-17dc-4775-8310-320f30a5c494,a3960bdb-165e-4b3c-afd8-69910858513a,MLQ5X_D1_SEQUENCE_1,MLQ5X_D1S1_N1_RIOS_CHOICE,C,1,0.0,0.0,1.0,0.0,0.0,0.0,0.0,2.0,2.0
877dbe1e-17dc-4775-8310-320f30a5c494,a3960bdb-165e-4b3c-afd8-69910858513a,MLQ5X_D1_SEQUENCE_1,MLQ5X_D1S1_N2_GUZMAN_DOCENCIA,C,2,2.0,2.0,1.0,0.0,1.0,1.0,4.0,0.0,0.0
877dbe1e-17dc-4775-8310-320f30a5c494,a3960bdb-165e-4b3c-afd8-69910858513a,MLQ5X_D1_SEQUENCE_1,MLQ5X_D1S1_N3_RIOS_PROTOCOLS,A,3,3.0,3.0,3.0,3.0,3.0,1.0,3.0,0.0,0.0
877dbe1e-17dc-4775-8310-320f30a5c494,a3960bdb-165e-4b3c-afd8-69910858513a,MLQ5X_D1_SEQUENCE_1,MLQ5X_D1S1_N4_SOTO_INDICATORS,B,4,1.0,0.0,1.0,1.0,1.0,1.0,1.0,0.0,0.0
877dbe1e-17dc-4775-8310-320f30a5c494,a3960bdb-165e-4b3c-afd8-69910858513a,MLQ5X_D1_SEQUENCE_1,MLQ5X_D1S1_N5_SOFIA_PRIORITY,B,5,3.0,1.0,2.0,1.0,1.0,1.0,4.0,0.0,0.0
877dbe1e-17dc-4775-8310-320f30a5c494,a3960bdb-165e-4b3c-afd8-69910858513a,MLQ5X_D2_SEQUENCE_8,MLQ5X_D2S8_N11_SOTO_DECISION,A,11,3.0,4.0,2.0,2.0,2.0,2.0,3.0,0.0,0.0
877dbe1e-17dc-4775-8310-320f30a5c494,a3960bdb-165e-4b3c-afd8-69910858513a,MLQ5X_D2_SEQUENCE_10,MLQ5X_D2S10_N13_LATE_ARRIVAL_RESPONSE,A,13,2.0,2.0,1.0,2.0,4.0,2.0,1.0,0.0,0.0
877dbe1e-17dc-4775-8310-320f30a5c494,a3960bdb-165e-4b3c-afd8-69910858513a,MLQ5X_D2_SEQUENCE_10,MLQ5X_D2S10_N14_RIOS_EXTENDED_SHIFTS,B,14,1.0,0.0,0.0,0.0,1.0,0.0,2.0,2.0,0.0
877dbe1e-17dc-4775-8310-320f30a5c494,a3960bdb-165e-4b3c-afd8-69910858513a,MLQ5X_D2_SEQUENCE_10,MLQ5X_D2S10_N15_RIOS_RESIGNATION_RISK,B,15,2.0,2.0,1.0,3.0,2.0,0.0,2.0,0.0,0.0
877dbe1e-17dc-4775-8310-320f30a5c494,a3960bdb-165e-4b3c-afd8-69910858513a,MLQ5X_D3_SEQUENCE_14,MLQ5X_D3S14_N18_SOFIA_BOX6_DECISION,A,18,3.0,3.0,1.0,0.0,1.0,3.0,2.0,0.0,0.0
877dbe1e-17dc-4775-8310-320f30a5c494,a3960bdb-165e-4b3c-afd8-69910858513a,MLQ5X_D3_SEQUENCE_14,MLQ5X_D3S14_N19_ULTRASOUND_SHARED_USE,A,19,3.0,3.0,2.0,3.0,3.0,1.0,3.0,0.0,0.0
877dbe1e-17dc-4775-8310-320f30a5c494,a3960bdb-165e-4b3c-afd8-69910858513a,MLQ5X_D2_SEQUENCE_9,MLQ5X_D2S9_N12_SOTO_WATER_CUT_FOLLOWUP,A,12,4.0,4.0,4.0,1.0,3.0,2.0,0.0,0.0,0.0
877dbe1e-17dc-4775-8310-320f30a5c494,a3960bdb-165e-4b3c-afd8-69910858513a,MLQ5X_D2_SEQUENCE_11,MLQ5X_D2S11_N16_GUZMAN_VISION,A,16,3.0,3.0,3.0,3.0,3.0,1.0,0.0,0.0,0.0
877dbe1e-17dc-4775-8310-320f30a5c494,a3960bdb-165e-4b3c-afd8-69910858513a,MLQ5X_D2_SEQUENCE_11,MLQ5X_D2S11_N17_GUZMAN_PRACTICE_CUPS,B,17,2.0,1.0,0.0,0.0,1.0,1.0,3.0,0.0,0.0
877dbe1e-17dc-4775-8310-320f30a5c494,a3960bdb-165e-4b3c-afd8-69910858513a,MLQ5X_D3_SEQUENCE_15,MLQ5X_D3S15_N20_SOTO_ROTATING_SHIFTS_DECISION,C,20,2.0,3.0,2.0,3.0,1.0,0.0,1.0,0.0,0.0
877dbe1e-17dc-4775-8310-320f30a5c494,a3960bdb-165e-4b3c-afd8-69910858513a,MLQ5X_D3_SEQUENCE_18,MLQ5X_D3S18_N23_JAVIER_WORKLOAD,B,23,2.0,2.0,1.0,0.0,2.0,1.0,3.0,0.0,0.0
877dbe1e-17dc-4775-8310-320f30a5c494,a3960bdb-165e-4b3c-afd8-69910858513a,MLQ5X_D1_SEQUENCE_5,MLQ5X_D1S5_N10_SOTO_PROTOCOLS,C,10,2.0,2.0,2.0,1.0,1.0,1.0,2.0,2.0,1.0
877dbe1e-17dc-4775-8310-320f30a5c494,a3960bdb-165e-4b3c-afd8-69910858513a,MLQ5X_D3_SEQUENCE_16,MLQ5X_D3S16_N21_GUZMAN_UNREGISTERED_INTERNS,A,21,3.0,3.0,2.0,1.0,3.0,1.0,1.0,0.0,0.0
877dbe1e-17dc-4775-8310-320f30a5c494,a3960bdb-165e-4b3c-afd8-69910858513a,MLQ5X_D3_SEQUENCE_16,MLQ5X_D3S16_N22_GUZMAN_CONVENIO_BOX1,C,22,0.0,0.0,0.0,0.0,0.0,0.0,0.0,3.0,4.0
877dbe1e-17dc-4775-8310-320f30a5c494,a3960bdb-165e-4b3c-afd8-69910858513a,MLQ5X_D1_SEQUENCE_3,MLQ5X_D1S3_N6_GUZMAN_DOCENCIA,C,6,3.0,3.0,2.0,0.0,1.0,2.0,1.0,1.0,0.0
877dbe1e-17dc-4775-8310-320f30a5c494,a3960bdb-165e-4b3c-afd8-69910858513a,MLQ5X_D5_SEQUENCE_21,MLQ5X_D5S21_N26_SOFIA_MINOR_RECORD_ERROR,A,26,2.0,2.0,1.0,0.0,1.0,0.0,3.0,0.0,0.0
877dbe1e-17dc-4775-8310-320f30a5c494,a3960bdb-165e-4b3c-afd8-69910858513a,MLQ5X_D4_SEQUENCE_20,MLQ5X_D4S20_N25_RIOS_FLEXIBILITY_REQUEST,B,25,2.0,2.0,0.0,0.0,2.0,2.0,3.0,1.0,0.0
877dbe1e-17dc-4775-8310-320f30a5c494,a3960bdb-165e-4b3c-afd8-69910858513a,MLQ5X_D1_SEQUENCE_4,MLQ5X_D1S4_N7_RIOS_DERIVACION,B,7,0.0,0.0,0.0,0.0,1.0,0.0,1.0,2.0,2.0
877dbe1e-17dc-4775-8310-320f30a5c494,a3960bdb-165e-4b3c-afd8-69910858513a,MLQ5X_D1_SEQUENCE_4,MLQ5X_D1S4_N8_RIOS_SANCION,B,8,2.0,2.0,2.0,0.0,1.0,2.0,2.0,2.0,0.0
877dbe1e-17dc-4775-8310-320f30a5c494,a3960bdb-165e-4b3c-afd8-69910858513a,MLQ5X_D1_SEQUENCE_4,MLQ5X_D1S4_N9_SOTO_REPORTE,A,9,2.0,3.0,2.0,2.0,2.0,2.0,2.0,0.0,0.0
0eb44534-f661-4d15-9473-a5bcf8fcf73f,9b8b9750-78a6-43ff-8a08-4473af2bce40,MLQ5X_D1_SEQUENCE_4,MLQ5X_D1S4_N7_RIOS_DERIVACION,A,7,3.0,3.0,3.0,4.0,3.0,2.0,0.0,0.0,0.0
0eb44534-f661-4d15-9473-a5bcf8fcf73f,9b8b9750-78a6-43ff-8a08-4473af2bce40,MLQ5X_D1_SEQUENCE_4,MLQ5X_D1S4_N8_RIOS_SANCION,A,8,2.0,2.0,2.0,1.0,2.0,2.0,1.0,2.0,0.0
0eb44534-f661-4d15-9473-a5bcf8fcf73f,9b8b9750-78a6-43ff-8a08-4473af2bce40,MLQ5X_D1_SEQUENCE_4,MLQ5X_D1S4_N9_SOTO_REPORTE,A,9,2.0,3.0,2.0,2.0,2.0,2.0,2.0,0.0,0.0
0eb44534-f661-4d15-9473-a5bcf8fcf73f,9b8b9750-78a6-43ff-8a08-4473af2bce40,MLQ5X_D2_SEQUENCE_8,MLQ5X_D2S8_N11_SOTO_DECISION,A,11,3.0,4.0,2.0,2.0,2.0,2.0,3.0,0.0,0.0
0eb44534-f661-4d15-9473-a5bcf8fcf73f,9b8b9750-78a6-43ff-8a08-4473af2bce40,MLQ5X_D1_SEQUENCE_5,MLQ5X_D1S5_N10_SOTO_PROTOCOLS,C,10,2.0,2.0,2.0,1.0,1.0,1.0,2.0,2.0,1.0
dd48844c-9568-494e-bd7e-6f99ff1b9fcb,42586810-2976-4206-8dd1-b55ca84e8c6b,MLQ5X_D2_SEQUENCE_10,MLQ5X_D2S10_N13_LATE_ARRIVAL_RESPONSE,A,13,2.0,2.0,1.0,2.0,4.0,2.0,1.0,0.0,0.0
dd48844c-9568-494e-bd7e-6f99ff1b9fcb,42586810-2976-4206-8dd1-b55ca84e8c6b,MLQ5X_D2_SEQUENCE_10,MLQ5X_D2S10_N14_RIOS_EXTENDED_SHIFTS,A,14,3.0,3.0,2.0,1.0,2.0,1.0,3.0,0.0,0.0
dd48844c-9568-494e-bd7e-6f99ff1b9fcb,42586810-2976-4206-8dd1-b55ca84e8c6b,MLQ5X_D2_SEQUENCE_10,MLQ5X_D2S10_N15_RIOS_RESIGNATION_RISK,B,15,2.0,2.0,1.0,3.0,2.0,0.0,2.0,0.0,0.0
dd48844c-9568-494e-bd7e-6f99ff1b9fcb,42586810-2976-4206-8dd1-b55ca84e8c6b,MLQ5X_D2_SEQUENCE_11,MLQ5X_D2S11_N16_GUZMAN_VISION,C,16,0.0,1.0,0.0,0.0,0.0,2.0,3.0,1.0,0.0
dd48844c-9568-494e-bd7e-6f99ff1b9fcb,42586810-2976-4206-8dd1-b55ca84e8c6b,MLQ5X_D2_SEQUENCE_11,MLQ5X_D2S11_N17_GUZMAN_PRACTICE_CUPS,B,17,2.0,1.0,0.0,0.0,1.0,1.0,3.0,0.0,0.0
dd48844c-9568-494e-bd7e-6f99ff1b9fcb,42586810-2976-4206-8dd1-b55ca84e8c6b,MLQ5X_D3_SEQUENCE_14,MLQ5X_D3S14_N18_SOFIA_BOX6_DECISION,B,18,1.0,1.0,0.0,0.0,0.0,1.0,2.0,2.0,1.0
dd48844c-9568-494e-bd7e-6f99ff1b9fcb,42586810-2976-4206-8dd1-b55ca84e8c6b,MLQ5X_D3_SEQUENCE_14,MLQ5X_D3S14_N19_ULTRASOUND_SHARED_USE,A,19,3.0,3.0,2.0,3.0,3.0,1.0,3.0,0.0,0.0
dd48844c-9568-494e-bd7e-6f99ff1b9fcb,42586810-2976-4206-8dd1-b55ca84e8c6b,MLQ5X_D2_SEQUENCE_9,MLQ5X_D2S9_N12_SOTO_WATER_CUT_FOLLOWUP,A,12,4.0,4.0,4.0,1.0,3.0,2.0,0.0,0.0,0.0
dd48844c-9568-494e-bd7e-6f99ff1b9fcb,42586810-2976-4206-8dd1-b55ca84e8c6b,MLQ5X_D3_SEQUENCE_15,MLQ5X_D3S15_N20_SOTO_ROTATING_SHIFTS_DECISION,A,20,2.0,3.0,2.0,2.0,2.0,1.0,1.0,0.0,0.0
0eb44534-f661-4d15-9473-a5bcf8fcf73f,9b8b9750-78a6-43ff-8a08-4473af2bce40,MLQ5X_D1_SEQUENCE_3,MLQ5X_D1S3_N6_GUZMAN_DOCENCIA,C,6,3.0,3.0,2.0,0.0,1.0,2.0,1.0,1.0,0.0
37bea0e8-cfe3-406f-9b5c-f417df6b379e,80e61ba7-e3b7-442d-9019-2c17918a901e,MLQ5X_D1_SEQUENCE_1,MLQ5X_D1S1_N1_RIOS_CHOICE,C,1,0.0,0.0,1.0,0.0,0.0,0.0,0.0,2.0,2.0
37bea0e8-cfe3-406f-9b5c-f417df6b379e,80e61ba7-e3b7-442d-9019-2c17918a901e,MLQ5X_D1_SEQUENCE_1,MLQ5X_D1S1_N2_GUZMAN_DOCENCIA,B,2,0.0,0.0,0.0,0.0,0.0,0.0,1.0,3.0,3.0
37bea0e8-cfe3-406f-9b5c-f417df6b379e,80e61ba7-e3b7-442d-9019-2c17918a901e,MLQ5X_D1_SEQUENCE_1,MLQ5X_D1S1_N3_RIOS_PROTOCOLS,A,3,3.0,3.0,3.0,3.0,3.0,1.0,3.0,0.0,0.0
37bea0e8-cfe3-406f-9b5c-f417df6b379e,80e61ba7-e3b7-442d-9019-2c17918a901e,MLQ5X_D1_SEQUENCE_1,MLQ5X_D1S1_N4_SOTO_INDICATORS,C,4,1.0,1.0,2.0,1.0,0.0,0.0,1.0,1.0,1.0
37bea0e8-cfe3-406f-9b5c-f417df6b379e,80e61ba7-e3b7-442d-9019-2c17918a901e,MLQ5X_D1_SEQUENCE_1,MLQ5X_D1S1_N5_SOFIA_PRIORITY,C,5,3.0,3.0,2.0,2.0,1.0,1.0,2.0,0.0,0.0
37bea0e8-cfe3-406f-9b5c-f417df6b379e,80e61ba7-e3b7-442d-9019-2c17918a901e,MLQ5X_D2_SEQUENCE_8,MLQ5X_D2S8_N11_SOTO_DECISION,A,11,3.0,4.0,2.0,2.0,2.0,2.0,3.0,0.0,0.0
37bea0e8-cfe3-406f-9b5c-f417df6b379e,80e61ba7-e3b7-442d-9019-2c17918a901e,MLQ5X_D1_SEQUENCE_5,MLQ5X_D1S5_N10_SOTO_PROTOCOLS,C,10,2.0,2.0,2.0,1.0,1.0,1.0,2.0,2.0,1.0
37bea0e8-cfe3-406f-9b5c-f417df6b379e,80e61ba7-e3b7-442d-9019-2c17918a901e,MLQ5X_D2_SEQUENCE_10,MLQ5X_D2S10_N13_LATE_ARRIVAL_RESPONSE,B,13,3.0,4.0,4.0,3.0,2.0,2.0,1.0,0.0,0.0
37bea0e8-cfe3-406f-9b5c-f417df6b379e,80e61ba7-e3b7-442d-9019-2c17918a901e,MLQ5X_D2_SEQUENCE_10,MLQ5X_D2S10_N14_RIOS_EXTENDED_SHIFTS,A,14,3.0,3.0,2.0,1.0,2.0,1.0,3.0,0.0,0.0
37bea0e8-cfe3-406f-9b5c-f417df6b379e,80e61ba7-e3b7-442d-9019-2c17918a901e,MLQ5X_D2_SEQUENCE_10,MLQ5X_D2S10_N15_RIOS_RESIGNATION_RISK,B,15,2.0,2.0,1.0,3.0,2.0,0.0,2.0,0.0,0.0
37bea0e8-cfe3-406f-9b5c-f417df6b379e,80e61ba7-e3b7-442d-9019-2c17918a901e,MLQ5X_D2_SEQUENCE_11,MLQ5X_D2S11_N16_GUZMAN_VISION,C,16,0.0,1.0,0.0,0.0,0.0,2.0,3.0,1.0,0.0
37bea0e8-cfe3-406f-9b5c-f417df6b379e,80e61ba7-e3b7-442d-9019-2c17918a901e,MLQ5X_D2_SEQUENCE_11,MLQ5X_D2S11_N17_GUZMAN_PRACTICE_CUPS,A,17,3.0,3.0,3.0,2.0,0.0,1.0,2.0,0.0,0.0
37bea0e8-cfe3-406f-9b5c-f417df6b379e,80e61ba7-e3b7-442d-9019-2c17918a901e,MLQ5X_D1_SEQUENCE_4,MLQ5X_D1S4_N7_RIOS_DERIVACION,B,7,0.0,0.0,0.0,0.0,1.0,0.0,1.0,2.0,2.0
37bea0e8-cfe3-406f-9b5c-f417df6b379e,80e61ba7-e3b7-442d-9019-2c17918a901e,MLQ5X_D2_SEQUENCE_9,MLQ5X_D2S9_N12_SOTO_WATER_CUT_FOLLOWUP,A,12,4.0,4.0,4.0,1.0,3.0,2.0,0.0,0.0,0.0
37bea0e8-cfe3-406f-9b5c-f417df6b379e,80e61ba7-e3b7-442d-9019-2c17918a901e,MLQ5X_D1_SEQUENCE_4,MLQ5X_D1S4_N8_RIOS_SANCION,B,8,2.0,2.0,2.0,0.0,1.0,2.0,2.0,2.0,0.0
37bea0e8-cfe3-406f-9b5c-f417df6b379e,80e61ba7-e3b7-442d-9019-2c17918a901e,MLQ5X_D1_SEQUENCE_4,MLQ5X_D1S4_N9_SOTO_REPORTE,A,9,2.0,3.0,2.0,2.0,2.0,2.0,2.0,0.0,0.0
37bea0e8-cfe3-406f-9b5c-f417df6b379e,80e61ba7-e3b7-442d-9019-2c17918a901e,MLQ5X_D3_SEQUENCE_14,MLQ5X_D3S14_N18_SOFIA_BOX6_DECISION,A,18,3.0,3.0,1.0,0.0,1.0,3.0,2.0,0.0,0.0
37bea0e8-cfe3-406f-9b5c-f417df6b379e,80e61ba7-e3b7-442d-9019-2c17918a901e,MLQ5X_D3_SEQUENCE_14,MLQ5X_D3S14_N19_ULTRASOUND_SHARED_USE,A,19,3.0,3.0,2.0,3.0,3.0,1.0,3.0,0.0,0.0
0eb44534-f661-4d15-9473-a5bcf8fcf73f,9b8b9750-78a6-43ff-8a08-4473af2bce40,MLQ5X_D2_SEQUENCE_10,MLQ5X_D2S10_N13_LATE_ARRIVAL_RESPONSE,C,13,0.0,1.0,0.0,0.0,1.0,0.0,3.0,1.0,0.0
0eb44534-f661-4d15-9473-a5bcf8fcf73f,9b8b9750-78a6-43ff-8a08-4473af2bce40,MLQ5X_D2_SEQUENCE_10,MLQ5X_D2S10_N14_RIOS_EXTENDED_SHIFTS,A,14,3.0,3.0,2.0,1.0,2.0,1.0,3.0,0.0,0.0
0eb44534-f661-4d15-9473-a5bcf8fcf73f,9b8b9750-78a6-43ff-8a08-4473af2bce40,MLQ5X_D2_SEQUENCE_10,MLQ5X_D2S10_N15_RIOS_RESIGNATION_RISK,B,15,2.0,2.0,1.0,3.0,2.0,0.0,2.0,0.0,0.0
08a77607-21f1-4729-aa20-ff95859b1c40,b092b9ca-7a2a-4b9f-9fef-2f2adf12bd9f,MLQ5X_D1_SEQUENCE_1,MLQ5X_D1S1_N1_RIOS_CHOICE,A,1,3.0,4.0,3.0,1.0,2.0,1.0,2.0,0.0,0.0
08a77607-21f1-4729-aa20-ff95859b1c40,b092b9ca-7a2a-4b9f-9fef-2f2adf12bd9f,MLQ5X_D1_SEQUENCE_1,MLQ5X_D1S1_N3_RIOS_PROTOCOLS,B,3,0.0,0.0,0.0,0.0,0.0,0.0,0.0,3.0,3.0
08a77607-21f1-4729-aa20-ff95859b1c40,b092b9ca-7a2a-4b9f-9fef-2f2adf12bd9f,MLQ5X_D1_SEQUENCE_1,MLQ5X_D1S1_N1_RIOS_CHOICE,B,1,1.0,0.0,1.0,0.0,0.0,0.0,0.0,3.0,3.0
08a77607-21f1-4729-aa20-ff95859b1c40,b092b9ca-7a2a-4b9f-9fef-2f2adf12bd9f,MLQ5X_D1_SEQUENCE_1,MLQ5X_D1S1_N2_GUZMAN_DOCENCIA,A,2,4.0,4.0,2.0,0.0,4.0,1.0,2.0,0.0,0.0
08a77607-21f1-4729-aa20-ff95859b1c40,b092b9ca-7a2a-4b9f-9fef-2f2adf12bd9f,MLQ5X_D1_SEQUENCE_1,MLQ5X_D1S1_N3_RIOS_PROTOCOLS,C,3,1.0,1.0,1.0,0.0,0.0,1.0,3.0,1.0,0.0
08a77607-21f1-4729-aa20-ff95859b1c40,b092b9ca-7a2a-4b9f-9fef-2f2adf12bd9f,MLQ5X_D1_SEQUENCE_1,MLQ5X_D1S1_N4_SOTO_INDICATORS,C,4,1.0,1.0,2.0,1.0,0.0,0.0,1.0,1.0,1.0
08a77607-21f1-4729-aa20-ff95859b1c40,b092b9ca-7a2a-4b9f-9fef-2f2adf12bd9f,MLQ5X_D1_SEQUENCE_1,MLQ5X_D1S1_N5_SOFIA_PRIORITY,C,5,3.0,3.0,2.0,2.0,1.0,1.0,2.0,0.0,0.0
08a77607-21f1-4729-aa20-ff95859b1c40,b092b9ca-7a2a-4b9f-9fef-2f2adf12bd9f,MLQ5X_D2_SEQUENCE_8,MLQ5X_D2S8_N11_SOTO_DECISION,A,11,3.0,4.0,2.0,2.0,2.0,2.0,3.0,0.0,0.0
08a77607-21f1-4729-aa20-ff95859b1c40,b092b9ca-7a2a-4b9f-9fef-2f2adf12bd9f,MLQ5X_D1_SEQUENCE_4,MLQ5X_D1S4_N7_RIOS_DERIVACION,A,7,3.0,3.0,3.0,4.0,3.0,2.0,0.0,0.0,0.0
08a77607-21f1-4729-aa20-ff95859b1c40,b092b9ca-7a2a-4b9f-9fef-2f2adf12bd9f,MLQ5X_D1_SEQUENCE_4,MLQ5X_D1S4_N8_RIOS_SANCION,A,8,2.0,2.0,2.0,1.0,2.0,2.0,1.0,2.0,0.0
08a77607-21f1-4729-aa20-ff95859b1c40,b092b9ca-7a2a-4b9f-9fef-2f2adf12bd9f,MLQ5X_D1_SEQUENCE_4,MLQ5X_D1S4_N9_SOTO_REPORTE,A,9,2.0,3.0,2.0,2.0,2.0,2.0,2.0,0.0,0.0
08a77607-21f1-4729-aa20-ff95859b1c40,b092b9ca-7a2a-4b9f-9fef-2f2adf12bd9f,MLQ5X_D1_SEQUENCE_3,MLQ5X_D1S3_N6_GUZMAN_DOCENCIA,C,6,3.0,3.0,2.0,0.0,1.0,2.0,1.0,1.0,0.0
08a77607-21f1-4729-aa20-ff95859b1c40,b092b9ca-7a2a-4b9f-9fef-2f2adf12bd9f,MLQ5X_D2_SEQUENCE_10,MLQ5X_D2S10_N13_LATE_ARRIVAL_RESPONSE,A,13,2.0,2.0,1.0,2.0,4.0,2.0,1.0,0.0,0.0
08a77607-21f1-4729-aa20-ff95859b1c40,b092b9ca-7a2a-4b9f-9fef-2f2adf12bd9f,MLQ5X_D2_SEQUENCE_10,MLQ5X_D2S10_N14_RIOS_EXTENDED_SHIFTS,A,14,3.0,3.0,2.0,1.0,2.0,1.0,3.0,0.0,0.0
08a77607-21f1-4729-aa20-ff95859b1c40,b092b9ca-7a2a-4b9f-9fef-2f2adf12bd9f,MLQ5X_D2_SEQUENCE_10,MLQ5X_D2S10_N15_RIOS_RESIGNATION_RISK,B,15,2.0,2.0,1.0,3.0,2.0,0.0,2.0,0.0,0.0
08a77607-21f1-4729-aa20-ff95859b1c40,b092b9ca-7a2a-4b9f-9fef-2f2adf12bd9f,MLQ5X_D2_SEQUENCE_11,MLQ5X_D2S11_N16_GUZMAN_VISION,A,16,3.0,3.0,3.0,3.0,3.0,1.0,0.0,0.0,0.0
08a77607-21f1-4729-aa20-ff95859b1c40,b092b9ca-7a2a-4b9f-9fef-2f2adf12bd9f,MLQ5X_D2_SEQUENCE_11,MLQ5X_D2S11_N17_GUZMAN_PRACTICE_CUPS,B,17,2.0,1.0,0.0,0.0,1.0,1.0,3.0,0.0,0.0
08a77607-21f1-4729-aa20-ff95859b1c40,b092b9ca-7a2a-4b9f-9fef-2f2adf12bd9f,MLQ5X_D2_SEQUENCE_9,MLQ5X_D2S9_N12_SOTO_WATER_CUT_FOLLOWUP,A,12,4.0,4.0,4.0,1.0,3.0,2.0,0.0,0.0,0.0
08a77607-21f1-4729-aa20-ff95859b1c40,b092b9ca-7a2a-4b9f-9fef-2f2adf12bd9f,MLQ5X_D3_SEQUENCE_14,MLQ5X_D3S14_N18_SOFIA_BOX6_DECISION,A,18,3.0,3.0,1.0,0.0,1.0,3.0,2.0,0.0,0.0
08a77607-21f1-4729-aa20-ff95859b1c40,b092b9ca-7a2a-4b9f-9fef-2f2adf12bd9f,MLQ5X_D3_SEQUENCE_14,MLQ5X_D3S14_N19_ULTRASOUND_SHARED_USE,A,19,3.0,3.0,2.0,3.0,3.0,1.0,3.0,0.0,0.0
08a77607-21f1-4729-aa20-ff95859b1c40,b092b9ca-7a2a-4b9f-9fef-2f2adf12bd9f,MLQ5X_D1_SEQUENCE_5,MLQ5X_D1S5_N10_SOTO_PROTOCOLS,C,10,2.0,2.0,2.0,1.0,1.0,1.0,2.0,2.0,1.0
08a77607-21f1-4729-aa20-ff95859b1c40,b092b9ca-7a2a-4b9f-9fef-2f2adf12bd9f,MLQ5X_D3_SEQUENCE_15,MLQ5X_D3S15_N20_SOTO_ROTATING_SHIFTS_DECISION,A,20,2.0,3.0,2.0,2.0,2.0,1.0,1.0,0.0,0.0
08a77607-21f1-4729-aa20-ff95859b1c40,b092b9ca-7a2a-4b9f-9fef-2f2adf12bd9f,MLQ5X_D3_SEQUENCE_18,MLQ5X_D3S18_N23_JAVIER_WORKLOAD,A,23,3.0,3.0,2.0,0.0,4.0,1.0,3.0,0.0,0.0
08a77607-21f1-4729-aa20-ff95859b1c40,b092b9ca-7a2a-4b9f-9fef-2f2adf12bd9f,MLQ5X_D5_SEQUENCE_21,MLQ5X_D5S21_N26_SOFIA_MINOR_RECORD_ERROR,A,26,2.0,2.0,1.0,0.0,1.0,0.0,3.0,0.0,0.0
08a77607-21f1-4729-aa20-ff95859b1c40,b092b9ca-7a2a-4b9f-9fef-2f2adf12bd9f,MLQ5X_D3_SEQUENCE_16,MLQ5X_D3S16_N21_GUZMAN_UNREGISTERED_INTERNS,A,21,3.0,3.0,2.0,1.0,3.0,1.0,1.0,0.0,0.0
08a77607-21f1-4729-aa20-ff95859b1c40,b092b9ca-7a2a-4b9f-9fef-2f2adf12bd9f,MLQ5X_D3_SEQUENCE_16,MLQ5X_D3S16_N22_GUZMAN_CONVENIO_BOX1,A,22,3.0,3.0,3.0,2.0,3.0,2.0,0.0,0.0,0.0
08a77607-21f1-4729-aa20-ff95859b1c40,b092b9ca-7a2a-4b9f-9fef-2f2adf12bd9f,MLQ5X_D4_SEQUENCE_20,MLQ5X_D4S20_N25_RIOS_FLEXIBILITY_REQUEST,A,25,0.0,1.0,0.0,0.0,3.0,3.0,3.0,0.0,0.0
08a77607-21f1-4729-aa20-ff95859b1c40,b092b9ca-7a2a-4b9f-9fef-2f2adf12bd9f,MLQ5X_D5_SEQUENCE_22,MLQ5X_D5S22_N27_SOTO_MINOR_RISK_REPORT,B,27,1.0,1.0,0.0,0.0,0.0,0.0,1.0,3.0,1.0
08a77607-21f1-4729-aa20-ff95859b1c40,b092b9ca-7a2a-4b9f-9fef-2f2adf12bd9f,MLQ5X_D5_SEQUENCE_23,MLQ5X_D5S23_N28_RIOS_TENS_PROTOCOL,A,28,2.0,2.0,2.0,1.0,2.0,0.0,1.0,0.0,0.0
0eb44534-f661-4d15-9473-a5bcf8fcf73f,9b8b9750-78a6-43ff-8a08-4473af2bce40,MLQ5X_D2_SEQUENCE_9,MLQ5X_D2S9_N12_SOTO_WATER_CUT_FOLLOWUP,A,12,4.0,4.0,4.0,1.0,3.0,2.0,0.0,0.0,0.0
0eb44534-f661-4d15-9473-a5bcf8fcf73f,9b8b9750-78a6-43ff-8a08-4473af2bce40,MLQ5X_D2_SEQUENCE_11,MLQ5X_D2S11_N16_GUZMAN_VISION,A,16,3.0,3.0,3.0,3.0,3.0,1.0,0.0,0.0,0.0
37bea0e8-cfe3-406f-9b5c-f417df6b379e,80e61ba7-e3b7-442d-9019-2c17918a901e,MLQ5X_D1_SEQUENCE_3,MLQ5X_D1S3_N6_GUZMAN_DOCENCIA,A,6,3.0,2.0,3.0,2.0,3.0,0.0,0.0,0.0,0.0
37bea0e8-cfe3-406f-9b5c-f417df6b379e,80e61ba7-e3b7-442d-9019-2c17918a901e,MLQ5X_D3_SEQUENCE_15,MLQ5X_D3S15_N20_SOTO_ROTATING_SHIFTS_DECISION,A,20,2.0,3.0,2.0,2.0,2.0,1.0,1.0,0.0,0.0
37bea0e8-cfe3-406f-9b5c-f417df6b379e,80e61ba7-e3b7-442d-9019-2c17918a901e,MLQ5X_D3_SEQUENCE_18,MLQ5X_D3S18_N23_JAVIER_WORKLOAD,A,23,3.0,3.0,2.0,0.0,4.0,1.0,3.0,0.0,0.0
37bea0e8-cfe3-406f-9b5c-f417df6b379e,80e61ba7-e3b7-442d-9019-2c17918a901e,MLQ5X_D3_SEQUENCE_16,MLQ5X_D3S16_N21_GUZMAN_UNREGISTERED_INTERNS,A,21,3.0,3.0,2.0,1.0,3.0,1.0,1.0,0.0,0.0
37bea0e8-cfe3-406f-9b5c-f417df6b379e,80e61ba7-e3b7-442d-9019-2c17918a901e,MLQ5X_D3_SEQUENCE_16,MLQ5X_D3S16_N22_GUZMAN_CONVENIO_BOX1,A,22,3.0,3.0,3.0,2.0,3.0,2.0,0.0,0.0,0.0
37bea0e8-cfe3-406f-9b5c-f417df6b379e,80e61ba7-e3b7-442d-9019-2c17918a901e,MLQ5X_D5_SEQUENCE_21,MLQ5X_D5S21_N26_SOFIA_MINOR_RECORD_ERROR,A,26,2.0,2.0,1.0,0.0,1.0,0.0,3.0,0.0,0.0
37bea0e8-cfe3-406f-9b5c-f417df6b379e,80e61ba7-e3b7-442d-9019-2c17918a901e,MLQ5X_D4_SEQUENCE_20,MLQ5X_D4S20_N25_RIOS_FLEXIBILITY_REQUEST,C,25,0.0,0.0,0.0,0.0,0.0,0.0,2.0,0.0,0.0
37bea0e8-cfe3-406f-9b5c-f417df6b379e,80e61ba7-e3b7-442d-9019-2c17918a901e,MLQ5X_D5_SEQUENCE_22,MLQ5X_D5S22_N27_SOTO_MINOR_RISK_REPORT,B,27,1.0,1.0,0.0,0.0,0.0,0.0,1.0,3.0,1.0
37bea0e8-cfe3-406f-9b5c-f417df6b379e,80e61ba7-e3b7-442d-9019-2c17918a901e,MLQ5X_D5_SEQUENCE_23,MLQ5X_D5S23_N28_RIOS_TENS_PROTOCOL,A,28,2.0,2.0,2.0,1.0,2.0,0.0,1.0,0.0,0.0
0eb44534-f661-4d15-9473-a5bcf8fcf73f,9b8b9750-78a6-43ff-8a08-4473af2bce40,MLQ5X_D2_SEQUENCE_11,MLQ5X_D2S11_N17_GUZMAN_PRACTICE_CUPS,A,17,3.0,3.0,3.0,2.0,0.0,1.0,2.0,0.0,0.0
0eb44534-f661-4d15-9473-a5bcf8fcf73f,9b8b9750-78a6-43ff-8a08-4473af2bce40,MLQ5X_D3_SEQUENCE_14,MLQ5X_D3S14_N18_SOFIA_BOX6_DECISION,A,18,3.0,3.0,1.0,0.0,1.0,3.0,2.0,0.0,0.0
0eb44534-f661-4d15-9473-a5bcf8fcf73f,9b8b9750-78a6-43ff-8a08-4473af2bce40,MLQ5X_D3_SEQUENCE_14,MLQ5X_D3S14_N19_ULTRASOUND_SHARED_USE,A,19,3.0,3.0,2.0,3.0,3.0,1.0,3.0,0.0,0.0
0eb44534-f661-4d15-9473-a5bcf8fcf73f,9b8b9750-78a6-43ff-8a08-4473af2bce40,MLQ5X_D3_SEQUENCE_15,MLQ5X_D3S15_N20_SOTO_ROTATING_SHIFTS_DECISION,C,20,2.0,3.0,2.0,3.0,1.0,0.0,1.0,0.0,0.0
0eb44534-f661-4d15-9473-a5bcf8fcf73f,9b8b9750-78a6-43ff-8a08-4473af2bce40,MLQ5X_D3_SEQUENCE_18,MLQ5X_D3S18_N23_JAVIER_WORKLOAD,B,23,2.0,2.0,1.0,0.0,2.0,1.0,3.0,0.0,0.0
0eb44534-f661-4d15-9473-a5bcf8fcf73f,9b8b9750-78a6-43ff-8a08-4473af2bce40,MLQ5X_D3_SEQUENCE_16,MLQ5X_D3S16_N21_GUZMAN_UNREGISTERED_INTERNS,A,21,3.0,3.0,2.0,1.0,3.0,1.0,1.0,0.0,0.0
525e49ff-dcb5-4148-9dd8-8495f3a18172,5187c158-b7ac-420e-8857-d8eb823084ff,MLQ5X_D1_SEQUENCE_1,MLQ5X_D1S1_N1_RIOS_CHOICE,A,1,3.0,4.0,3.0,1.0,2.0,1.0,2.0,0.0,0.0
525e49ff-dcb5-4148-9dd8-8495f3a18172,5187c158-b7ac-420e-8857-d8eb823084ff,MLQ5X_D1_SEQUENCE_1,MLQ5X_D1S1_N2_GUZMAN_DOCENCIA,B,2,0.0,0.0,0.0,0.0,0.0,0.0,1.0,3.0,3.0
525e49ff-dcb5-4148-9dd8-8495f3a18172,5187c158-b7ac-420e-8857-d8eb823084ff,MLQ5X_D1_SEQUENCE_1,MLQ5X_D1S1_N3_RIOS_PROTOCOLS,C,3,1.0,1.0,1.0,0.0,0.0,1.0,3.0,1.0,0.0
525e49ff-dcb5-4148-9dd8-8495f3a18172,5187c158-b7ac-420e-8857-d8eb823084ff,MLQ5X_D1_SEQUENCE_1,MLQ5X_D1S1_N4_SOTO_INDICATORS,B,4,1.0,0.0,1.0,1.0,1.0,1.0,1.0,0.0,0.0
525e49ff-dcb5-4148-9dd8-8495f3a18172,5187c158-b7ac-420e-8857-d8eb823084ff,MLQ5X_D1_SEQUENCE_1,MLQ5X_D1S1_N5_SOFIA_PRIORITY,B,5,3.0,1.0,2.0,1.0,1.0,1.0,4.0,0.0,0.0
a07c8211-f82e-477a-bbab-0fb9ba09b056,5c28471e-4f8e-4b9e-b87c-57070f2e03da,MLQ5X_D3_SEQUENCE_16,MLQ5X_D3S16_N22_GUZMAN_CONVENIO_BOX1,C,22,0.0,0.0,0.0,0.0,0.0,0.0,0.0,3.0,4.0
a07c8211-f82e-477a-bbab-0fb9ba09b056,5c28471e-4f8e-4b9e-b87c-57070f2e03da,MLQ5X_D5_SEQUENCE_21,MLQ5X_D5S21_N26_SOFIA_MINOR_RECORD_ERROR,A,26,2.0,2.0,1.0,0.0,1.0,0.0,3.0,0.0,0.0
a07c8211-f82e-477a-bbab-0fb9ba09b056,5c28471e-4f8e-4b9e-b87c-57070f2e03da,MLQ5X_D4_SEQUENCE_20,MLQ5X_D4S20_N25_RIOS_FLEXIBILITY_REQUEST,B,25,2.0,2.0,0.0,0.0,2.0,2.0,3.0,1.0,0.0
a07c8211-f82e-477a-bbab-0fb9ba09b056,5c28471e-4f8e-4b9e-b87c-57070f2e03da,MLQ5X_D5_SEQUENCE_22,MLQ5X_D5S22_N27_SOTO_MINOR_RISK_REPORT,A,27,1.0,1.0,0.0,0.0,0.0,1.0,2.0,3.0,2.0
a07c8211-f82e-477a-bbab-0fb9ba09b056,5c28471e-4f8e-4b9e-b87c-57070f2e03da,MLQ5X_D5_SEQUENCE_23,MLQ5X_D5S23_N28_RIOS_TENS_PROTOCOL,B,28,2.0,2.0,2.0,2.0,3.0,1.0,1.0,0.0,0.0
a07c8211-f82e-477a-bbab-0fb9ba09b056,5c28471e-4f8e-4b9e-b87c-57070f2e03da,MLQ5X_D2_SEQUENCE_11,MLQ5X_D2S11_N17_GUZMAN_PRACTICE_CUPS,B,17,2.0,1.0,0.0,0.0,1.0,1.0,3.0,0.0,0.0
a07c8211-f82e-477a-bbab-0fb9ba09b056,5c28471e-4f8e-4b9e-b87c-57070f2e03da,MLQ5X_D3_SEQUENCE_14,MLQ5X_D3S14_N18_SOFIA_BOX6_DECISION,A,18,3.0,3.0,1.0,0.0,1.0,3.0,2.0,0.0,0.0
a07c8211-f82e-477a-bbab-0fb9ba09b056,5c28471e-4f8e-4b9e-b87c-57070f2e03da,MLQ5X_D3_SEQUENCE_14,MLQ5X_D3S14_N19_ULTRASOUND_SHARED_USE,A,19,3.0,3.0,2.0,3.0,3.0,1.0,3.0,0.0,0.0
a07c8211-f82e-477a-bbab-0fb9ba09b056,5c28471e-4f8e-4b9e-b87c-57070f2e03da,MLQ5X_D3_SEQUENCE_15,MLQ5X_D3S15_N20_SOTO_ROTATING_SHIFTS_DECISION,A,20,2.0,3.0,2.0,2.0,2.0,1.0,1.0,0.0,0.0
a07c8211-f82e-477a-bbab-0fb9ba09b056,5c28471e-4f8e-4b9e-b87c-57070f2e03da,MLQ5X_D3_SEQUENCE_18,MLQ5X_D3S18_N23_JAVIER_WORKLOAD,A,23,3.0,3.0,2.0,0.0,4.0,1.0,3.0,0.0,0.0
525e49ff-dcb5-4148-9dd8-8495f3a18172,5187c158-b7ac-420e-8857-d8eb823084ff,MLQ5X_D1_SEQUENCE_5,MLQ5X_D1S5_N10_SOTO_PROTOCOLS,C,10,2.0,2.0,2.0,1.0,1.0,1.0,2.0,2.0,1.0
525e49ff-dcb5-4148-9dd8-8495f3a18172,5187c158-b7ac-420e-8857-d8eb823084ff,MLQ5X_D1_SEQUENCE_3,MLQ5X_D1S3_N6_GUZMAN_DOCENCIA,B,6,1.0,2.0,1.0,0.0,0.0,1.0,1.0,1.0,0.0
525e49ff-dcb5-4148-9dd8-8495f3a18172,5187c158-b7ac-420e-8857-d8eb823084ff,MLQ5X_D1_SEQUENCE_4,MLQ5X_D1S4_N7_RIOS_DERIVACION,B,7,0.0,0.0,0.0,0.0,1.0,0.0,1.0,2.0,2.0
525e49ff-dcb5-4148-9dd8-8495f3a18172,5187c158-b7ac-420e-8857-d8eb823084ff,MLQ5X_D1_SEQUENCE_4,MLQ5X_D1S4_N8_RIOS_SANCION,B,8,2.0,2.0,2.0,0.0,1.0,2.0,2.0,2.0,0.0
525e49ff-dcb5-4148-9dd8-8495f3a18172,5187c158-b7ac-420e-8857-d8eb823084ff,MLQ5X_D1_SEQUENCE_4,MLQ5X_D1S4_N9_SOTO_REPORTE,A,9,2.0,3.0,2.0,2.0,2.0,2.0,2.0,0.0,0.0
525e49ff-dcb5-4148-9dd8-8495f3a18172,5187c158-b7ac-420e-8857-d8eb823084ff,MLQ5X_D2_SEQUENCE_8,MLQ5X_D2S8_N11_SOTO_DECISION,A,11,3.0,4.0,2.0,2.0,2.0,2.0,3.0,0.0,0.0
525e49ff-dcb5-4148-9dd8-8495f3a18172,5187c158-b7ac-420e-8857-d8eb823084ff,MLQ5X_D2_SEQUENCE_10,MLQ5X_D2S10_N13_LATE_ARRIVAL_RESPONSE,A,13,2.0,2.0,1.0,2.0,4.0,2.0,1.0,0.0,0.0
525e49ff-dcb5-4148-9dd8-8495f3a18172,5187c158-b7ac-420e-8857-d8eb823084ff,MLQ5X_D2_SEQUENCE_10,MLQ5X_D2S10_N14_RIOS_EXTENDED_SHIFTS,A,14,3.0,3.0,2.0,1.0,2.0,1.0,3.0,0.0,0.0
525e49ff-dcb5-4148-9dd8-8495f3a18172,5187c158-b7ac-420e-8857-d8eb823084ff,MLQ5X_D2_SEQUENCE_10,MLQ5X_D2S10_N15_RIOS_RESIGNATION_RISK,B,15,2.0,2.0,1.0,3.0,2.0,0.0,2.0,0.0,0.0
525e49ff-dcb5-4148-9dd8-8495f3a18172,5187c158-b7ac-420e-8857-d8eb823084ff,MLQ5X_D2_SEQUENCE_9,MLQ5X_D2S9_N12_SOTO_WATER_CUT_FOLLOWUP,A,12,4.0,4.0,4.0,1.0,3.0,2.0,0.0,0.0,0.0
525e49ff-dcb5-4148-9dd8-8495f3a18172,5187c158-b7ac-420e-8857-d8eb823084ff,MLQ5X_D2_SEQUENCE_11,MLQ5X_D2S11_N16_GUZMAN_VISION,C,16,0.0,1.0,0.0,0.0,0.0,2.0,3.0,1.0,0.0
525e49ff-dcb5-4148-9dd8-8495f3a18172,5187c158-b7ac-420e-8857-d8eb823084ff,MLQ5X_D2_SEQUENCE_11,MLQ5X_D2S11_N17_GUZMAN_PRACTICE_CUPS,A,17,3.0,3.0,3.0,2.0,0.0,1.0,2.0,0.0,0.0
525e49ff-dcb5-4148-9dd8-8495f3a18172,5187c158-b7ac-420e-8857-d8eb823084ff,MLQ5X_D3_SEQUENCE_14,MLQ5X_D3S14_N18_SOFIA_BOX6_DECISION,A,18,3.0,3.0,1.0,0.0,1.0,3.0,2.0,0.0,0.0
525e49ff-dcb5-4148-9dd8-8495f3a18172,5187c158-b7ac-420e-8857-d8eb823084ff,MLQ5X_D3_SEQUENCE_14,MLQ5X_D3S14_N19_ULTRASOUND_SHARED_USE,B,19,0.0,0.0,0.0,0.0,0.0,0.0,0.0,4.0,3.0
525e49ff-dcb5-4148-9dd8-8495f3a18172,5187c158-b7ac-420e-8857-d8eb823084ff,MLQ5X_D3_SEQUENCE_18,MLQ5X_D3S18_N23_JAVIER_WORKLOAD,B,23,2.0,2.0,1.0,0.0,2.0,1.0,3.0,0.0,0.0
525e49ff-dcb5-4148-9dd8-8495f3a18172,5187c158-b7ac-420e-8857-d8eb823084ff,MLQ5X_D3_SEQUENCE_16,MLQ5X_D3S16_N21_GUZMAN_UNREGISTERED_INTERNS,A,21,3.0,3.0,2.0,1.0,3.0,1.0,1.0,0.0,0.0
525e49ff-dcb5-4148-9dd8-8495f3a18172,5187c158-b7ac-420e-8857-d8eb823084ff,MLQ5X_D3_SEQUENCE_16,MLQ5X_D3S16_N22_GUZMAN_CONVENIO_BOX1,A,22,3.0,3.0,3.0,2.0,3.0,2.0,0.0,0.0,0.0
525e49ff-dcb5-4148-9dd8-8495f3a18172,5187c158-b7ac-420e-8857-d8eb823084ff,MLQ5X_D5_SEQUENCE_21,MLQ5X_D5S21_N26_SOFIA_MINOR_RECORD_ERROR,A,26,2.0,2.0,1.0,0.0,1.0,0.0,3.0,0.0,0.0
525e49ff-dcb5-4148-9dd8-8495f3a18172,5187c158-b7ac-420e-8857-d8eb823084ff,MLQ5X_D4_SEQUENCE_20,MLQ5X_D4S20_N25_RIOS_FLEXIBILITY_REQUEST,A,25,0.0,1.0,0.0,0.0,3.0,3.0,3.0,0.0,0.0
525e49ff-dcb5-4148-9dd8-8495f3a18172,5187c158-b7ac-420e-8857-d8eb823084ff,MLQ5X_D5_SEQUENCE_22,MLQ5X_D5S22_N27_SOTO_MINOR_RISK_REPORT,B,27,1.0,1.0,0.0,0.0,0.0,0.0,1.0,3.0,1.0
525e49ff-dcb5-4148-9dd8-8495f3a18172,5187c158-b7ac-420e-8857-d8eb823084ff,MLQ5X_D5_SEQUENCE_23,MLQ5X_D5S23_N28_RIOS_TENS_PROTOCOL,B,28,2.0,2.0,2.0,2.0,3.0,1.0,1.0,0.0,0.0
0eb44534-f661-4d15-9473-a5bcf8fcf73f,9b8b9750-78a6-43ff-8a08-4473af2bce40,MLQ5X_D3_SEQUENCE_16,MLQ5X_D3S16_N22_GUZMAN_CONVENIO_BOX1,A,22,3.0,3.0,3.0,2.0,3.0,2.0,0.0,0.0,0.0
0eb44534-f661-4d15-9473-a5bcf8fcf73f,9b8b9750-78a6-43ff-8a08-4473af2bce40,MLQ5X_D5_SEQUENCE_21,MLQ5X_D5S21_N26_SOFIA_MINOR_RECORD_ERROR,B,26,1.0,1.0,0.0,0.0,2.0,1.0,1.0,1.0,0.0
407881ee-5c88-4024-9027-14e571cac9df,67043350-b2a8-4711-a3ad-fd36b9802fdc,MLQ5X_D1_SEQUENCE_1,MLQ5X_D1S1_N1_RIOS_CHOICE,A,1,3.0,4.0,3.0,1.0,2.0,1.0,2.0,0.0,0.0
407881ee-5c88-4024-9027-14e571cac9df,67043350-b2a8-4711-a3ad-fd36b9802fdc,MLQ5X_D1_SEQUENCE_1,MLQ5X_D1S1_N2_GUZMAN_DOCENCIA,A,2,4.0,4.0,2.0,0.0,4.0,1.0,2.0,0.0,0.0
3b3884c2-7c88-4ad3-b52b-a6bb214a009b,609539be-f391-47b1-a5b1-155cd1830b23,MLQ5X_D5_SEQUENCE_22,MLQ5X_D5S22_N27_SOTO_MINOR_RISK_REPORT,B,27,1.0,1.0,0.0,0.0,0.0,0.0,1.0,3.0,1.0
3b3884c2-7c88-4ad3-b52b-a6bb214a009b,609539be-f391-47b1-a5b1-155cd1830b23,MLQ5X_D5_SEQUENCE_23,MLQ5X_D5S23_N28_RIOS_TENS_PROTOCOL,C,28,0.0,0.0,0.0,0.0,0.0,0.0,2.0,2.0,1.0
407881ee-5c88-4024-9027-14e571cac9df,67043350-b2a8-4711-a3ad-fd36b9802fdc,MLQ5X_D1_SEQUENCE_1,MLQ5X_D1S1_N3_RIOS_PROTOCOLS,A,3,3.0,3.0,3.0,3.0,3.0,1.0,3.0,0.0,0.0
823843ad-cdf0-4b95-845e-81295c16f2c7,f76eaf95-9ec6-423d-b336-7b7c54cd1ac3,MLQ5X_D1_SEQUENCE_1,MLQ5X_D1S1_N2_GUZMAN_DOCENCIA,A,2,4.0,4.0,2.0,0.0,4.0,1.0,2.0,0.0,0.0
823843ad-cdf0-4b95-845e-81295c16f2c7,f76eaf95-9ec6-423d-b336-7b7c54cd1ac3,MLQ5X_D1_SEQUENCE_1,MLQ5X_D1S1_N4_SOTO_INDICATORS,C,4,1.0,1.0,2.0,1.0,0.0,0.0,1.0,1.0,1.0
823843ad-cdf0-4b95-845e-81295c16f2c7,f76eaf95-9ec6-423d-b336-7b7c54cd1ac3,MLQ5X_D1_SEQUENCE_1,MLQ5X_D1S1_N5_SOFIA_PRIORITY,C,5,3.0,3.0,2.0,2.0,1.0,1.0,2.0,0.0,0.0
823843ad-cdf0-4b95-845e-81295c16f2c7,f76eaf95-9ec6-423d-b336-7b7c54cd1ac3,MLQ5X_D1_SEQUENCE_1,MLQ5X_D1S1_N1_RIOS_CHOICE,A,1,3.0,4.0,3.0,1.0,2.0,1.0,2.0,0.0,0.0
823843ad-cdf0-4b95-845e-81295c16f2c7,f76eaf95-9ec6-423d-b336-7b7c54cd1ac3,MLQ5X_D3_SEQUENCE_15,MLQ5X_D3S15_N20_SOTO_ROTATING_SHIFTS_DECISION,A,20,2.0,3.0,2.0,2.0,2.0,1.0,1.0,0.0,0.0
823843ad-cdf0-4b95-845e-81295c16f2c7,f76eaf95-9ec6-423d-b336-7b7c54cd1ac3,MLQ5X_D3_SEQUENCE_18,MLQ5X_D3S18_N23_JAVIER_WORKLOAD,A,23,3.0,3.0,2.0,0.0,4.0,1.0,3.0,0.0,0.0
407881ee-5c88-4024-9027-14e571cac9df,67043350-b2a8-4711-a3ad-fd36b9802fdc,MLQ5X_D1_SEQUENCE_1,MLQ5X_D1S1_N4_SOTO_INDICATORS,C,4,1.0,1.0,2.0,1.0,0.0,0.0,1.0,1.0,1.0
407881ee-5c88-4024-9027-14e571cac9df,67043350-b2a8-4711-a3ad-fd36b9802fdc,MLQ5X_D1_SEQUENCE_1,MLQ5X_D1S1_N5_SOFIA_PRIORITY,C,5,3.0,3.0,2.0,2.0,1.0,1.0,2.0,0.0,0.0
407881ee-5c88-4024-9027-14e571cac9df,67043350-b2a8-4711-a3ad-fd36b9802fdc,MLQ5X_D1_SEQUENCE_4,MLQ5X_D1S4_N7_RIOS_DERIVACION,B,7,0.0,0.0,0.0,0.0,1.0,0.0,1.0,2.0,2.0
407881ee-5c88-4024-9027-14e571cac9df,67043350-b2a8-4711-a3ad-fd36b9802fdc,MLQ5X_D1_SEQUENCE_4,MLQ5X_D1S4_N8_RIOS_SANCION,A,8,2.0,2.0,2.0,1.0,2.0,2.0,1.0,2.0,0.0
823843ad-cdf0-4b95-845e-81295c16f2c7,f76eaf95-9ec6-423d-b336-7b7c54cd1ac3,MLQ5X_D1_SEQUENCE_1,MLQ5X_D1S1_N2_GUZMAN_DOCENCIA,C,2,2.0,2.0,1.0,0.0,1.0,1.0,4.0,0.0,0.0
823843ad-cdf0-4b95-845e-81295c16f2c7,f76eaf95-9ec6-423d-b336-7b7c54cd1ac3,MLQ5X_D1_SEQUENCE_1,MLQ5X_D1S1_N3_RIOS_PROTOCOLS,A,3,3.0,3.0,3.0,3.0,3.0,1.0,3.0,0.0,0.0
823843ad-cdf0-4b95-845e-81295c16f2c7,f76eaf95-9ec6-423d-b336-7b7c54cd1ac3,MLQ5X_D1_SEQUENCE_1,MLQ5X_D1S1_N4_SOTO_INDICATORS,A,4,3.0,3.0,2.0,2.0,2.0,0.0,2.0,1.0,1.0
823843ad-cdf0-4b95-845e-81295c16f2c7,f76eaf95-9ec6-423d-b336-7b7c54cd1ac3,MLQ5X_D1_SEQUENCE_1,MLQ5X_D1S1_N5_SOFIA_PRIORITY,B,5,3.0,1.0,2.0,1.0,1.0,1.0,4.0,0.0,0.0
823843ad-cdf0-4b95-845e-81295c16f2c7,f76eaf95-9ec6-423d-b336-7b7c54cd1ac3,MLQ5X_D2_SEQUENCE_8,MLQ5X_D2S8_N11_SOTO_DECISION,A,11,3.0,4.0,2.0,2.0,2.0,2.0,3.0,0.0,0.0
823843ad-cdf0-4b95-845e-81295c16f2c7,f76eaf95-9ec6-423d-b336-7b7c54cd1ac3,MLQ5X_D1_SEQUENCE_5,MLQ5X_D1S5_N10_SOTO_PROTOCOLS,C,10,2.0,2.0,2.0,1.0,1.0,1.0,2.0,2.0,1.0
823843ad-cdf0-4b95-845e-81295c16f2c7,f76eaf95-9ec6-423d-b336-7b7c54cd1ac3,MLQ5X_D1_SEQUENCE_3,MLQ5X_D1S3_N6_GUZMAN_DOCENCIA,C,6,3.0,3.0,2.0,0.0,1.0,2.0,1.0,1.0,0.0
823843ad-cdf0-4b95-845e-81295c16f2c7,f76eaf95-9ec6-423d-b336-7b7c54cd1ac3,MLQ5X_D1_SEQUENCE_4,MLQ5X_D1S4_N7_RIOS_DERIVACION,A,7,3.0,3.0,3.0,4.0,3.0,2.0,0.0,0.0,0.0
823843ad-cdf0-4b95-845e-81295c16f2c7,f76eaf95-9ec6-423d-b336-7b7c54cd1ac3,MLQ5X_D1_SEQUENCE_4,MLQ5X_D1S4_N8_RIOS_SANCION,B,8,2.0,2.0,2.0,0.0,1.0,2.0,2.0,2.0,0.0
823843ad-cdf0-4b95-845e-81295c16f2c7,f76eaf95-9ec6-423d-b336-7b7c54cd1ac3,MLQ5X_D1_SEQUENCE_4,MLQ5X_D1S4_N9_SOTO_REPORTE,A,9,2.0,3.0,2.0,2.0,2.0,2.0,2.0,0.0,0.0
823843ad-cdf0-4b95-845e-81295c16f2c7,f76eaf95-9ec6-423d-b336-7b7c54cd1ac3,MLQ5X_D2_SEQUENCE_10,MLQ5X_D2S10_N13_LATE_ARRIVAL_RESPONSE,B,13,3.0,4.0,4.0,3.0,2.0,2.0,1.0,0.0,0.0
823843ad-cdf0-4b95-845e-81295c16f2c7,f76eaf95-9ec6-423d-b336-7b7c54cd1ac3,MLQ5X_D2_SEQUENCE_10,MLQ5X_D2S10_N14_RIOS_EXTENDED_SHIFTS,B,14,1.0,0.0,0.0,0.0,1.0,0.0,2.0,2.0,0.0
823843ad-cdf0-4b95-845e-81295c16f2c7,f76eaf95-9ec6-423d-b336-7b7c54cd1ac3,MLQ5X_D2_SEQUENCE_10,MLQ5X_D2S10_N15_RIOS_RESIGNATION_RISK,B,15,2.0,2.0,1.0,3.0,2.0,0.0,2.0,0.0,0.0
823843ad-cdf0-4b95-845e-81295c16f2c7,f76eaf95-9ec6-423d-b336-7b7c54cd1ac3,MLQ5X_D2_SEQUENCE_9,MLQ5X_D2S9_N12_SOTO_WATER_CUT_FOLLOWUP,A,12,4.0,4.0,4.0,1.0,3.0,2.0,0.0,0.0,0.0
823843ad-cdf0-4b95-845e-81295c16f2c7,f76eaf95-9ec6-423d-b336-7b7c54cd1ac3,MLQ5X_D2_SEQUENCE_11,MLQ5X_D2S11_N16_GUZMAN_VISION,A,16,3.0,3.0,3.0,3.0,3.0,1.0,0.0,0.0,0.0
823843ad-cdf0-4b95-845e-81295c16f2c7,f76eaf95-9ec6-423d-b336-7b7c54cd1ac3,MLQ5X_D2_SEQUENCE_11,MLQ5X_D2S11_N17_GUZMAN_PRACTICE_CUPS,B,17,2.0,1.0,0.0,0.0,1.0,1.0,3.0,0.0,0.0
823843ad-cdf0-4b95-845e-81295c16f2c7,f76eaf95-9ec6-423d-b336-7b7c54cd1ac3,MLQ5X_D3_SEQUENCE_14,MLQ5X_D3S14_N18_SOFIA_BOX6_DECISION,A,18,3.0,3.0,1.0,0.0,1.0,3.0,2.0,0.0,0.0
823843ad-cdf0-4b95-845e-81295c16f2c7,f76eaf95-9ec6-423d-b336-7b7c54cd1ac3,MLQ5X_D3_SEQUENCE_14,MLQ5X_D3S14_N19_ULTRASOUND_SHARED_USE,A,19,3.0,3.0,2.0,3.0,3.0,1.0,3.0,0.0,0.0
823843ad-cdf0-4b95-845e-81295c16f2c7,f76eaf95-9ec6-423d-b336-7b7c54cd1ac3,MLQ5X_D3_SEQUENCE_16,MLQ5X_D3S16_N21_GUZMAN_UNREGISTERED_INTERNS,C,21,2.0,2.0,0.0,0.0,0.0,1.0,3.0,1.0,0.0
0c744c4c-f7ec-4b00-9f1a-ecc089df9110,4f7d4323-4588-4fd1-964e-049ce8bd3765,MLQ5X_D5_SEQUENCE_23,MLQ5X_D5S23_N28_RIOS_TENS_PROTOCOL,B,28,2.0,2.0,2.0,2.0,3.0,1.0,1.0,0.0,0.0
407881ee-5c88-4024-9027-14e571cac9df,67043350-b2a8-4711-a3ad-fd36b9802fdc,MLQ5X_D1_SEQUENCE_4,MLQ5X_D1S4_N9_SOTO_REPORTE,A,9,2.0,3.0,2.0,2.0,2.0,2.0,2.0,0.0,0.0
3b3884c2-7c88-4ad3-b52b-a6bb214a009b,609539be-f391-47b1-a5b1-155cd1830b23,MLQ5X_D1_SEQUENCE_1,MLQ5X_D1S1_N1_RIOS_CHOICE,C,1,0.0,0.0,1.0,0.0,0.0,0.0,0.0,2.0,2.0
3b3884c2-7c88-4ad3-b52b-a6bb214a009b,609539be-f391-47b1-a5b1-155cd1830b23,MLQ5X_D1_SEQUENCE_1,MLQ5X_D1S1_N2_GUZMAN_DOCENCIA,C,2,2.0,2.0,1.0,0.0,1.0,1.0,4.0,0.0,0.0
3b3884c2-7c88-4ad3-b52b-a6bb214a009b,609539be-f391-47b1-a5b1-155cd1830b23,MLQ5X_D1_SEQUENCE_1,MLQ5X_D1S1_N3_RIOS_PROTOCOLS,A,3,3.0,3.0,3.0,3.0,3.0,1.0,3.0,0.0,0.0
3b3884c2-7c88-4ad3-b52b-a6bb214a009b,609539be-f391-47b1-a5b1-155cd1830b23,MLQ5X_D1_SEQUENCE_1,MLQ5X_D1S1_N4_SOTO_INDICATORS,C,4,1.0,1.0,2.0,1.0,0.0,0.0,1.0,1.0,1.0
b137cdd8-1873-452e-9004-9dfc0eef6e7d,4a2a3de2-8383-4de6-b615-78be13df3e98,MLQ5X_D3_SEQUENCE_14,MLQ5X_D3S14_N19_ULTRASOUND_SHARED_USE,A,19,3.0,3.0,2.0,3.0,3.0,1.0,3.0,0.0,0.0
b137cdd8-1873-452e-9004-9dfc0eef6e7d,4a2a3de2-8383-4de6-b615-78be13df3e98,MLQ5X_D3_SEQUENCE_15,MLQ5X_D3S15_N20_SOTO_ROTATING_SHIFTS_DECISION,C,20,2.0,3.0,2.0,3.0,1.0,0.0,1.0,0.0,0.0
b137cdd8-1873-452e-9004-9dfc0eef6e7d,4a2a3de2-8383-4de6-b615-78be13df3e98,MLQ5X_D3_SEQUENCE_18,MLQ5X_D3S18_N23_JAVIER_WORKLOAD,A,23,3.0,3.0,2.0,0.0,4.0,1.0,3.0,0.0,0.0
b137cdd8-1873-452e-9004-9dfc0eef6e7d,4a2a3de2-8383-4de6-b615-78be13df3e98,MLQ5X_D3_SEQUENCE_16,MLQ5X_D3S16_N21_GUZMAN_UNREGISTERED_INTERNS,C,21,2.0,2.0,0.0,0.0,0.0,1.0,3.0,1.0,0.0
b137cdd8-1873-452e-9004-9dfc0eef6e7d,4a2a3de2-8383-4de6-b615-78be13df3e98,MLQ5X_D3_SEQUENCE_16,MLQ5X_D3S16_N22_GUZMAN_CONVENIO_BOX1,A,22,3.0,3.0,3.0,2.0,3.0,2.0,0.0,0.0,0.0
b137cdd8-1873-452e-9004-9dfc0eef6e7d,4a2a3de2-8383-4de6-b615-78be13df3e98,MLQ5X_D4_SEQUENCE_19,MLQ5X_D4S19_N24_GUZMAN_BOX1_BROKEN_PROMISE,C,24,2.0,2.0,1.0,1.0,2.0,2.0,3.0,0.0,0.0
407881ee-5c88-4024-9027-14e571cac9df,67043350-b2a8-4711-a3ad-fd36b9802fdc,MLQ5X_D2_SEQUENCE_8,MLQ5X_D2S8_N11_SOTO_DECISION,A,11,3.0,4.0,2.0,2.0,2.0,2.0,3.0,0.0,0.0
407881ee-5c88-4024-9027-14e571cac9df,67043350-b2a8-4711-a3ad-fd36b9802fdc,MLQ5X_D1_SEQUENCE_3,MLQ5X_D1S3_N6_GUZMAN_DOCENCIA,C,6,3.0,3.0,2.0,0.0,1.0,2.0,1.0,1.0,0.0
407881ee-5c88-4024-9027-14e571cac9df,67043350-b2a8-4711-a3ad-fd36b9802fdc,MLQ5X_D1_SEQUENCE_5,MLQ5X_D1S5_N10_SOTO_PROTOCOLS,C,10,2.0,2.0,2.0,1.0,1.0,1.0,2.0,2.0,1.0
407881ee-5c88-4024-9027-14e571cac9df,67043350-b2a8-4711-a3ad-fd36b9802fdc,MLQ5X_D2_SEQUENCE_10,MLQ5X_D2S10_N13_LATE_ARRIVAL_RESPONSE,A,13,2.0,2.0,1.0,2.0,4.0,2.0,1.0,0.0,0.0
407881ee-5c88-4024-9027-14e571cac9df,67043350-b2a8-4711-a3ad-fd36b9802fdc,MLQ5X_D2_SEQUENCE_10,MLQ5X_D2S10_N14_RIOS_EXTENDED_SHIFTS,A,14,3.0,3.0,2.0,1.0,2.0,1.0,3.0,0.0,0.0
407881ee-5c88-4024-9027-14e571cac9df,67043350-b2a8-4711-a3ad-fd36b9802fdc,MLQ5X_D2_SEQUENCE_10,MLQ5X_D2S10_N15_RIOS_RESIGNATION_RISK,B,15,2.0,2.0,1.0,3.0,2.0,0.0,2.0,0.0,0.0
407881ee-5c88-4024-9027-14e571cac9df,67043350-b2a8-4711-a3ad-fd36b9802fdc,MLQ5X_D2_SEQUENCE_9,MLQ5X_D2S9_N12_SOTO_WATER_CUT_FOLLOWUP,A,12,4.0,4.0,4.0,1.0,3.0,2.0,0.0,0.0,0.0
407881ee-5c88-4024-9027-14e571cac9df,67043350-b2a8-4711-a3ad-fd36b9802fdc,MLQ5X_D2_SEQUENCE_11,MLQ5X_D2S11_N16_GUZMAN_VISION,A,16,3.0,3.0,3.0,3.0,3.0,1.0,0.0,0.0,0.0
407881ee-5c88-4024-9027-14e571cac9df,67043350-b2a8-4711-a3ad-fd36b9802fdc,MLQ5X_D2_SEQUENCE_11,MLQ5X_D2S11_N17_GUZMAN_PRACTICE_CUPS,A,17,3.0,3.0,3.0,2.0,0.0,1.0,2.0,0.0,0.0
407881ee-5c88-4024-9027-14e571cac9df,67043350-b2a8-4711-a3ad-fd36b9802fdc,MLQ5X_D3_SEQUENCE_14,MLQ5X_D3S14_N18_SOFIA_BOX6_DECISION,A,18,3.0,3.0,1.0,0.0,1.0,3.0,2.0,0.0,0.0
407881ee-5c88-4024-9027-14e571cac9df,67043350-b2a8-4711-a3ad-fd36b9802fdc,MLQ5X_D3_SEQUENCE_14,MLQ5X_D3S14_N19_ULTRASOUND_SHARED_USE,A,19,3.0,3.0,2.0,3.0,3.0,1.0,3.0,0.0,0.0
407881ee-5c88-4024-9027-14e571cac9df,67043350-b2a8-4711-a3ad-fd36b9802fdc,MLQ5X_D3_SEQUENCE_15,MLQ5X_D3S15_N20_SOTO_ROTATING_SHIFTS_DECISION,B,20,2.0,2.0,0.0,0.0,0.0,2.0,3.0,1.0,0.0
407881ee-5c88-4024-9027-14e571cac9df,67043350-b2a8-4711-a3ad-fd36b9802fdc,MLQ5X_D3_SEQUENCE_18,MLQ5X_D3S18_N23_JAVIER_WORKLOAD,A,23,3.0,3.0,2.0,0.0,4.0,1.0,3.0,0.0,0.0
407881ee-5c88-4024-9027-14e571cac9df,67043350-b2a8-4711-a3ad-fd36b9802fdc,MLQ5X_D3_SEQUENCE_16,MLQ5X_D3S16_N21_GUZMAN_UNREGISTERED_INTERNS,A,21,3.0,3.0,2.0,1.0,3.0,1.0,1.0,0.0,0.0
407881ee-5c88-4024-9027-14e571cac9df,67043350-b2a8-4711-a3ad-fd36b9802fdc,MLQ5X_D3_SEQUENCE_16,MLQ5X_D3S16_N22_GUZMAN_CONVENIO_BOX1,A,22,3.0,3.0,3.0,2.0,3.0,2.0,0.0,0.0,0.0
407881ee-5c88-4024-9027-14e571cac9df,67043350-b2a8-4711-a3ad-fd36b9802fdc,MLQ5X_D5_SEQUENCE_21,MLQ5X_D5S21_N26_SOFIA_MINOR_RECORD_ERROR,A,26,2.0,2.0,1.0,0.0,1.0,0.0,3.0,0.0,0.0
8064c2fd-6e57-47d2-90b8-37d61d61ed3c,087b237f-c46e-4753-8c1f-f168bba6c3a7,MLQ5X_D3_SEQUENCE_14,MLQ5X_D3S14_N19_ULTRASOUND_SHARED_USE,A,19,3.0,3.0,2.0,3.0,3.0,1.0,3.0,0.0,0.0
8064c2fd-6e57-47d2-90b8-37d61d61ed3c,087b237f-c46e-4753-8c1f-f168bba6c3a7,MLQ5X_D3_SEQUENCE_15,MLQ5X_D3S15_N20_SOTO_ROTATING_SHIFTS_DECISION,A,20,2.0,3.0,2.0,2.0,2.0,1.0,1.0,0.0,0.0
8064c2fd-6e57-47d2-90b8-37d61d61ed3c,087b237f-c46e-4753-8c1f-f168bba6c3a7,MLQ5X_D3_SEQUENCE_18,MLQ5X_D3S18_N23_JAVIER_WORKLOAD,A,23,3.0,3.0,2.0,0.0,4.0,1.0,3.0,0.0,0.0
8064c2fd-6e57-47d2-90b8-37d61d61ed3c,087b237f-c46e-4753-8c1f-f168bba6c3a7,MLQ5X_D3_SEQUENCE_16,MLQ5X_D3S16_N21_GUZMAN_UNREGISTERED_INTERNS,A,21,3.0,3.0,2.0,1.0,3.0,1.0,1.0,0.0,0.0
8064c2fd-6e57-47d2-90b8-37d61d61ed3c,087b237f-c46e-4753-8c1f-f168bba6c3a7,MLQ5X_D3_SEQUENCE_16,MLQ5X_D3S16_N22_GUZMAN_CONVENIO_BOX1,B,22,2.0,2.0,0.0,0.0,1.0,2.0,2.0,2.0,1.0
8064c2fd-6e57-47d2-90b8-37d61d61ed3c,087b237f-c46e-4753-8c1f-f168bba6c3a7,MLQ5X_D4_SEQUENCE_19,MLQ5X_D4S19_N24_GUZMAN_BOX1_BROKEN_PROMISE,A,24,3.0,3.0,2.0,1.0,3.0,2.0,1.0,0.0,0.0
8064c2fd-6e57-47d2-90b8-37d61d61ed3c,087b237f-c46e-4753-8c1f-f168bba6c3a7,MLQ5X_D5_SEQUENCE_21,MLQ5X_D5S21_N26_SOFIA_MINOR_RECORD_ERROR,B,26,1.0,1.0,0.0,0.0,2.0,1.0,1.0,1.0,0.0
8064c2fd-6e57-47d2-90b8-37d61d61ed3c,087b237f-c46e-4753-8c1f-f168bba6c3a7,MLQ5X_D4_SEQUENCE_20,MLQ5X_D4S20_N25_RIOS_FLEXIBILITY_REQUEST,B,25,2.0,2.0,0.0,0.0,2.0,2.0,3.0,1.0,0.0
8064c2fd-6e57-47d2-90b8-37d61d61ed3c,087b237f-c46e-4753-8c1f-f168bba6c3a7,MLQ5X_D5_SEQUENCE_22,MLQ5X_D5S22_N27_SOTO_MINOR_RISK_REPORT,B,27,1.0,1.0,0.0,0.0,0.0,0.0,1.0,3.0,1.0
8064c2fd-6e57-47d2-90b8-37d61d61ed3c,087b237f-c46e-4753-8c1f-f168bba6c3a7,MLQ5X_D5_SEQUENCE_23,MLQ5X_D5S23_N28_RIOS_TENS_PROTOCOL,C,28,0.0,0.0,0.0,0.0,0.0,0.0,2.0,2.0,1.0
0c744c4c-f7ec-4b00-9f1a-ecc089df9110,4f7d4323-4588-4fd1-964e-049ce8bd3765,MLQ5X_D1_SEQUENCE_1,MLQ5X_D1S1_N1_RIOS_CHOICE,B,1,1.0,0.0,1.0,0.0,0.0,0.0,0.0,3.0,3.0
0c744c4c-f7ec-4b00-9f1a-ecc089df9110,4f7d4323-4588-4fd1-964e-049ce8bd3765,MLQ5X_D1_SEQUENCE_1,MLQ5X_D1S1_N2_GUZMAN_DOCENCIA,C,2,2.0,2.0,1.0,0.0,1.0,1.0,4.0,0.0,0.0
0c744c4c-f7ec-4b00-9f1a-ecc089df9110,4f7d4323-4588-4fd1-964e-049ce8bd3765,MLQ5X_D1_SEQUENCE_1,MLQ5X_D1S1_N3_RIOS_PROTOCOLS,A,3,3.0,3.0,3.0,3.0,3.0,1.0,3.0,0.0,0.0
0c744c4c-f7ec-4b00-9f1a-ecc089df9110,4f7d4323-4588-4fd1-964e-049ce8bd3765,MLQ5X_D1_SEQUENCE_1,MLQ5X_D1S1_N4_SOTO_INDICATORS,C,4,1.0,1.0,2.0,1.0,0.0,0.0,1.0,1.0,1.0
0c744c4c-f7ec-4b00-9f1a-ecc089df9110,4f7d4323-4588-4fd1-964e-049ce8bd3765,MLQ5X_D1_SEQUENCE_1,MLQ5X_D1S1_N5_SOFIA_PRIORITY,A,5,1.0,2.0,1.0,0.0,2.0,1.0,2.0,1.0,0.0
0c744c4c-f7ec-4b00-9f1a-ecc089df9110,4f7d4323-4588-4fd1-964e-049ce8bd3765,MLQ5X_D1_SEQUENCE_5,MLQ5X_D1S5_N10_SOTO_PROTOCOLS,C,10,2.0,2.0,2.0,1.0,1.0,1.0,2.0,2.0,1.0
0c744c4c-f7ec-4b00-9f1a-ecc089df9110,4f7d4323-4588-4fd1-964e-049ce8bd3765,MLQ5X_D1_SEQUENCE_3,MLQ5X_D1S3_N6_GUZMAN_DOCENCIA,B,6,1.0,2.0,1.0,0.0,0.0,1.0,1.0,1.0,0.0
0c744c4c-f7ec-4b00-9f1a-ecc089df9110,4f7d4323-4588-4fd1-964e-049ce8bd3765,MLQ5X_D1_SEQUENCE_4,MLQ5X_D1S4_N7_RIOS_DERIVACION,C,7,2.0,2.0,0.0,0.0,0.0,2.0,4.0,0.0,0.0
823843ad-cdf0-4b95-845e-81295c16f2c7,f76eaf95-9ec6-423d-b336-7b7c54cd1ac3,MLQ5X_D3_SEQUENCE_16,MLQ5X_D3S16_N22_GUZMAN_CONVENIO_BOX1,C,22,0.0,0.0,0.0,0.0,0.0,0.0,0.0,3.0,4.0
823843ad-cdf0-4b95-845e-81295c16f2c7,f76eaf95-9ec6-423d-b336-7b7c54cd1ac3,MLQ5X_D5_SEQUENCE_21,MLQ5X_D5S21_N26_SOFIA_MINOR_RECORD_ERROR,A,26,2.0,2.0,1.0,0.0,1.0,0.0,3.0,0.0,0.0
823843ad-cdf0-4b95-845e-81295c16f2c7,f76eaf95-9ec6-423d-b336-7b7c54cd1ac3,MLQ5X_D4_SEQUENCE_20,MLQ5X_D4S20_N25_RIOS_FLEXIBILITY_REQUEST,C,25,0.0,0.0,0.0,0.0,0.0,0.0,2.0,0.0,0.0
823843ad-cdf0-4b95-845e-81295c16f2c7,f76eaf95-9ec6-423d-b336-7b7c54cd1ac3,MLQ5X_D5_SEQUENCE_22,MLQ5X_D5S22_N27_SOTO_MINOR_RISK_REPORT,B,27,1.0,1.0,0.0,0.0,0.0,0.0,1.0,3.0,1.0
823843ad-cdf0-4b95-845e-81295c16f2c7,f76eaf95-9ec6-423d-b336-7b7c54cd1ac3,MLQ5X_D5_SEQUENCE_23,MLQ5X_D5S23_N28_RIOS_TENS_PROTOCOL,B,28,2.0,2.0,2.0,2.0,3.0,1.0,1.0,0.0,0.0
407881ee-5c88-4024-9027-14e571cac9df,67043350-b2a8-4711-a3ad-fd36b9802fdc,MLQ5X_D4_SEQUENCE_20,MLQ5X_D4S20_N25_RIOS_FLEXIBILITY_REQUEST,B,25,2.0,2.0,0.0,0.0,2.0,2.0,3.0,1.0,0.0
407881ee-5c88-4024-9027-14e571cac9df,67043350-b2a8-4711-a3ad-fd36b9802fdc,MLQ5X_D5_SEQUENCE_22,MLQ5X_D5S22_N27_SOTO_MINOR_RISK_REPORT,B,27,1.0,1.0,0.0,0.0,0.0,0.0,1.0,3.0,1.0
407881ee-5c88-4024-9027-14e571cac9df,67043350-b2a8-4711-a3ad-fd36b9802fdc,MLQ5X_D5_SEQUENCE_23,MLQ5X_D5S23_N28_RIOS_TENS_PROTOCOL,C,28,0.0,0.0,0.0,0.0,0.0,0.0,2.0,2.0,1.0
0eb44534-f661-4d15-9473-a5bcf8fcf73f,9b8b9750-78a6-43ff-8a08-4473af2bce40,MLQ5X_D4_SEQUENCE_20,MLQ5X_D4S20_N25_RIOS_FLEXIBILITY_REQUEST,B,25,2.0,2.0,0.0,0.0,2.0,2.0,3.0,1.0,0.0
98ef0562-c102-4460-a902-4627b1d0860e,3bced125-05a7-41b0-8901-3c8a5829210c,MLQ5X_D1_SEQUENCE_1,MLQ5X_D1S1_N1_RIOS_CHOICE,A,1,3.0,4.0,3.0,1.0,2.0,1.0,2.0,0.0,0.0
3b3884c2-7c88-4ad3-b52b-a6bb214a009b,609539be-f391-47b1-a5b1-155cd1830b23,MLQ5X_D1_SEQUENCE_1,MLQ5X_D1S1_N5_SOFIA_PRIORITY,C,5,3.0,3.0,2.0,2.0,1.0,1.0,2.0,0.0,0.0
3b3884c2-7c88-4ad3-b52b-a6bb214a009b,609539be-f391-47b1-a5b1-155cd1830b23,MLQ5X_D1_SEQUENCE_4,MLQ5X_D1S4_N7_RIOS_DERIVACION,B,7,0.0,0.0,0.0,0.0,1.0,0.0,1.0,2.0,2.0
3b3884c2-7c88-4ad3-b52b-a6bb214a009b,609539be-f391-47b1-a5b1-155cd1830b23,MLQ5X_D1_SEQUENCE_4,MLQ5X_D1S4_N8_RIOS_SANCION,A,8,2.0,2.0,2.0,1.0,2.0,2.0,1.0,2.0,0.0
3b3884c2-7c88-4ad3-b52b-a6bb214a009b,609539be-f391-47b1-a5b1-155cd1830b23,MLQ5X_D1_SEQUENCE_4,MLQ5X_D1S4_N9_SOTO_REPORTE,B,9,1.0,1.0,0.0,1.0,0.0,1.0,1.0,3.0,1.0
3b3884c2-7c88-4ad3-b52b-a6bb214a009b,609539be-f391-47b1-a5b1-155cd1830b23,MLQ5X_D1_SEQUENCE_5,MLQ5X_D1S5_N10_SOTO_PROTOCOLS,C,10,2.0,2.0,2.0,1.0,1.0,1.0,2.0,2.0,1.0
3b3884c2-7c88-4ad3-b52b-a6bb214a009b,609539be-f391-47b1-a5b1-155cd1830b23,MLQ5X_D1_SEQUENCE_3,MLQ5X_D1S3_N6_GUZMAN_DOCENCIA,C,6,3.0,3.0,2.0,0.0,1.0,2.0,1.0,1.0,0.0
3b3884c2-7c88-4ad3-b52b-a6bb214a009b,609539be-f391-47b1-a5b1-155cd1830b23,MLQ5X_D2_SEQUENCE_8,MLQ5X_D2S8_N11_SOTO_DECISION,A,11,3.0,4.0,2.0,2.0,2.0,2.0,3.0,0.0,0.0
3b3884c2-7c88-4ad3-b52b-a6bb214a009b,609539be-f391-47b1-a5b1-155cd1830b23,MLQ5X_D2_SEQUENCE_10,MLQ5X_D2S10_N13_LATE_ARRIVAL_RESPONSE,B,13,3.0,4.0,4.0,3.0,2.0,2.0,1.0,0.0,0.0
3b3884c2-7c88-4ad3-b52b-a6bb214a009b,609539be-f391-47b1-a5b1-155cd1830b23,MLQ5X_D2_SEQUENCE_10,MLQ5X_D2S10_N14_RIOS_EXTENDED_SHIFTS,B,14,1.0,0.0,0.0,0.0,1.0,0.0,2.0,2.0,0.0
0c744c4c-f7ec-4b00-9f1a-ecc089df9110,4f7d4323-4588-4fd1-964e-049ce8bd3765,MLQ5X_D1_SEQUENCE_4,MLQ5X_D1S4_N8_RIOS_SANCION,B,8,2.0,2.0,2.0,0.0,1.0,2.0,2.0,2.0,0.0
0c744c4c-f7ec-4b00-9f1a-ecc089df9110,4f7d4323-4588-4fd1-964e-049ce8bd3765,MLQ5X_D1_SEQUENCE_4,MLQ5X_D1S4_N9_SOTO_REPORTE,A,9,2.0,3.0,2.0,2.0,2.0,2.0,2.0,0.0,0.0
0c744c4c-f7ec-4b00-9f1a-ecc089df9110,4f7d4323-4588-4fd1-964e-049ce8bd3765,MLQ5X_D2_SEQUENCE_8,MLQ5X_D2S8_N11_SOTO_DECISION,A,11,3.0,4.0,2.0,2.0,2.0,2.0,3.0,0.0,0.0
0c744c4c-f7ec-4b00-9f1a-ecc089df9110,4f7d4323-4588-4fd1-964e-049ce8bd3765,MLQ5X_D2_SEQUENCE_10,MLQ5X_D2S10_N13_LATE_ARRIVAL_RESPONSE,A,13,2.0,2.0,1.0,2.0,4.0,2.0,1.0,0.0,0.0
0c744c4c-f7ec-4b00-9f1a-ecc089df9110,4f7d4323-4588-4fd1-964e-049ce8bd3765,MLQ5X_D2_SEQUENCE_10,MLQ5X_D2S10_N14_RIOS_EXTENDED_SHIFTS,A,14,3.0,3.0,2.0,1.0,2.0,1.0,3.0,0.0,0.0
0c744c4c-f7ec-4b00-9f1a-ecc089df9110,4f7d4323-4588-4fd1-964e-049ce8bd3765,MLQ5X_D2_SEQUENCE_10,MLQ5X_D2S10_N15_RIOS_RESIGNATION_RISK,B,15,2.0,2.0,1.0,3.0,2.0,0.0,2.0,0.0,0.0
0c744c4c-f7ec-4b00-9f1a-ecc089df9110,4f7d4323-4588-4fd1-964e-049ce8bd3765,MLQ5X_D2_SEQUENCE_9,MLQ5X_D2S9_N12_SOTO_WATER_CUT_FOLLOWUP,A,12,4.0,4.0,4.0,1.0,3.0,2.0,0.0,0.0,0.0
0c744c4c-f7ec-4b00-9f1a-ecc089df9110,4f7d4323-4588-4fd1-964e-049ce8bd3765,MLQ5X_D2_SEQUENCE_11,MLQ5X_D2S11_N16_GUZMAN_VISION,C,16,0.0,1.0,0.0,0.0,0.0,2.0,3.0,1.0,0.0
0c744c4c-f7ec-4b00-9f1a-ecc089df9110,4f7d4323-4588-4fd1-964e-049ce8bd3765,MLQ5X_D2_SEQUENCE_11,MLQ5X_D2S11_N17_GUZMAN_PRACTICE_CUPS,A,17,3.0,3.0,3.0,2.0,0.0,1.0,2.0,0.0,0.0
0c744c4c-f7ec-4b00-9f1a-ecc089df9110,4f7d4323-4588-4fd1-964e-049ce8bd3765,MLQ5X_D3_SEQUENCE_14,MLQ5X_D3S14_N18_SOFIA_BOX6_DECISION,A,18,3.0,3.0,1.0,0.0,1.0,3.0,2.0,0.0,0.0
0c744c4c-f7ec-4b00-9f1a-ecc089df9110,4f7d4323-4588-4fd1-964e-049ce8bd3765,MLQ5X_D3_SEQUENCE_14,MLQ5X_D3S14_N19_ULTRASOUND_SHARED_USE,A,19,3.0,3.0,2.0,3.0,3.0,1.0,3.0,0.0,0.0
0c744c4c-f7ec-4b00-9f1a-ecc089df9110,4f7d4323-4588-4fd1-964e-049ce8bd3765,MLQ5X_D3_SEQUENCE_15,MLQ5X_D3S15_N20_SOTO_ROTATING_SHIFTS_DECISION,C,20,2.0,3.0,2.0,3.0,1.0,0.0,1.0,0.0,0.0
3b3884c2-7c88-4ad3-b52b-a6bb214a009b,609539be-f391-47b1-a5b1-155cd1830b23,MLQ5X_D3_SEQUENCE_16,MLQ5X_D3S16_N21_GUZMAN_UNREGISTERED_INTERNS,A,21,3.0,3.0,2.0,1.0,3.0,1.0,1.0,0.0,0.0
3b3884c2-7c88-4ad3-b52b-a6bb214a009b,609539be-f391-47b1-a5b1-155cd1830b23,MLQ5X_D3_SEQUENCE_16,MLQ5X_D3S16_N22_GUZMAN_CONVENIO_BOX1,B,22,2.0,2.0,0.0,0.0,1.0,2.0,2.0,2.0,1.0
3b3884c2-7c88-4ad3-b52b-a6bb214a009b,609539be-f391-47b1-a5b1-155cd1830b23,MLQ5X_D5_SEQUENCE_21,MLQ5X_D5S21_N26_SOFIA_MINOR_RECORD_ERROR,B,26,1.0,1.0,0.0,0.0,2.0,1.0,1.0,1.0,0.0
3b3884c2-7c88-4ad3-b52b-a6bb214a009b,609539be-f391-47b1-a5b1-155cd1830b23,MLQ5X_D2_SEQUENCE_10,MLQ5X_D2S10_N15_RIOS_RESIGNATION_RISK,B,15,2.0,2.0,1.0,3.0,2.0,0.0,2.0,0.0,0.0
b137cdd8-1873-452e-9004-9dfc0eef6e7d,4a2a3de2-8383-4de6-b615-78be13df3e98,MLQ5X_D1_SEQUENCE_1,MLQ5X_D1S1_N1_RIOS_CHOICE,B,1,1.0,0.0,1.0,0.0,0.0,0.0,0.0,3.0,3.0
b137cdd8-1873-452e-9004-9dfc0eef6e7d,4a2a3de2-8383-4de6-b615-78be13df3e98,MLQ5X_D1_SEQUENCE_1,MLQ5X_D1S1_N2_GUZMAN_DOCENCIA,A,2,4.0,4.0,2.0,0.0,4.0,1.0,2.0,0.0,0.0
b137cdd8-1873-452e-9004-9dfc0eef6e7d,4a2a3de2-8383-4de6-b615-78be13df3e98,MLQ5X_D1_SEQUENCE_1,MLQ5X_D1S1_N3_RIOS_PROTOCOLS,A,3,3.0,3.0,3.0,3.0,3.0,1.0,3.0,0.0,0.0
b137cdd8-1873-452e-9004-9dfc0eef6e7d,4a2a3de2-8383-4de6-b615-78be13df3e98,MLQ5X_D1_SEQUENCE_1,MLQ5X_D1S1_N4_SOTO_INDICATORS,B,4,1.0,0.0,1.0,1.0,1.0,1.0,1.0,0.0,0.0
b137cdd8-1873-452e-9004-9dfc0eef6e7d,4a2a3de2-8383-4de6-b615-78be13df3e98,MLQ5X_D1_SEQUENCE_1,MLQ5X_D1S1_N5_SOFIA_PRIORITY,C,5,3.0,3.0,2.0,2.0,1.0,1.0,2.0,0.0,0.0
b137cdd8-1873-452e-9004-9dfc0eef6e7d,4a2a3de2-8383-4de6-b615-78be13df3e98,MLQ5X_D1_SEQUENCE_5,MLQ5X_D1S5_N10_SOTO_PROTOCOLS,C,10,2.0,2.0,2.0,1.0,1.0,1.0,2.0,2.0,1.0
b137cdd8-1873-452e-9004-9dfc0eef6e7d,4a2a3de2-8383-4de6-b615-78be13df3e98,MLQ5X_D2_SEQUENCE_8,MLQ5X_D2S8_N11_SOTO_DECISION,A,11,3.0,4.0,2.0,2.0,2.0,2.0,3.0,0.0,0.0
b137cdd8-1873-452e-9004-9dfc0eef6e7d,4a2a3de2-8383-4de6-b615-78be13df3e98,MLQ5X_D1_SEQUENCE_3,MLQ5X_D1S3_N6_GUZMAN_DOCENCIA,C,6,3.0,3.0,2.0,0.0,1.0,2.0,1.0,1.0,0.0
b137cdd8-1873-452e-9004-9dfc0eef6e7d,4a2a3de2-8383-4de6-b615-78be13df3e98,MLQ5X_D1_SEQUENCE_4,MLQ5X_D1S4_N7_RIOS_DERIVACION,B,7,0.0,0.0,0.0,0.0,1.0,0.0,1.0,2.0,2.0
b137cdd8-1873-452e-9004-9dfc0eef6e7d,4a2a3de2-8383-4de6-b615-78be13df3e98,MLQ5X_D1_SEQUENCE_4,MLQ5X_D1S4_N8_RIOS_SANCION,A,8,2.0,2.0,2.0,1.0,2.0,2.0,1.0,2.0,0.0
b137cdd8-1873-452e-9004-9dfc0eef6e7d,4a2a3de2-8383-4de6-b615-78be13df3e98,MLQ5X_D1_SEQUENCE_4,MLQ5X_D1S4_N9_SOTO_REPORTE,A,9,2.0,3.0,2.0,2.0,2.0,2.0,2.0,0.0,0.0
b137cdd8-1873-452e-9004-9dfc0eef6e7d,4a2a3de2-8383-4de6-b615-78be13df3e98,MLQ5X_D2_SEQUENCE_10,MLQ5X_D2S10_N13_LATE_ARRIVAL_RESPONSE,B,13,3.0,4.0,4.0,3.0,2.0,2.0,1.0,0.0,0.0
b137cdd8-1873-452e-9004-9dfc0eef6e7d,4a2a3de2-8383-4de6-b615-78be13df3e98,MLQ5X_D2_SEQUENCE_10,MLQ5X_D2S10_N14_RIOS_EXTENDED_SHIFTS,A,14,3.0,3.0,2.0,1.0,2.0,1.0,3.0,0.0,0.0
b137cdd8-1873-452e-9004-9dfc0eef6e7d,4a2a3de2-8383-4de6-b615-78be13df3e98,MLQ5X_D2_SEQUENCE_10,MLQ5X_D2S10_N15_RIOS_RESIGNATION_RISK,B,15,2.0,2.0,1.0,3.0,2.0,0.0,2.0,0.0,0.0
b137cdd8-1873-452e-9004-9dfc0eef6e7d,4a2a3de2-8383-4de6-b615-78be13df3e98,MLQ5X_D2_SEQUENCE_9,MLQ5X_D2S9_N12_SOTO_WATER_CUT_FOLLOWUP,A,12,4.0,4.0,4.0,1.0,3.0,2.0,0.0,0.0,0.0
b137cdd8-1873-452e-9004-9dfc0eef6e7d,4a2a3de2-8383-4de6-b615-78be13df3e98,MLQ5X_D2_SEQUENCE_11,MLQ5X_D2S11_N16_GUZMAN_VISION,A,16,3.0,3.0,3.0,3.0,3.0,1.0,0.0,0.0,0.0
b137cdd8-1873-452e-9004-9dfc0eef6e7d,4a2a3de2-8383-4de6-b615-78be13df3e98,MLQ5X_D2_SEQUENCE_11,MLQ5X_D2S11_N17_GUZMAN_PRACTICE_CUPS,A,17,3.0,3.0,3.0,2.0,0.0,1.0,2.0,0.0,0.0
b137cdd8-1873-452e-9004-9dfc0eef6e7d,4a2a3de2-8383-4de6-b615-78be13df3e98,MLQ5X_D3_SEQUENCE_14,MLQ5X_D3S14_N18_SOFIA_BOX6_DECISION,A,18,3.0,3.0,1.0,0.0,1.0,3.0,2.0,0.0,0.0
b137cdd8-1873-452e-9004-9dfc0eef6e7d,4a2a3de2-8383-4de6-b615-78be13df3e98,MLQ5X_D5_SEQUENCE_21,MLQ5X_D5S21_N26_SOFIA_MINOR_RECORD_ERROR,A,26,2.0,2.0,1.0,0.0,1.0,0.0,3.0,0.0,0.0
b137cdd8-1873-452e-9004-9dfc0eef6e7d,4a2a3de2-8383-4de6-b615-78be13df3e98,MLQ5X_D4_SEQUENCE_20,MLQ5X_D4S20_N25_RIOS_FLEXIBILITY_REQUEST,B,25,2.0,2.0,0.0,0.0,2.0,2.0,3.0,1.0,0.0
b137cdd8-1873-452e-9004-9dfc0eef6e7d,4a2a3de2-8383-4de6-b615-78be13df3e98,MLQ5X_D5_SEQUENCE_22,MLQ5X_D5S22_N27_SOTO_MINOR_RISK_REPORT,B,27,1.0,1.0,0.0,0.0,0.0,0.0,1.0,3.0,1.0
b137cdd8-1873-452e-9004-9dfc0eef6e7d,4a2a3de2-8383-4de6-b615-78be13df3e98,MLQ5X_D5_SEQUENCE_23,MLQ5X_D5S23_N28_RIOS_TENS_PROTOCOL,A,28,2.0,2.0,2.0,1.0,2.0,0.0,1.0,0.0,0.0
3b3884c2-7c88-4ad3-b52b-a6bb214a009b,609539be-f391-47b1-a5b1-155cd1830b23,MLQ5X_D2_SEQUENCE_9,MLQ5X_D2S9_N12_SOTO_WATER_CUT_FOLLOWUP,A,12,4.0,4.0,4.0,1.0,3.0,2.0,0.0,0.0,0.0
8064c2fd-6e57-47d2-90b8-37d61d61ed3c,087b237f-c46e-4753-8c1f-f168bba6c3a7,MLQ5X_D1_SEQUENCE_1,MLQ5X_D1S1_N1_RIOS_CHOICE,C,1,0.0,0.0,1.0,0.0,0.0,0.0,0.0,2.0,2.0
8064c2fd-6e57-47d2-90b8-37d61d61ed3c,087b237f-c46e-4753-8c1f-f168bba6c3a7,MLQ5X_D1_SEQUENCE_1,MLQ5X_D1S1_N2_GUZMAN_DOCENCIA,A,2,4.0,4.0,2.0,0.0,4.0,1.0,2.0,0.0,0.0
8064c2fd-6e57-47d2-90b8-37d61d61ed3c,087b237f-c46e-4753-8c1f-f168bba6c3a7,MLQ5X_D1_SEQUENCE_1,MLQ5X_D1S1_N3_RIOS_PROTOCOLS,A,3,3.0,3.0,3.0,3.0,3.0,1.0,3.0,0.0,0.0
8064c2fd-6e57-47d2-90b8-37d61d61ed3c,087b237f-c46e-4753-8c1f-f168bba6c3a7,MLQ5X_D1_SEQUENCE_1,MLQ5X_D1S1_N4_SOTO_INDICATORS,B,4,1.0,0.0,1.0,1.0,1.0,1.0,1.0,0.0,0.0
8064c2fd-6e57-47d2-90b8-37d61d61ed3c,087b237f-c46e-4753-8c1f-f168bba6c3a7,MLQ5X_D1_SEQUENCE_1,MLQ5X_D1S1_N5_SOFIA_PRIORITY,C,5,3.0,3.0,2.0,2.0,1.0,1.0,2.0,0.0,0.0
8064c2fd-6e57-47d2-90b8-37d61d61ed3c,087b237f-c46e-4753-8c1f-f168bba6c3a7,MLQ5X_D1_SEQUENCE_4,MLQ5X_D1S4_N7_RIOS_DERIVACION,A,7,3.0,3.0,3.0,4.0,3.0,2.0,0.0,0.0,0.0
8064c2fd-6e57-47d2-90b8-37d61d61ed3c,087b237f-c46e-4753-8c1f-f168bba6c3a7,MLQ5X_D1_SEQUENCE_4,MLQ5X_D1S4_N8_RIOS_SANCION,B,8,2.0,2.0,2.0,0.0,1.0,2.0,2.0,2.0,0.0
8064c2fd-6e57-47d2-90b8-37d61d61ed3c,087b237f-c46e-4753-8c1f-f168bba6c3a7,MLQ5X_D1_SEQUENCE_4,MLQ5X_D1S4_N9_SOTO_REPORTE,B,9,1.0,1.0,0.0,1.0,0.0,1.0,1.0,3.0,1.0
8064c2fd-6e57-47d2-90b8-37d61d61ed3c,087b237f-c46e-4753-8c1f-f168bba6c3a7,MLQ5X_D2_SEQUENCE_8,MLQ5X_D2S8_N11_SOTO_DECISION,A,11,3.0,4.0,2.0,2.0,2.0,2.0,3.0,0.0,0.0
8064c2fd-6e57-47d2-90b8-37d61d61ed3c,087b237f-c46e-4753-8c1f-f168bba6c3a7,MLQ5X_D1_SEQUENCE_3,MLQ5X_D1S3_N6_GUZMAN_DOCENCIA,C,6,3.0,3.0,2.0,0.0,1.0,2.0,1.0,1.0,0.0
8064c2fd-6e57-47d2-90b8-37d61d61ed3c,087b237f-c46e-4753-8c1f-f168bba6c3a7,MLQ5X_D1_SEQUENCE_5,MLQ5X_D1S5_N10_SOTO_PROTOCOLS,C,10,2.0,2.0,2.0,1.0,1.0,1.0,2.0,2.0,1.0
0eb44534-f661-4d15-9473-a5bcf8fcf73f,9b8b9750-78a6-43ff-8a08-4473af2bce40,MLQ5X_D5_SEQUENCE_22,MLQ5X_D5S22_N27_SOTO_MINOR_RISK_REPORT,A,27,1.0,1.0,0.0,0.0,0.0,1.0,2.0,3.0,2.0
0eb44534-f661-4d15-9473-a5bcf8fcf73f,9b8b9750-78a6-43ff-8a08-4473af2bce40,MLQ5X_D5_SEQUENCE_23,MLQ5X_D5S23_N28_RIOS_TENS_PROTOCOL,B,28,2.0,2.0,2.0,2.0,3.0,1.0,1.0,0.0,0.0
ea404ae2-3f12-4df9-bd60-ef021301bc8b,8a5734f7-b144-4ada-bc5e-ae748a9487ae,MLQ5X_D1_SEQUENCE_1,MLQ5X_D1S1_N3_RIOS_PROTOCOLS,A,3,3.0,3.0,3.0,3.0,3.0,1.0,3.0,0.0,0.0
51306206-2f75-45e9-b639-9f059ddef1f6,d506a8f0-8bb2-4f4b-8c4a-9741dc7e7dcc,MLQ5X_D1_SEQUENCE_1,MLQ5X_D1S1_N1_RIOS_CHOICE,A,1,3.0,4.0,3.0,1.0,2.0,1.0,2.0,0.0,0.0
51306206-2f75-45e9-b639-9f059ddef1f6,d506a8f0-8bb2-4f4b-8c4a-9741dc7e7dcc,MLQ5X_D1_SEQUENCE_1,MLQ5X_D1S1_N2_GUZMAN_DOCENCIA,A,2,4.0,4.0,2.0,0.0,4.0,1.0,2.0,0.0,0.0
42e50ef2-488a-46af-9be7-43ba51aae3b3,a71b7438-ec7a-4518-8d31-ff796802bea3,MLQ5X_D4_SEQUENCE_19,MLQ5X_D4S19_N24_GUZMAN_BOX1_BROKEN_PROMISE,A,24,3.0,3.0,2.0,1.0,3.0,2.0,1.0,0.0,0.0
42e50ef2-488a-46af-9be7-43ba51aae3b3,a71b7438-ec7a-4518-8d31-ff796802bea3,MLQ5X_D5_SEQUENCE_21,MLQ5X_D5S21_N26_SOFIA_MINOR_RECORD_ERROR,A,26,2.0,2.0,1.0,0.0,1.0,0.0,3.0,0.0,0.0
42e50ef2-488a-46af-9be7-43ba51aae3b3,a71b7438-ec7a-4518-8d31-ff796802bea3,MLQ5X_D4_SEQUENCE_20,MLQ5X_D4S20_N25_RIOS_FLEXIBILITY_REQUEST,B,25,2.0,2.0,0.0,0.0,2.0,2.0,3.0,1.0,0.0
42e50ef2-488a-46af-9be7-43ba51aae3b3,a71b7438-ec7a-4518-8d31-ff796802bea3,MLQ5X_D5_SEQUENCE_22,MLQ5X_D5S22_N27_SOTO_MINOR_RISK_REPORT,B,27,1.0,1.0,0.0,0.0,0.0,0.0,1.0,3.0,1.0
def078d2-e602-4f38-bff9-19a3105965da,005f45f5-a4c8-401e-811f-a9a24a561ee3,MLQ5X_D1_SEQUENCE_1,MLQ5X_D1S1_N1_RIOS_CHOICE,C,1,0.0,0.0,1.0,0.0,0.0,0.0,0.0,2.0,2.0
c9eaab78-3650-49a0-af72-6be46190f081,88ffbd4d-bf9a-499a-97cf-a96960a6d9f7,MLQ5X_D1_SEQUENCE_1,MLQ5X_D1S1_N1_RIOS_CHOICE,B,1,1.0,0.0,1.0,0.0,0.0,0.0,0.0,3.0,3.0
c9eaab78-3650-49a0-af72-6be46190f081,88ffbd4d-bf9a-499a-97cf-a96960a6d9f7,MLQ5X_D1_SEQUENCE_1,MLQ5X_D1S1_N2_GUZMAN_DOCENCIA,B,2,0.0,0.0,0.0,0.0,0.0,0.0,1.0,3.0,3.0
c9eaab78-3650-49a0-af72-6be46190f081,88ffbd4d-bf9a-499a-97cf-a96960a6d9f7,MLQ5X_D1_SEQUENCE_1,MLQ5X_D1S1_N3_RIOS_PROTOCOLS,B,3,0.0,0.0,0.0,0.0,0.0,0.0,0.0,3.0,3.0
c9eaab78-3650-49a0-af72-6be46190f081,88ffbd4d-bf9a-499a-97cf-a96960a6d9f7,MLQ5X_D1_SEQUENCE_1,MLQ5X_D1S1_N4_SOTO_INDICATORS,A,4,3.0,3.0,2.0,2.0,2.0,0.0,2.0,1.0,1.0
c9eaab78-3650-49a0-af72-6be46190f081,88ffbd4d-bf9a-499a-97cf-a96960a6d9f7,MLQ5X_D1_SEQUENCE_1,MLQ5X_D1S1_N5_SOFIA_PRIORITY,C,5,3.0,3.0,2.0,2.0,1.0,1.0,2.0,0.0,0.0
c9eaab78-3650-49a0-af72-6be46190f081,88ffbd4d-bf9a-499a-97cf-a96960a6d9f7,MLQ5X_D1_SEQUENCE_5,MLQ5X_D1S5_N10_SOTO_PROTOCOLS,C,10,2.0,2.0,2.0,1.0,1.0,1.0,2.0,2.0,1.0
c9eaab78-3650-49a0-af72-6be46190f081,88ffbd4d-bf9a-499a-97cf-a96960a6d9f7,MLQ5X_D1_SEQUENCE_4,MLQ5X_D1S4_N7_RIOS_DERIVACION,B,7,0.0,0.0,0.0,0.0,1.0,0.0,1.0,2.0,2.0
c9eaab78-3650-49a0-af72-6be46190f081,88ffbd4d-bf9a-499a-97cf-a96960a6d9f7,MLQ5X_D1_SEQUENCE_4,MLQ5X_D1S4_N8_RIOS_SANCION,B,8,2.0,2.0,2.0,0.0,1.0,2.0,2.0,2.0,0.0
c9eaab78-3650-49a0-af72-6be46190f081,88ffbd4d-bf9a-499a-97cf-a96960a6d9f7,MLQ5X_D1_SEQUENCE_4,MLQ5X_D1S4_N9_SOTO_REPORTE,A,9,2.0,3.0,2.0,2.0,2.0,2.0,2.0,0.0,0.0
c9eaab78-3650-49a0-af72-6be46190f081,88ffbd4d-bf9a-499a-97cf-a96960a6d9f7,MLQ5X_D2_SEQUENCE_8,MLQ5X_D2S8_N11_SOTO_DECISION,A,11,3.0,4.0,2.0,2.0,2.0,2.0,3.0,0.0,0.0
c9eaab78-3650-49a0-af72-6be46190f081,88ffbd4d-bf9a-499a-97cf-a96960a6d9f7,MLQ5X_D1_SEQUENCE_3,MLQ5X_D1S3_N6_GUZMAN_DOCENCIA,C,6,3.0,3.0,2.0,0.0,1.0,2.0,1.0,1.0,0.0
c9eaab78-3650-49a0-af72-6be46190f081,88ffbd4d-bf9a-499a-97cf-a96960a6d9f7,MLQ5X_D2_SEQUENCE_10,MLQ5X_D2S10_N13_LATE_ARRIVAL_RESPONSE,A,13,2.0,2.0,1.0,2.0,4.0,2.0,1.0,0.0,0.0
c9eaab78-3650-49a0-af72-6be46190f081,88ffbd4d-bf9a-499a-97cf-a96960a6d9f7,MLQ5X_D2_SEQUENCE_10,MLQ5X_D2S10_N14_RIOS_EXTENDED_SHIFTS,A,14,3.0,3.0,2.0,1.0,2.0,1.0,3.0,0.0,0.0
c9eaab78-3650-49a0-af72-6be46190f081,88ffbd4d-bf9a-499a-97cf-a96960a6d9f7,MLQ5X_D2_SEQUENCE_10,MLQ5X_D2S10_N15_RIOS_RESIGNATION_RISK,B,15,2.0,2.0,1.0,3.0,2.0,0.0,2.0,0.0,0.0
c9eaab78-3650-49a0-af72-6be46190f081,88ffbd4d-bf9a-499a-97cf-a96960a6d9f7,MLQ5X_D2_SEQUENCE_9,MLQ5X_D2S9_N12_SOTO_WATER_CUT_FOLLOWUP,A,12,4.0,4.0,4.0,1.0,3.0,2.0,0.0,0.0,0.0
c9eaab78-3650-49a0-af72-6be46190f081,88ffbd4d-bf9a-499a-97cf-a96960a6d9f7,MLQ5X_D2_SEQUENCE_11,MLQ5X_D2S11_N16_GUZMAN_VISION,C,16,0.0,1.0,0.0,0.0,0.0,2.0,3.0,1.0,0.0
c9eaab78-3650-49a0-af72-6be46190f081,88ffbd4d-bf9a-499a-97cf-a96960a6d9f7,MLQ5X_D2_SEQUENCE_11,MLQ5X_D2S11_N17_GUZMAN_PRACTICE_CUPS,B,17,2.0,1.0,0.0,0.0,1.0,1.0,3.0,0.0,0.0
c9eaab78-3650-49a0-af72-6be46190f081,88ffbd4d-bf9a-499a-97cf-a96960a6d9f7,MLQ5X_D3_SEQUENCE_14,MLQ5X_D3S14_N18_SOFIA_BOX6_DECISION,A,18,3.0,3.0,1.0,0.0,1.0,3.0,2.0,0.0,0.0
c9eaab78-3650-49a0-af72-6be46190f081,88ffbd4d-bf9a-499a-97cf-a96960a6d9f7,MLQ5X_D3_SEQUENCE_14,MLQ5X_D3S14_N19_ULTRASOUND_SHARED_USE,A,19,3.0,3.0,2.0,3.0,3.0,1.0,3.0,0.0,0.0
c9eaab78-3650-49a0-af72-6be46190f081,88ffbd4d-bf9a-499a-97cf-a96960a6d9f7,MLQ5X_D3_SEQUENCE_15,MLQ5X_D3S15_N20_SOTO_ROTATING_SHIFTS_DECISION,A,20,2.0,3.0,2.0,2.0,2.0,1.0,1.0,0.0,0.0
c9eaab78-3650-49a0-af72-6be46190f081,88ffbd4d-bf9a-499a-97cf-a96960a6d9f7,MLQ5X_D3_SEQUENCE_18,MLQ5X_D3S18_N23_JAVIER_WORKLOAD,A,23,3.0,3.0,2.0,0.0,4.0,1.0,3.0,0.0,0.0
e0e00339-5d78-4ceb-8926-4d3f6e23005a,92332051-d2fa-45e5-aae5-d0a7e295ac41,MLQ5X_D1_SEQUENCE_1,MLQ5X_D1S1_N2_GUZMAN_DOCENCIA,C,2,2.0,2.0,1.0,0.0,1.0,1.0,4.0,0.0,0.0
33147eee-9e34-48ec-9c3b-9c2b6a11078e,cfe79b41-4332-48db-ad43-c85d397a6522,MLQ5X_D1_SEQUENCE_1,MLQ5X_D1S1_N1_RIOS_CHOICE,A,1,3.0,4.0,3.0,1.0,2.0,1.0,2.0,0.0,0.0
33147eee-9e34-48ec-9c3b-9c2b6a11078e,cfe79b41-4332-48db-ad43-c85d397a6522,MLQ5X_D1_SEQUENCE_1,MLQ5X_D1S1_N2_GUZMAN_DOCENCIA,B,2,0.0,0.0,0.0,0.0,0.0,0.0,1.0,3.0,3.0
c9eaab78-3650-49a0-af72-6be46190f081,88ffbd4d-bf9a-499a-97cf-a96960a6d9f7,MLQ5X_D3_SEQUENCE_16,MLQ5X_D3S16_N21_GUZMAN_UNREGISTERED_INTERNS,A,21,3.0,3.0,2.0,1.0,3.0,1.0,1.0,0.0,0.0
c9eaab78-3650-49a0-af72-6be46190f081,88ffbd4d-bf9a-499a-97cf-a96960a6d9f7,MLQ5X_D3_SEQUENCE_16,MLQ5X_D3S16_N22_GUZMAN_CONVENIO_BOX1,B,22,2.0,2.0,0.0,0.0,1.0,2.0,2.0,2.0,1.0
c9eaab78-3650-49a0-af72-6be46190f081,88ffbd4d-bf9a-499a-97cf-a96960a6d9f7,MLQ5X_D4_SEQUENCE_19,MLQ5X_D4S19_N24_GUZMAN_BOX1_BROKEN_PROMISE,C,24,2.0,2.0,1.0,1.0,2.0,2.0,3.0,0.0,0.0
c9eaab78-3650-49a0-af72-6be46190f081,88ffbd4d-bf9a-499a-97cf-a96960a6d9f7,MLQ5X_D5_SEQUENCE_21,MLQ5X_D5S21_N26_SOFIA_MINOR_RECORD_ERROR,A,26,2.0,2.0,1.0,0.0,1.0,0.0,3.0,0.0,0.0
c9eaab78-3650-49a0-af72-6be46190f081,88ffbd4d-bf9a-499a-97cf-a96960a6d9f7,MLQ5X_D4_SEQUENCE_20,MLQ5X_D4S20_N25_RIOS_FLEXIBILITY_REQUEST,B,25,2.0,2.0,0.0,0.0,2.0,2.0,3.0,1.0,0.0
c9eaab78-3650-49a0-af72-6be46190f081,88ffbd4d-bf9a-499a-97cf-a96960a6d9f7,MLQ5X_D5_SEQUENCE_22,MLQ5X_D5S22_N27_SOTO_MINOR_RISK_REPORT,A,27,1.0,1.0,0.0,0.0,0.0,1.0,2.0,3.0,2.0
c9eaab78-3650-49a0-af72-6be46190f081,88ffbd4d-bf9a-499a-97cf-a96960a6d9f7,MLQ5X_D5_SEQUENCE_23,MLQ5X_D5S23_N28_RIOS_TENS_PROTOCOL,B,28,2.0,2.0,2.0,2.0,3.0,1.0,1.0,0.0,0.0
51306206-2f75-45e9-b639-9f059ddef1f6,d506a8f0-8bb2-4f4b-8c4a-9741dc7e7dcc,MLQ5X_D1_SEQUENCE_1,MLQ5X_D1S1_N3_RIOS_PROTOCOLS,B,3,0.0,0.0,0.0,0.0,0.0,0.0,0.0,3.0,3.0
51306206-2f75-45e9-b639-9f059ddef1f6,d506a8f0-8bb2-4f4b-8c4a-9741dc7e7dcc,MLQ5X_D1_SEQUENCE_1,MLQ5X_D1S1_N4_SOTO_INDICATORS,A,4,3.0,3.0,2.0,2.0,2.0,0.0,2.0,1.0,1.0
33147eee-9e34-48ec-9c3b-9c2b6a11078e,cfe79b41-4332-48db-ad43-c85d397a6522,MLQ5X_D1_SEQUENCE_1,MLQ5X_D1S1_N3_RIOS_PROTOCOLS,A,3,3.0,3.0,3.0,3.0,3.0,1.0,3.0,0.0,0.0
33147eee-9e34-48ec-9c3b-9c2b6a11078e,cfe79b41-4332-48db-ad43-c85d397a6522,MLQ5X_D1_SEQUENCE_1,MLQ5X_D1S1_N4_SOTO_INDICATORS,C,4,1.0,1.0,2.0,1.0,0.0,0.0,1.0,1.0,1.0
33147eee-9e34-48ec-9c3b-9c2b6a11078e,cfe79b41-4332-48db-ad43-c85d397a6522,MLQ5X_D1_SEQUENCE_1,MLQ5X_D1S1_N5_SOFIA_PRIORITY,C,5,3.0,3.0,2.0,2.0,1.0,1.0,2.0,0.0,0.0
33147eee-9e34-48ec-9c3b-9c2b6a11078e,cfe79b41-4332-48db-ad43-c85d397a6522,MLQ5X_D1_SEQUENCE_5,MLQ5X_D1S5_N10_SOTO_PROTOCOLS,C,10,2.0,2.0,2.0,1.0,1.0,1.0,2.0,2.0,1.0
33147eee-9e34-48ec-9c3b-9c2b6a11078e,cfe79b41-4332-48db-ad43-c85d397a6522,MLQ5X_D1_SEQUENCE_4,MLQ5X_D1S4_N7_RIOS_DERIVACION,A,7,3.0,3.0,3.0,4.0,3.0,2.0,0.0,0.0,0.0
33147eee-9e34-48ec-9c3b-9c2b6a11078e,cfe79b41-4332-48db-ad43-c85d397a6522,MLQ5X_D1_SEQUENCE_4,MLQ5X_D1S4_N8_RIOS_SANCION,C,8,2.0,1.0,0.0,0.0,0.0,4.0,4.0,0.0,0.0
33147eee-9e34-48ec-9c3b-9c2b6a11078e,cfe79b41-4332-48db-ad43-c85d397a6522,MLQ5X_D1_SEQUENCE_4,MLQ5X_D1S4_N9_SOTO_REPORTE,A,9,2.0,3.0,2.0,2.0,2.0,2.0,2.0,0.0,0.0
33147eee-9e34-48ec-9c3b-9c2b6a11078e,cfe79b41-4332-48db-ad43-c85d397a6522,MLQ5X_D1_SEQUENCE_3,MLQ5X_D1S3_N6_GUZMAN_DOCENCIA,B,6,1.0,2.0,1.0,0.0,0.0,1.0,1.0,1.0,0.0
33147eee-9e34-48ec-9c3b-9c2b6a11078e,cfe79b41-4332-48db-ad43-c85d397a6522,MLQ5X_D2_SEQUENCE_8,MLQ5X_D2S8_N11_SOTO_DECISION,C,11,0.0,0.0,0.0,0.0,0.0,0.0,1.0,3.0,3.0
33147eee-9e34-48ec-9c3b-9c2b6a11078e,cfe79b41-4332-48db-ad43-c85d397a6522,MLQ5X_D2_SEQUENCE_10,MLQ5X_D2S10_N13_LATE_ARRIVAL_RESPONSE,A,13,2.0,2.0,1.0,2.0,4.0,2.0,1.0,0.0,0.0
33147eee-9e34-48ec-9c3b-9c2b6a11078e,cfe79b41-4332-48db-ad43-c85d397a6522,MLQ5X_D2_SEQUENCE_10,MLQ5X_D2S10_N14_RIOS_EXTENDED_SHIFTS,A,14,3.0,3.0,2.0,1.0,2.0,1.0,3.0,0.0,0.0
33147eee-9e34-48ec-9c3b-9c2b6a11078e,cfe79b41-4332-48db-ad43-c85d397a6522,MLQ5X_D2_SEQUENCE_10,MLQ5X_D2S10_N15_RIOS_RESIGNATION_RISK,B,15,2.0,2.0,1.0,3.0,2.0,0.0,2.0,0.0,0.0
33147eee-9e34-48ec-9c3b-9c2b6a11078e,cfe79b41-4332-48db-ad43-c85d397a6522,MLQ5X_D2_SEQUENCE_9,MLQ5X_D2S9_N12_SOTO_WATER_CUT_FOLLOWUP,A,12,4.0,4.0,4.0,1.0,3.0,2.0,0.0,0.0,0.0
33147eee-9e34-48ec-9c3b-9c2b6a11078e,cfe79b41-4332-48db-ad43-c85d397a6522,MLQ5X_D2_SEQUENCE_11,MLQ5X_D2S11_N16_GUZMAN_VISION,C,16,0.0,1.0,0.0,0.0,0.0,2.0,3.0,1.0,0.0
33147eee-9e34-48ec-9c3b-9c2b6a11078e,cfe79b41-4332-48db-ad43-c85d397a6522,MLQ5X_D2_SEQUENCE_11,MLQ5X_D2S11_N17_GUZMAN_PRACTICE_CUPS,B,17,2.0,1.0,0.0,0.0,1.0,1.0,3.0,0.0,0.0
33147eee-9e34-48ec-9c3b-9c2b6a11078e,cfe79b41-4332-48db-ad43-c85d397a6522,MLQ5X_D3_SEQUENCE_14,MLQ5X_D3S14_N18_SOFIA_BOX6_DECISION,A,18,3.0,3.0,1.0,0.0,1.0,3.0,2.0,0.0,0.0
33147eee-9e34-48ec-9c3b-9c2b6a11078e,cfe79b41-4332-48db-ad43-c85d397a6522,MLQ5X_D3_SEQUENCE_14,MLQ5X_D3S14_N19_ULTRASOUND_SHARED_USE,A,19,3.0,3.0,2.0,3.0,3.0,1.0,3.0,0.0,0.0
33147eee-9e34-48ec-9c3b-9c2b6a11078e,cfe79b41-4332-48db-ad43-c85d397a6522,MLQ5X_D3_SEQUENCE_15,MLQ5X_D3S15_N20_SOTO_ROTATING_SHIFTS_DECISION,A,20,2.0,3.0,2.0,2.0,2.0,1.0,1.0,0.0,0.0
33147eee-9e34-48ec-9c3b-9c2b6a11078e,cfe79b41-4332-48db-ad43-c85d397a6522,MLQ5X_D3_SEQUENCE_18,MLQ5X_D3S18_N23_JAVIER_WORKLOAD,B,23,2.0,2.0,1.0,0.0,2.0,1.0,3.0,0.0,0.0
33147eee-9e34-48ec-9c3b-9c2b6a11078e,cfe79b41-4332-48db-ad43-c85d397a6522,MLQ5X_D3_SEQUENCE_16,MLQ5X_D3S16_N21_GUZMAN_UNREGISTERED_INTERNS,C,21,2.0,2.0,0.0,0.0,0.0,1.0,3.0,1.0,0.0
33147eee-9e34-48ec-9c3b-9c2b6a11078e,cfe79b41-4332-48db-ad43-c85d397a6522,MLQ5X_D3_SEQUENCE_16,MLQ5X_D3S16_N22_GUZMAN_CONVENIO_BOX1,C,22,0.0,0.0,0.0,0.0,0.0,0.0,0.0,3.0,4.0
33147eee-9e34-48ec-9c3b-9c2b6a11078e,cfe79b41-4332-48db-ad43-c85d397a6522,MLQ5X_D5_SEQUENCE_21,MLQ5X_D5S21_N26_SOFIA_MINOR_RECORD_ERROR,B,26,1.0,1.0,0.0,0.0,2.0,1.0,1.0,1.0,0.0
33147eee-9e34-48ec-9c3b-9c2b6a11078e,cfe79b41-4332-48db-ad43-c85d397a6522,MLQ5X_D4_SEQUENCE_20,MLQ5X_D4S20_N25_RIOS_FLEXIBILITY_REQUEST,B,25,2.0,2.0,0.0,0.0,2.0,2.0,3.0,1.0,0.0
33147eee-9e34-48ec-9c3b-9c2b6a11078e,cfe79b41-4332-48db-ad43-c85d397a6522,MLQ5X_D5_SEQUENCE_22,MLQ5X_D5S22_N27_SOTO_MINOR_RISK_REPORT,B,27,1.0,1.0,0.0,0.0,0.0,0.0,1.0,3.0,1.0
33147eee-9e34-48ec-9c3b-9c2b6a11078e,cfe79b41-4332-48db-ad43-c85d397a6522,MLQ5X_D5_SEQUENCE_23,MLQ5X_D5S23_N28_RIOS_TENS_PROTOCOL,C,28,0.0,0.0,0.0,0.0,0.0,0.0,2.0,2.0,1.0
def078d2-e602-4f38-bff9-19a3105965da,005f45f5-a4c8-401e-811f-a9a24a561ee3,MLQ5X_D1_SEQUENCE_1,MLQ5X_D1S1_N2_GUZMAN_DOCENCIA,A,2,4.0,4.0,2.0,0.0,4.0,1.0,2.0,0.0,0.0
def078d2-e602-4f38-bff9-19a3105965da,005f45f5-a4c8-401e-811f-a9a24a561ee3,MLQ5X_D1_SEQUENCE_1,MLQ5X_D1S1_N3_RIOS_PROTOCOLS,A,3,3.0,3.0,3.0,3.0,3.0,1.0,3.0,0.0,0.0
def078d2-e602-4f38-bff9-19a3105965da,005f45f5-a4c8-401e-811f-a9a24a561ee3,MLQ5X_D1_SEQUENCE_1,MLQ5X_D1S1_N4_SOTO_INDICATORS,A,4,3.0,3.0,2.0,2.0,2.0,0.0,2.0,1.0,1.0
def078d2-e602-4f38-bff9-19a3105965da,005f45f5-a4c8-401e-811f-a9a24a561ee3,MLQ5X_D1_SEQUENCE_1,MLQ5X_D1S1_N5_SOFIA_PRIORITY,C,5,3.0,3.0,2.0,2.0,1.0,1.0,2.0,0.0,0.0
def078d2-e602-4f38-bff9-19a3105965da,005f45f5-a4c8-401e-811f-a9a24a561ee3,MLQ5X_D1_SEQUENCE_4,MLQ5X_D1S4_N7_RIOS_DERIVACION,A,7,3.0,3.0,3.0,4.0,3.0,2.0,0.0,0.0,0.0
def078d2-e602-4f38-bff9-19a3105965da,005f45f5-a4c8-401e-811f-a9a24a561ee3,MLQ5X_D1_SEQUENCE_4,MLQ5X_D1S4_N8_RIOS_SANCION,A,8,2.0,2.0,2.0,1.0,2.0,2.0,1.0,2.0,0.0
def078d2-e602-4f38-bff9-19a3105965da,005f45f5-a4c8-401e-811f-a9a24a561ee3,MLQ5X_D1_SEQUENCE_4,MLQ5X_D1S4_N9_SOTO_REPORTE,A,9,2.0,3.0,2.0,2.0,2.0,2.0,2.0,0.0,0.0
def078d2-e602-4f38-bff9-19a3105965da,005f45f5-a4c8-401e-811f-a9a24a561ee3,MLQ5X_D1_SEQUENCE_5,MLQ5X_D1S5_N10_SOTO_PROTOCOLS,C,10,2.0,2.0,2.0,1.0,1.0,1.0,2.0,2.0,1.0
def078d2-e602-4f38-bff9-19a3105965da,005f45f5-a4c8-401e-811f-a9a24a561ee3,MLQ5X_D1_SEQUENCE_3,MLQ5X_D1S3_N6_GUZMAN_DOCENCIA,A,6,3.0,2.0,3.0,2.0,3.0,0.0,0.0,0.0,0.0
def078d2-e602-4f38-bff9-19a3105965da,005f45f5-a4c8-401e-811f-a9a24a561ee3,MLQ5X_D2_SEQUENCE_8,MLQ5X_D2S8_N11_SOTO_DECISION,A,11,3.0,4.0,2.0,2.0,2.0,2.0,3.0,0.0,0.0
def078d2-e602-4f38-bff9-19a3105965da,005f45f5-a4c8-401e-811f-a9a24a561ee3,MLQ5X_D2_SEQUENCE_10,MLQ5X_D2S10_N13_LATE_ARRIVAL_RESPONSE,B,13,3.0,4.0,4.0,3.0,2.0,2.0,1.0,0.0,0.0
def078d2-e602-4f38-bff9-19a3105965da,005f45f5-a4c8-401e-811f-a9a24a561ee3,MLQ5X_D2_SEQUENCE_10,MLQ5X_D2S10_N14_RIOS_EXTENDED_SHIFTS,A,14,3.0,3.0,2.0,1.0,2.0,1.0,3.0,0.0,0.0
def078d2-e602-4f38-bff9-19a3105965da,005f45f5-a4c8-401e-811f-a9a24a561ee3,MLQ5X_D2_SEQUENCE_10,MLQ5X_D2S10_N15_RIOS_RESIGNATION_RISK,B,15,2.0,2.0,1.0,3.0,2.0,0.0,2.0,0.0,0.0
def078d2-e602-4f38-bff9-19a3105965da,005f45f5-a4c8-401e-811f-a9a24a561ee3,MLQ5X_D2_SEQUENCE_9,MLQ5X_D2S9_N12_SOTO_WATER_CUT_FOLLOWUP,A,12,4.0,4.0,4.0,1.0,3.0,2.0,0.0,0.0,0.0
def078d2-e602-4f38-bff9-19a3105965da,005f45f5-a4c8-401e-811f-a9a24a561ee3,MLQ5X_D2_SEQUENCE_11,MLQ5X_D2S11_N16_GUZMAN_VISION,A,16,3.0,3.0,3.0,3.0,3.0,1.0,0.0,0.0,0.0
def078d2-e602-4f38-bff9-19a3105965da,005f45f5-a4c8-401e-811f-a9a24a561ee3,MLQ5X_D2_SEQUENCE_11,MLQ5X_D2S11_N17_GUZMAN_PRACTICE_CUPS,A,17,3.0,3.0,3.0,2.0,0.0,1.0,2.0,0.0,0.0
b0776e48-8e46-445b-b16b-b0ab425148db,a69642fd-54c7-4c60-b75f-707094a10457,MLQ5X_D1_SEQUENCE_1,MLQ5X_D1S1_N1_RIOS_CHOICE,A,1,3.0,4.0,3.0,1.0,2.0,1.0,2.0,0.0,0.0
b0776e48-8e46-445b-b16b-b0ab425148db,a69642fd-54c7-4c60-b75f-707094a10457,MLQ5X_D1_SEQUENCE_1,MLQ5X_D1S1_N2_GUZMAN_DOCENCIA,C,2,2.0,2.0,1.0,0.0,1.0,1.0,4.0,0.0,0.0
b0776e48-8e46-445b-b16b-b0ab425148db,a69642fd-54c7-4c60-b75f-707094a10457,MLQ5X_D1_SEQUENCE_1,MLQ5X_D1S1_N3_RIOS_PROTOCOLS,B,3,0.0,0.0,0.0,0.0,0.0,0.0,0.0,3.0,3.0
b0776e48-8e46-445b-b16b-b0ab425148db,a69642fd-54c7-4c60-b75f-707094a10457,MLQ5X_D1_SEQUENCE_1,MLQ5X_D1S1_N4_SOTO_INDICATORS,C,4,1.0,1.0,2.0,1.0,0.0,0.0,1.0,1.0,1.0
b0776e48-8e46-445b-b16b-b0ab425148db,a69642fd-54c7-4c60-b75f-707094a10457,MLQ5X_D1_SEQUENCE_1,MLQ5X_D1S1_N5_SOFIA_PRIORITY,B,5,3.0,1.0,2.0,1.0,1.0,1.0,4.0,0.0,0.0
b0776e48-8e46-445b-b16b-b0ab425148db,a69642fd-54c7-4c60-b75f-707094a10457,MLQ5X_D1_SEQUENCE_5,MLQ5X_D1S5_N10_SOTO_PROTOCOLS,C,10,2.0,2.0,2.0,1.0,1.0,1.0,2.0,2.0,1.0
b0776e48-8e46-445b-b16b-b0ab425148db,a69642fd-54c7-4c60-b75f-707094a10457,MLQ5X_D1_SEQUENCE_3,MLQ5X_D1S3_N6_GUZMAN_DOCENCIA,C,6,3.0,3.0,2.0,0.0,1.0,2.0,1.0,1.0,0.0
b0776e48-8e46-445b-b16b-b0ab425148db,a69642fd-54c7-4c60-b75f-707094a10457,MLQ5X_D1_SEQUENCE_4,MLQ5X_D1S4_N7_RIOS_DERIVACION,C,7,2.0,2.0,0.0,0.0,0.0,2.0,4.0,0.0,0.0
b0776e48-8e46-445b-b16b-b0ab425148db,a69642fd-54c7-4c60-b75f-707094a10457,MLQ5X_D1_SEQUENCE_4,MLQ5X_D1S4_N8_RIOS_SANCION,C,8,2.0,1.0,0.0,0.0,0.0,4.0,4.0,0.0,0.0
b0776e48-8e46-445b-b16b-b0ab425148db,a69642fd-54c7-4c60-b75f-707094a10457,MLQ5X_D1_SEQUENCE_4,MLQ5X_D1S4_N9_SOTO_REPORTE,A,9,2.0,3.0,2.0,2.0,2.0,2.0,2.0,0.0,0.0
b0776e48-8e46-445b-b16b-b0ab425148db,a69642fd-54c7-4c60-b75f-707094a10457,MLQ5X_D2_SEQUENCE_8,MLQ5X_D2S8_N11_SOTO_DECISION,A,11,3.0,4.0,2.0,2.0,2.0,2.0,3.0,0.0,0.0
b0776e48-8e46-445b-b16b-b0ab425148db,a69642fd-54c7-4c60-b75f-707094a10457,MLQ5X_D2_SEQUENCE_10,MLQ5X_D2S10_N13_LATE_ARRIVAL_RESPONSE,A,13,2.0,2.0,1.0,2.0,4.0,2.0,1.0,0.0,0.0
b0776e48-8e46-445b-b16b-b0ab425148db,a69642fd-54c7-4c60-b75f-707094a10457,MLQ5X_D2_SEQUENCE_10,MLQ5X_D2S10_N14_RIOS_EXTENDED_SHIFTS,B,14,1.0,0.0,0.0,0.0,1.0,0.0,2.0,2.0,0.0
b0776e48-8e46-445b-b16b-b0ab425148db,a69642fd-54c7-4c60-b75f-707094a10457,MLQ5X_D2_SEQUENCE_10,MLQ5X_D2S10_N15_RIOS_RESIGNATION_RISK,B,15,2.0,2.0,1.0,3.0,2.0,0.0,2.0,0.0,0.0
b0776e48-8e46-445b-b16b-b0ab425148db,a69642fd-54c7-4c60-b75f-707094a10457,MLQ5X_D2_SEQUENCE_9,MLQ5X_D2S9_N12_SOTO_WATER_CUT_FOLLOWUP,A,12,4.0,4.0,4.0,1.0,3.0,2.0,0.0,0.0,0.0
b0776e48-8e46-445b-b16b-b0ab425148db,a69642fd-54c7-4c60-b75f-707094a10457,MLQ5X_D2_SEQUENCE_11,MLQ5X_D2S11_N16_GUZMAN_VISION,A,16,3.0,3.0,3.0,3.0,3.0,1.0,0.0,0.0,0.0
b0776e48-8e46-445b-b16b-b0ab425148db,a69642fd-54c7-4c60-b75f-707094a10457,MLQ5X_D2_SEQUENCE_11,MLQ5X_D2S11_N17_GUZMAN_PRACTICE_CUPS,B,17,2.0,1.0,0.0,0.0,1.0,1.0,3.0,0.0,0.0
b0776e48-8e46-445b-b16b-b0ab425148db,a69642fd-54c7-4c60-b75f-707094a10457,MLQ5X_D3_SEQUENCE_14,MLQ5X_D3S14_N18_SOFIA_BOX6_DECISION,A,18,3.0,3.0,1.0,0.0,1.0,3.0,2.0,0.0,0.0
b0776e48-8e46-445b-b16b-b0ab425148db,a69642fd-54c7-4c60-b75f-707094a10457,MLQ5X_D3_SEQUENCE_14,MLQ5X_D3S14_N19_ULTRASOUND_SHARED_USE,A,19,3.0,3.0,2.0,3.0,3.0,1.0,3.0,0.0,0.0
def078d2-e602-4f38-bff9-19a3105965da,005f45f5-a4c8-401e-811f-a9a24a561ee3,MLQ5X_D3_SEQUENCE_14,MLQ5X_D3S14_N18_SOFIA_BOX6_DECISION,A,18,3.0,3.0,1.0,0.0,1.0,3.0,2.0,0.0,0.0
def078d2-e602-4f38-bff9-19a3105965da,005f45f5-a4c8-401e-811f-a9a24a561ee3,MLQ5X_D3_SEQUENCE_14,MLQ5X_D3S14_N19_ULTRASOUND_SHARED_USE,A,19,3.0,3.0,2.0,3.0,3.0,1.0,3.0,0.0,0.0
def078d2-e602-4f38-bff9-19a3105965da,005f45f5-a4c8-401e-811f-a9a24a561ee3,MLQ5X_D3_SEQUENCE_15,MLQ5X_D3S15_N20_SOTO_ROTATING_SHIFTS_DECISION,C,20,2.0,3.0,2.0,3.0,1.0,0.0,1.0,0.0,0.0
51306206-2f75-45e9-b639-9f059ddef1f6,d506a8f0-8bb2-4f4b-8c4a-9741dc7e7dcc,MLQ5X_D1_SEQUENCE_1,MLQ5X_D1S1_N5_SOFIA_PRIORITY,C,5,3.0,3.0,2.0,2.0,1.0,1.0,2.0,0.0,0.0
51306206-2f75-45e9-b639-9f059ddef1f6,d506a8f0-8bb2-4f4b-8c4a-9741dc7e7dcc,MLQ5X_D1_SEQUENCE_1,MLQ5X_D1S1_N1_RIOS_CHOICE,C,1,0.0,0.0,1.0,0.0,0.0,0.0,0.0,2.0,2.0
51306206-2f75-45e9-b639-9f059ddef1f6,d506a8f0-8bb2-4f4b-8c4a-9741dc7e7dcc,MLQ5X_D1_SEQUENCE_1,MLQ5X_D1S1_N2_GUZMAN_DOCENCIA,C,2,2.0,2.0,1.0,0.0,1.0,1.0,4.0,0.0,0.0
51306206-2f75-45e9-b639-9f059ddef1f6,d506a8f0-8bb2-4f4b-8c4a-9741dc7e7dcc,MLQ5X_D1_SEQUENCE_1,MLQ5X_D1S1_N3_RIOS_PROTOCOLS,A,3,3.0,3.0,3.0,3.0,3.0,1.0,3.0,0.0,0.0
51306206-2f75-45e9-b639-9f059ddef1f6,d506a8f0-8bb2-4f4b-8c4a-9741dc7e7dcc,MLQ5X_D1_SEQUENCE_1,MLQ5X_D1S1_N4_SOTO_INDICATORS,B,4,1.0,0.0,1.0,1.0,1.0,1.0,1.0,0.0,0.0
def078d2-e602-4f38-bff9-19a3105965da,005f45f5-a4c8-401e-811f-a9a24a561ee3,MLQ5X_D3_SEQUENCE_18,MLQ5X_D3S18_N23_JAVIER_WORKLOAD,B,23,2.0,2.0,1.0,0.0,2.0,1.0,3.0,0.0,0.0
def078d2-e602-4f38-bff9-19a3105965da,005f45f5-a4c8-401e-811f-a9a24a561ee3,MLQ5X_D3_SEQUENCE_16,MLQ5X_D3S16_N21_GUZMAN_UNREGISTERED_INTERNS,A,21,3.0,3.0,2.0,1.0,3.0,1.0,1.0,0.0,0.0
def078d2-e602-4f38-bff9-19a3105965da,005f45f5-a4c8-401e-811f-a9a24a561ee3,MLQ5X_D3_SEQUENCE_16,MLQ5X_D3S16_N22_GUZMAN_CONVENIO_BOX1,B,22,2.0,2.0,0.0,0.0,1.0,2.0,2.0,2.0,1.0
def078d2-e602-4f38-bff9-19a3105965da,005f45f5-a4c8-401e-811f-a9a24a561ee3,MLQ5X_D5_SEQUENCE_21,MLQ5X_D5S21_N26_SOFIA_MINOR_RECORD_ERROR,A,26,2.0,2.0,1.0,0.0,1.0,0.0,3.0,0.0,0.0
def078d2-e602-4f38-bff9-19a3105965da,005f45f5-a4c8-401e-811f-a9a24a561ee3,MLQ5X_D4_SEQUENCE_20,MLQ5X_D4S20_N25_RIOS_FLEXIBILITY_REQUEST,A,25,0.0,1.0,0.0,0.0,3.0,3.0,3.0,0.0,0.0
def078d2-e602-4f38-bff9-19a3105965da,005f45f5-a4c8-401e-811f-a9a24a561ee3,MLQ5X_D5_SEQUENCE_22,MLQ5X_D5S22_N27_SOTO_MINOR_RISK_REPORT,A,27,1.0,1.0,0.0,0.0,0.0,1.0,2.0,3.0,2.0
def078d2-e602-4f38-bff9-19a3105965da,005f45f5-a4c8-401e-811f-a9a24a561ee3,MLQ5X_D5_SEQUENCE_23,MLQ5X_D5S23_N28_RIOS_TENS_PROTOCOL,A,28,2.0,2.0,2.0,1.0,2.0,0.0,1.0,0.0,0.0
dd48844c-9568-494e-bd7e-6f99ff1b9fcb,42586810-2976-4206-8dd1-b55ca84e8c6b,MLQ5X_D3_SEQUENCE_18,MLQ5X_D3S18_N23_JAVIER_WORKLOAD,A,23,3.0,3.0,2.0,0.0,4.0,1.0,3.0,0.0,0.0
b0776e48-8e46-445b-b16b-b0ab425148db,a69642fd-54c7-4c60-b75f-707094a10457,MLQ5X_D3_SEQUENCE_15,MLQ5X_D3S15_N20_SOTO_ROTATING_SHIFTS_DECISION,A,20,2.0,3.0,2.0,2.0,2.0,1.0,1.0,0.0,0.0
b0776e48-8e46-445b-b16b-b0ab425148db,a69642fd-54c7-4c60-b75f-707094a10457,MLQ5X_D3_SEQUENCE_18,MLQ5X_D3S18_N23_JAVIER_WORKLOAD,B,23,2.0,2.0,1.0,0.0,2.0,1.0,3.0,0.0,0.0
b0776e48-8e46-445b-b16b-b0ab425148db,a69642fd-54c7-4c60-b75f-707094a10457,MLQ5X_D3_SEQUENCE_16,MLQ5X_D3S16_N21_GUZMAN_UNREGISTERED_INTERNS,A,21,3.0,3.0,2.0,1.0,3.0,1.0,1.0,0.0,0.0
b0776e48-8e46-445b-b16b-b0ab425148db,a69642fd-54c7-4c60-b75f-707094a10457,MLQ5X_D3_SEQUENCE_16,MLQ5X_D3S16_N22_GUZMAN_CONVENIO_BOX1,B,22,2.0,2.0,0.0,0.0,1.0,2.0,2.0,2.0,1.0
b0776e48-8e46-445b-b16b-b0ab425148db,a69642fd-54c7-4c60-b75f-707094a10457,MLQ5X_D4_SEQUENCE_19,MLQ5X_D4S19_N24_GUZMAN_BOX1_BROKEN_PROMISE,A,24,3.0,3.0,2.0,1.0,3.0,2.0,1.0,0.0,0.0
b0776e48-8e46-445b-b16b-b0ab425148db,a69642fd-54c7-4c60-b75f-707094a10457,MLQ5X_D5_SEQUENCE_21,MLQ5X_D5S21_N26_SOFIA_MINOR_RECORD_ERROR,A,26,2.0,2.0,1.0,0.0,1.0,0.0,3.0,0.0,0.0
b0776e48-8e46-445b-b16b-b0ab425148db,a69642fd-54c7-4c60-b75f-707094a10457,MLQ5X_D4_SEQUENCE_20,MLQ5X_D4S20_N25_RIOS_FLEXIBILITY_REQUEST,B,25,2.0,2.0,0.0,0.0,2.0,2.0,3.0,1.0,0.0
b0776e48-8e46-445b-b16b-b0ab425148db,a69642fd-54c7-4c60-b75f-707094a10457,MLQ5X_D5_SEQUENCE_22,MLQ5X_D5S22_N27_SOTO_MINOR_RISK_REPORT,A,27,1.0,1.0,0.0,0.0,0.0,1.0,2.0,3.0,2.0
b0776e48-8e46-445b-b16b-b0ab425148db,a69642fd-54c7-4c60-b75f-707094a10457,MLQ5X_D5_SEQUENCE_23,MLQ5X_D5S23_N28_RIOS_TENS_PROTOCOL,C,28,0.0,0.0,0.0,0.0,0.0,0.0,2.0,2.0,1.0
dd48844c-9568-494e-bd7e-6f99ff1b9fcb,42586810-2976-4206-8dd1-b55ca84e8c6b,MLQ5X_D3_SEQUENCE_16,MLQ5X_D3S16_N21_GUZMAN_UNREGISTERED_INTERNS,A,21,3.0,3.0,2.0,1.0,3.0,1.0,1.0,0.0,0.0
dd48844c-9568-494e-bd7e-6f99ff1b9fcb,42586810-2976-4206-8dd1-b55ca84e8c6b,MLQ5X_D3_SEQUENCE_16,MLQ5X_D3S16_N22_GUZMAN_CONVENIO_BOX1,B,22,2.0,2.0,0.0,0.0,1.0,2.0,2.0,2.0,1.0
dd48844c-9568-494e-bd7e-6f99ff1b9fcb,42586810-2976-4206-8dd1-b55ca84e8c6b,MLQ5X_D5_SEQUENCE_21,MLQ5X_D5S21_N26_SOFIA_MINOR_RECORD_ERROR,C,26,0.0,0.0,0.0,0.0,0.0,0.0,0.0,2.0,3.0
98ef0562-c102-4460-a902-4627b1d0860e,3bced125-05a7-41b0-8901-3c8a5829210c,MLQ5X_D1_SEQUENCE_1,MLQ5X_D1S1_N2_GUZMAN_DOCENCIA,C,2,2.0,2.0,1.0,0.0,1.0,1.0,4.0,0.0,0.0
98ef0562-c102-4460-a902-4627b1d0860e,3bced125-05a7-41b0-8901-3c8a5829210c,MLQ5X_D1_SEQUENCE_1,MLQ5X_D1S1_N3_RIOS_PROTOCOLS,B,3,0.0,0.0,0.0,0.0,0.0,0.0,0.0,3.0,3.0
98ef0562-c102-4460-a902-4627b1d0860e,3bced125-05a7-41b0-8901-3c8a5829210c,MLQ5X_D1_SEQUENCE_1,MLQ5X_D1S1_N4_SOTO_INDICATORS,B,4,1.0,0.0,1.0,1.0,1.0,1.0,1.0,0.0,0.0
98ef0562-c102-4460-a902-4627b1d0860e,3bced125-05a7-41b0-8901-3c8a5829210c,MLQ5X_D1_SEQUENCE_1,MLQ5X_D1S1_N5_SOFIA_PRIORITY,C,5,3.0,3.0,2.0,2.0,1.0,1.0,2.0,0.0,0.0
98ef0562-c102-4460-a902-4627b1d0860e,3bced125-05a7-41b0-8901-3c8a5829210c,MLQ5X_D2_SEQUENCE_8,MLQ5X_D2S8_N11_SOTO_DECISION,A,11,3.0,4.0,2.0,2.0,2.0,2.0,3.0,0.0,0.0
98ef0562-c102-4460-a902-4627b1d0860e,3bced125-05a7-41b0-8901-3c8a5829210c,MLQ5X_D1_SEQUENCE_4,MLQ5X_D1S4_N7_RIOS_DERIVACION,A,7,3.0,3.0,3.0,4.0,3.0,2.0,0.0,0.0,0.0
51306206-2f75-45e9-b639-9f059ddef1f6,d506a8f0-8bb2-4f4b-8c4a-9741dc7e7dcc,MLQ5X_D1_SEQUENCE_1,MLQ5X_D1S1_N5_SOFIA_PRIORITY,B,5,3.0,1.0,2.0,1.0,1.0,1.0,4.0,0.0,0.0
51306206-2f75-45e9-b639-9f059ddef1f6,d506a8f0-8bb2-4f4b-8c4a-9741dc7e7dcc,MLQ5X_D2_SEQUENCE_8,MLQ5X_D2S8_N11_SOTO_DECISION,C,11,0.0,0.0,0.0,0.0,0.0,0.0,1.0,3.0,3.0
51306206-2f75-45e9-b639-9f059ddef1f6,d506a8f0-8bb2-4f4b-8c4a-9741dc7e7dcc,MLQ5X_D1_SEQUENCE_5,MLQ5X_D1S5_N10_SOTO_PROTOCOLS,B,10,3.0,2.0,2.0,1.0,1.0,1.0,4.0,0.0,0.0
51306206-2f75-45e9-b639-9f059ddef1f6,d506a8f0-8bb2-4f4b-8c4a-9741dc7e7dcc,MLQ5X_D1_SEQUENCE_3,MLQ5X_D1S3_N6_GUZMAN_DOCENCIA,A,6,3.0,2.0,3.0,2.0,3.0,0.0,0.0,0.0,0.0
51306206-2f75-45e9-b639-9f059ddef1f6,d506a8f0-8bb2-4f4b-8c4a-9741dc7e7dcc,MLQ5X_D1_SEQUENCE_4,MLQ5X_D1S4_N7_RIOS_DERIVACION,A,7,3.0,3.0,3.0,4.0,3.0,2.0,0.0,0.0,0.0
51306206-2f75-45e9-b639-9f059ddef1f6,d506a8f0-8bb2-4f4b-8c4a-9741dc7e7dcc,MLQ5X_D1_SEQUENCE_4,MLQ5X_D1S4_N8_RIOS_SANCION,A,8,2.0,2.0,2.0,1.0,2.0,2.0,1.0,2.0,0.0
51306206-2f75-45e9-b639-9f059ddef1f6,d506a8f0-8bb2-4f4b-8c4a-9741dc7e7dcc,MLQ5X_D1_SEQUENCE_4,MLQ5X_D1S4_N9_SOTO_REPORTE,A,9,2.0,3.0,2.0,2.0,2.0,2.0,2.0,0.0,0.0
51306206-2f75-45e9-b639-9f059ddef1f6,d506a8f0-8bb2-4f4b-8c4a-9741dc7e7dcc,MLQ5X_D2_SEQUENCE_10,MLQ5X_D2S10_N13_LATE_ARRIVAL_RESPONSE,C,13,0.0,1.0,0.0,0.0,1.0,0.0,3.0,1.0,0.0
51306206-2f75-45e9-b639-9f059ddef1f6,d506a8f0-8bb2-4f4b-8c4a-9741dc7e7dcc,MLQ5X_D2_SEQUENCE_10,MLQ5X_D2S10_N14_RIOS_EXTENDED_SHIFTS,A,14,3.0,3.0,2.0,1.0,2.0,1.0,3.0,0.0,0.0
51306206-2f75-45e9-b639-9f059ddef1f6,d506a8f0-8bb2-4f4b-8c4a-9741dc7e7dcc,MLQ5X_D2_SEQUENCE_10,MLQ5X_D2S10_N15_RIOS_RESIGNATION_RISK,A,15,2.0,3.0,2.0,0.0,3.0,2.0,3.0,0.0,0.0
51306206-2f75-45e9-b639-9f059ddef1f6,d506a8f0-8bb2-4f4b-8c4a-9741dc7e7dcc,MLQ5X_D2_SEQUENCE_9,MLQ5X_D2S9_N12_SOTO_WATER_CUT_FOLLOWUP,A,12,4.0,4.0,4.0,1.0,3.0,2.0,0.0,0.0,0.0
51306206-2f75-45e9-b639-9f059ddef1f6,d506a8f0-8bb2-4f4b-8c4a-9741dc7e7dcc,MLQ5X_D2_SEQUENCE_11,MLQ5X_D2S11_N16_GUZMAN_VISION,A,16,3.0,3.0,3.0,3.0,3.0,1.0,0.0,0.0,0.0
51306206-2f75-45e9-b639-9f059ddef1f6,d506a8f0-8bb2-4f4b-8c4a-9741dc7e7dcc,MLQ5X_D2_SEQUENCE_11,MLQ5X_D2S11_N17_GUZMAN_PRACTICE_CUPS,A,17,3.0,3.0,3.0,2.0,0.0,1.0,2.0,0.0,0.0
51306206-2f75-45e9-b639-9f059ddef1f6,d506a8f0-8bb2-4f4b-8c4a-9741dc7e7dcc,MLQ5X_D3_SEQUENCE_14,MLQ5X_D3S14_N18_SOFIA_BOX6_DECISION,A,18,3.0,3.0,1.0,0.0,1.0,3.0,2.0,0.0,0.0
51306206-2f75-45e9-b639-9f059ddef1f6,d506a8f0-8bb2-4f4b-8c4a-9741dc7e7dcc,MLQ5X_D3_SEQUENCE_14,MLQ5X_D3S14_N19_ULTRASOUND_SHARED_USE,A,19,3.0,3.0,2.0,3.0,3.0,1.0,3.0,0.0,0.0
51306206-2f75-45e9-b639-9f059ddef1f6,d506a8f0-8bb2-4f4b-8c4a-9741dc7e7dcc,MLQ5X_D3_SEQUENCE_15,MLQ5X_D3S15_N20_SOTO_ROTATING_SHIFTS_DECISION,A,20,2.0,3.0,2.0,2.0,2.0,1.0,1.0,0.0,0.0
51306206-2f75-45e9-b639-9f059ddef1f6,d506a8f0-8bb2-4f4b-8c4a-9741dc7e7dcc,MLQ5X_D3_SEQUENCE_18,MLQ5X_D3S18_N23_JAVIER_WORKLOAD,B,23,2.0,2.0,1.0,0.0,2.0,1.0,3.0,0.0,0.0
51306206-2f75-45e9-b639-9f059ddef1f6,d506a8f0-8bb2-4f4b-8c4a-9741dc7e7dcc,MLQ5X_D5_SEQUENCE_21,MLQ5X_D5S21_N26_SOFIA_MINOR_RECORD_ERROR,A,26,2.0,2.0,1.0,0.0,1.0,0.0,3.0,0.0,0.0
a07c8211-f82e-477a-bbab-0fb9ba09b056,5c28471e-4f8e-4b9e-b87c-57070f2e03da,MLQ5X_D1_SEQUENCE_1,MLQ5X_D1S1_N1_RIOS_CHOICE,A,1,3.0,4.0,3.0,1.0,2.0,1.0,2.0,0.0,0.0
a07c8211-f82e-477a-bbab-0fb9ba09b056,5c28471e-4f8e-4b9e-b87c-57070f2e03da,MLQ5X_D1_SEQUENCE_1,MLQ5X_D1S1_N2_GUZMAN_DOCENCIA,C,2,2.0,2.0,1.0,0.0,1.0,1.0,4.0,0.0,0.0
a07c8211-f82e-477a-bbab-0fb9ba09b056,5c28471e-4f8e-4b9e-b87c-57070f2e03da,MLQ5X_D1_SEQUENCE_1,MLQ5X_D1S1_N3_RIOS_PROTOCOLS,A,3,3.0,3.0,3.0,3.0,3.0,1.0,3.0,0.0,0.0
a07c8211-f82e-477a-bbab-0fb9ba09b056,5c28471e-4f8e-4b9e-b87c-57070f2e03da,MLQ5X_D1_SEQUENCE_1,MLQ5X_D1S1_N4_SOTO_INDICATORS,C,4,1.0,1.0,2.0,1.0,0.0,0.0,1.0,1.0,1.0
a07c8211-f82e-477a-bbab-0fb9ba09b056,5c28471e-4f8e-4b9e-b87c-57070f2e03da,MLQ5X_D1_SEQUENCE_1,MLQ5X_D1S1_N5_SOFIA_PRIORITY,C,5,3.0,3.0,2.0,2.0,1.0,1.0,2.0,0.0,0.0
a07c8211-f82e-477a-bbab-0fb9ba09b056,5c28471e-4f8e-4b9e-b87c-57070f2e03da,MLQ5X_D1_SEQUENCE_4,MLQ5X_D1S4_N7_RIOS_DERIVACION,B,7,0.0,0.0,0.0,0.0,1.0,0.0,1.0,2.0,2.0
a07c8211-f82e-477a-bbab-0fb9ba09b056,5c28471e-4f8e-4b9e-b87c-57070f2e03da,MLQ5X_D1_SEQUENCE_4,MLQ5X_D1S4_N8_RIOS_SANCION,A,8,2.0,2.0,2.0,1.0,2.0,2.0,1.0,2.0,0.0
a07c8211-f82e-477a-bbab-0fb9ba09b056,5c28471e-4f8e-4b9e-b87c-57070f2e03da,MLQ5X_D1_SEQUENCE_4,MLQ5X_D1S4_N9_SOTO_REPORTE,A,9,2.0,3.0,2.0,2.0,2.0,2.0,2.0,0.0,0.0
a07c8211-f82e-477a-bbab-0fb9ba09b056,5c28471e-4f8e-4b9e-b87c-57070f2e03da,MLQ5X_D1_SEQUENCE_5,MLQ5X_D1S5_N10_SOTO_PROTOCOLS,C,10,2.0,2.0,2.0,1.0,1.0,1.0,2.0,2.0,1.0
a07c8211-f82e-477a-bbab-0fb9ba09b056,5c28471e-4f8e-4b9e-b87c-57070f2e03da,MLQ5X_D1_SEQUENCE_3,MLQ5X_D1S3_N6_GUZMAN_DOCENCIA,B,6,1.0,2.0,1.0,0.0,0.0,1.0,1.0,1.0,0.0
a07c8211-f82e-477a-bbab-0fb9ba09b056,5c28471e-4f8e-4b9e-b87c-57070f2e03da,MLQ5X_D2_SEQUENCE_8,MLQ5X_D2S8_N11_SOTO_DECISION,A,11,3.0,4.0,2.0,2.0,2.0,2.0,3.0,0.0,0.0
a07c8211-f82e-477a-bbab-0fb9ba09b056,5c28471e-4f8e-4b9e-b87c-57070f2e03da,MLQ5X_D2_SEQUENCE_10,MLQ5X_D2S10_N13_LATE_ARRIVAL_RESPONSE,A,13,2.0,2.0,1.0,2.0,4.0,2.0,1.0,0.0,0.0
a07c8211-f82e-477a-bbab-0fb9ba09b056,5c28471e-4f8e-4b9e-b87c-57070f2e03da,MLQ5X_D2_SEQUENCE_10,MLQ5X_D2S10_N14_RIOS_EXTENDED_SHIFTS,A,14,3.0,3.0,2.0,1.0,2.0,1.0,3.0,0.0,0.0
a07c8211-f82e-477a-bbab-0fb9ba09b056,5c28471e-4f8e-4b9e-b87c-57070f2e03da,MLQ5X_D2_SEQUENCE_10,MLQ5X_D2S10_N15_RIOS_RESIGNATION_RISK,B,15,2.0,2.0,1.0,3.0,2.0,0.0,2.0,0.0,0.0
a07c8211-f82e-477a-bbab-0fb9ba09b056,5c28471e-4f8e-4b9e-b87c-57070f2e03da,MLQ5X_D2_SEQUENCE_9,MLQ5X_D2S9_N12_SOTO_WATER_CUT_FOLLOWUP,A,12,4.0,4.0,4.0,1.0,3.0,2.0,0.0,0.0,0.0
a07c8211-f82e-477a-bbab-0fb9ba09b056,5c28471e-4f8e-4b9e-b87c-57070f2e03da,MLQ5X_D2_SEQUENCE_11,MLQ5X_D2S11_N16_GUZMAN_VISION,A,16,3.0,3.0,3.0,3.0,3.0,1.0,0.0,0.0,0.0
51306206-2f75-45e9-b639-9f059ddef1f6,d506a8f0-8bb2-4f4b-8c4a-9741dc7e7dcc,MLQ5X_D5_SEQUENCE_22,MLQ5X_D5S22_N27_SOTO_MINOR_RISK_REPORT,B,27,1.0,1.0,0.0,0.0,0.0,0.0,1.0,3.0,1.0
51306206-2f75-45e9-b639-9f059ddef1f6,d506a8f0-8bb2-4f4b-8c4a-9741dc7e7dcc,MLQ5X_D5_SEQUENCE_23,MLQ5X_D5S23_N28_RIOS_TENS_PROTOCOL,B,28,2.0,2.0,2.0,2.0,3.0,1.0,1.0,0.0,0.0
51306206-2f75-45e9-b639-9f059ddef1f6,d506a8f0-8bb2-4f4b-8c4a-9741dc7e7dcc,MLQ5X_D3_SEQUENCE_16,MLQ5X_D3S16_N21_GUZMAN_UNREGISTERED_INTERNS,C,21,2.0,2.0,0.0,0.0,0.0,1.0,3.0,1.0,0.0
51306206-2f75-45e9-b639-9f059ddef1f6,d506a8f0-8bb2-4f4b-8c4a-9741dc7e7dcc,MLQ5X_D3_SEQUENCE_16,MLQ5X_D3S16_N22_GUZMAN_CONVENIO_BOX1,A,22,3.0,3.0,3.0,2.0,3.0,2.0,0.0,0.0,0.0
ea404ae2-3f12-4df9-bd60-ef021301bc8b,8a5734f7-b144-4ada-bc5e-ae748a9487ae,MLQ5X_D1_SEQUENCE_1,MLQ5X_D1S1_N4_SOTO_INDICATORS,B,4,1.0,0.0,1.0,1.0,1.0,1.0,1.0,0.0,0.0
42e50ef2-488a-46af-9be7-43ba51aae3b3,a71b7438-ec7a-4518-8d31-ff796802bea3,MLQ5X_D5_SEQUENCE_23,MLQ5X_D5S23_N28_RIOS_TENS_PROTOCOL,B,28,2.0,2.0,2.0,2.0,3.0,1.0,1.0,0.0,0.0
42e50ef2-488a-46af-9be7-43ba51aae3b3,a71b7438-ec7a-4518-8d31-ff796802bea3,MLQ5X_D1_SEQUENCE_1,MLQ5X_D1S1_N1_RIOS_CHOICE,C,1,0.0,0.0,1.0,0.0,0.0,0.0,0.0,2.0,2.0
42e50ef2-488a-46af-9be7-43ba51aae3b3,a71b7438-ec7a-4518-8d31-ff796802bea3,MLQ5X_D1_SEQUENCE_1,MLQ5X_D1S1_N2_GUZMAN_DOCENCIA,A,2,4.0,4.0,2.0,0.0,4.0,1.0,2.0,0.0,0.0
42e50ef2-488a-46af-9be7-43ba51aae3b3,a71b7438-ec7a-4518-8d31-ff796802bea3,MLQ5X_D1_SEQUENCE_1,MLQ5X_D1S1_N3_RIOS_PROTOCOLS,A,3,3.0,3.0,3.0,3.0,3.0,1.0,3.0,0.0,0.0
42e50ef2-488a-46af-9be7-43ba51aae3b3,a71b7438-ec7a-4518-8d31-ff796802bea3,MLQ5X_D1_SEQUENCE_1,MLQ5X_D1S1_N4_SOTO_INDICATORS,A,4,3.0,3.0,2.0,2.0,2.0,0.0,2.0,1.0,1.0
42e50ef2-488a-46af-9be7-43ba51aae3b3,a71b7438-ec7a-4518-8d31-ff796802bea3,MLQ5X_D1_SEQUENCE_1,MLQ5X_D1S1_N5_SOFIA_PRIORITY,B,5,3.0,1.0,2.0,1.0,1.0,1.0,4.0,0.0,0.0
42e50ef2-488a-46af-9be7-43ba51aae3b3,a71b7438-ec7a-4518-8d31-ff796802bea3,MLQ5X_D1_SEQUENCE_5,MLQ5X_D1S5_N10_SOTO_PROTOCOLS,B,10,3.0,2.0,2.0,1.0,1.0,1.0,4.0,0.0,0.0
42e50ef2-488a-46af-9be7-43ba51aae3b3,a71b7438-ec7a-4518-8d31-ff796802bea3,MLQ5X_D2_SEQUENCE_8,MLQ5X_D2S8_N11_SOTO_DECISION,A,11,3.0,4.0,2.0,2.0,2.0,2.0,3.0,0.0,0.0
42e50ef2-488a-46af-9be7-43ba51aae3b3,a71b7438-ec7a-4518-8d31-ff796802bea3,MLQ5X_D1_SEQUENCE_3,MLQ5X_D1S3_N6_GUZMAN_DOCENCIA,C,6,3.0,3.0,2.0,0.0,1.0,2.0,1.0,1.0,0.0
42e50ef2-488a-46af-9be7-43ba51aae3b3,a71b7438-ec7a-4518-8d31-ff796802bea3,MLQ5X_D1_SEQUENCE_4,MLQ5X_D1S4_N7_RIOS_DERIVACION,A,7,3.0,3.0,3.0,4.0,3.0,2.0,0.0,0.0,0.0
42e50ef2-488a-46af-9be7-43ba51aae3b3,a71b7438-ec7a-4518-8d31-ff796802bea3,MLQ5X_D1_SEQUENCE_4,MLQ5X_D1S4_N8_RIOS_SANCION,B,8,2.0,2.0,2.0,0.0,1.0,2.0,2.0,2.0,0.0
42e50ef2-488a-46af-9be7-43ba51aae3b3,a71b7438-ec7a-4518-8d31-ff796802bea3,MLQ5X_D1_SEQUENCE_4,MLQ5X_D1S4_N9_SOTO_REPORTE,A,9,2.0,3.0,2.0,2.0,2.0,2.0,2.0,0.0,0.0
42e50ef2-488a-46af-9be7-43ba51aae3b3,a71b7438-ec7a-4518-8d31-ff796802bea3,MLQ5X_D2_SEQUENCE_10,MLQ5X_D2S10_N13_LATE_ARRIVAL_RESPONSE,A,13,2.0,2.0,1.0,2.0,4.0,2.0,1.0,0.0,0.0
98ef0562-c102-4460-a902-4627b1d0860e,3bced125-05a7-41b0-8901-3c8a5829210c,MLQ5X_D1_SEQUENCE_4,MLQ5X_D1S4_N8_RIOS_SANCION,B,8,2.0,2.0,2.0,0.0,1.0,2.0,2.0,2.0,0.0
98ef0562-c102-4460-a902-4627b1d0860e,3bced125-05a7-41b0-8901-3c8a5829210c,MLQ5X_D1_SEQUENCE_4,MLQ5X_D1S4_N9_SOTO_REPORTE,A,9,2.0,3.0,2.0,2.0,2.0,2.0,2.0,0.0,0.0
98ef0562-c102-4460-a902-4627b1d0860e,3bced125-05a7-41b0-8901-3c8a5829210c,MLQ5X_D1_SEQUENCE_3,MLQ5X_D1S3_N6_GUZMAN_DOCENCIA,C,6,3.0,3.0,2.0,0.0,1.0,2.0,1.0,1.0,0.0
98ef0562-c102-4460-a902-4627b1d0860e,3bced125-05a7-41b0-8901-3c8a5829210c,MLQ5X_D1_SEQUENCE_5,MLQ5X_D1S5_N10_SOTO_PROTOCOLS,C,10,2.0,2.0,2.0,1.0,1.0,1.0,2.0,2.0,1.0
98ef0562-c102-4460-a902-4627b1d0860e,3bced125-05a7-41b0-8901-3c8a5829210c,MLQ5X_D2_SEQUENCE_10,MLQ5X_D2S10_N13_LATE_ARRIVAL_RESPONSE,A,13,2.0,2.0,1.0,2.0,4.0,2.0,1.0,0.0,0.0
98ef0562-c102-4460-a902-4627b1d0860e,3bced125-05a7-41b0-8901-3c8a5829210c,MLQ5X_D2_SEQUENCE_10,MLQ5X_D2S10_N14_RIOS_EXTENDED_SHIFTS,A,14,3.0,3.0,2.0,1.0,2.0,1.0,3.0,0.0,0.0
98ef0562-c102-4460-a902-4627b1d0860e,3bced125-05a7-41b0-8901-3c8a5829210c,MLQ5X_D2_SEQUENCE_10,MLQ5X_D2S10_N15_RIOS_RESIGNATION_RISK,B,15,2.0,2.0,1.0,3.0,2.0,0.0,2.0,0.0,0.0
98ef0562-c102-4460-a902-4627b1d0860e,3bced125-05a7-41b0-8901-3c8a5829210c,MLQ5X_D2_SEQUENCE_9,MLQ5X_D2S9_N12_SOTO_WATER_CUT_FOLLOWUP,A,12,4.0,4.0,4.0,1.0,3.0,2.0,0.0,0.0,0.0
98ef0562-c102-4460-a902-4627b1d0860e,3bced125-05a7-41b0-8901-3c8a5829210c,MLQ5X_D2_SEQUENCE_11,MLQ5X_D2S11_N16_GUZMAN_VISION,C,16,0.0,1.0,0.0,0.0,0.0,2.0,3.0,1.0,0.0
98ef0562-c102-4460-a902-4627b1d0860e,3bced125-05a7-41b0-8901-3c8a5829210c,MLQ5X_D2_SEQUENCE_11,MLQ5X_D2S11_N17_GUZMAN_PRACTICE_CUPS,B,17,2.0,1.0,0.0,0.0,1.0,1.0,3.0,0.0,0.0
98ef0562-c102-4460-a902-4627b1d0860e,3bced125-05a7-41b0-8901-3c8a5829210c,MLQ5X_D3_SEQUENCE_14,MLQ5X_D3S14_N18_SOFIA_BOX6_DECISION,B,18,1.0,1.0,0.0,0.0,0.0,1.0,2.0,2.0,1.0
98ef0562-c102-4460-a902-4627b1d0860e,3bced125-05a7-41b0-8901-3c8a5829210c,MLQ5X_D3_SEQUENCE_14,MLQ5X_D3S14_N19_ULTRASOUND_SHARED_USE,A,19,3.0,3.0,2.0,3.0,3.0,1.0,3.0,0.0,0.0
98ef0562-c102-4460-a902-4627b1d0860e,3bced125-05a7-41b0-8901-3c8a5829210c,MLQ5X_D3_SEQUENCE_15,MLQ5X_D3S15_N20_SOTO_ROTATING_SHIFTS_DECISION,A,20,2.0,3.0,2.0,2.0,2.0,1.0,1.0,0.0,0.0
98ef0562-c102-4460-a902-4627b1d0860e,3bced125-05a7-41b0-8901-3c8a5829210c,MLQ5X_D3_SEQUENCE_18,MLQ5X_D3S18_N23_JAVIER_WORKLOAD,A,23,3.0,3.0,2.0,0.0,4.0,1.0,3.0,0.0,0.0
98ef0562-c102-4460-a902-4627b1d0860e,3bced125-05a7-41b0-8901-3c8a5829210c,MLQ5X_D3_SEQUENCE_16,MLQ5X_D3S16_N21_GUZMAN_UNREGISTERED_INTERNS,A,21,3.0,3.0,2.0,1.0,3.0,1.0,1.0,0.0,0.0
98ef0562-c102-4460-a902-4627b1d0860e,3bced125-05a7-41b0-8901-3c8a5829210c,MLQ5X_D3_SEQUENCE_16,MLQ5X_D3S16_N22_GUZMAN_CONVENIO_BOX1,C,22,0.0,0.0,0.0,0.0,0.0,0.0,0.0,3.0,4.0
98ef0562-c102-4460-a902-4627b1d0860e,3bced125-05a7-41b0-8901-3c8a5829210c,MLQ5X_D5_SEQUENCE_21,MLQ5X_D5S21_N26_SOFIA_MINOR_RECORD_ERROR,A,26,2.0,2.0,1.0,0.0,1.0,0.0,3.0,0.0,0.0
98ef0562-c102-4460-a902-4627b1d0860e,3bced125-05a7-41b0-8901-3c8a5829210c,MLQ5X_D4_SEQUENCE_20,MLQ5X_D4S20_N25_RIOS_FLEXIBILITY_REQUEST,B,25,2.0,2.0,0.0,0.0,2.0,2.0,3.0,1.0,0.0
98ef0562-c102-4460-a902-4627b1d0860e,3bced125-05a7-41b0-8901-3c8a5829210c,MLQ5X_D5_SEQUENCE_22,MLQ5X_D5S22_N27_SOTO_MINOR_RISK_REPORT,A,27,1.0,1.0,0.0,0.0,0.0,1.0,2.0,3.0,2.0
98ef0562-c102-4460-a902-4627b1d0860e,3bced125-05a7-41b0-8901-3c8a5829210c,MLQ5X_D5_SEQUENCE_23,MLQ5X_D5S23_N28_RIOS_TENS_PROTOCOL,C,28,0.0,0.0,0.0,0.0,0.0,0.0,2.0,2.0,1.0
51306206-2f75-45e9-b639-9f059ddef1f6,d506a8f0-8bb2-4f4b-8c4a-9741dc7e7dcc,MLQ5X_D4_SEQUENCE_19,MLQ5X_D4S19_N24_GUZMAN_BOX1_BROKEN_PROMISE,A,24,3.0,3.0,2.0,1.0,3.0,2.0,1.0,0.0,0.0
51306206-2f75-45e9-b639-9f059ddef1f6,d506a8f0-8bb2-4f4b-8c4a-9741dc7e7dcc,MLQ5X_D4_SEQUENCE_20,MLQ5X_D4S20_N25_RIOS_FLEXIBILITY_REQUEST,B,25,2.0,2.0,0.0,0.0,2.0,2.0,3.0,1.0,0.0
ea404ae2-3f12-4df9-bd60-ef021301bc8b,8a5734f7-b144-4ada-bc5e-ae748a9487ae,MLQ5X_D1_SEQUENCE_1,MLQ5X_D1S1_N5_SOFIA_PRIORITY,B,5,3.0,1.0,2.0,1.0,1.0,1.0,4.0,0.0,0.0
ea404ae2-3f12-4df9-bd60-ef021301bc8b,8a5734f7-b144-4ada-bc5e-ae748a9487ae,MLQ5X_D1_SEQUENCE_5,MLQ5X_D1S5_N10_SOTO_PROTOCOLS,C,10,2.0,2.0,2.0,1.0,1.0,1.0,2.0,2.0,1.0
ea404ae2-3f12-4df9-bd60-ef021301bc8b,8a5734f7-b144-4ada-bc5e-ae748a9487ae,MLQ5X_D1_SEQUENCE_3,MLQ5X_D1S3_N6_GUZMAN_DOCENCIA,A,6,3.0,2.0,3.0,2.0,3.0,0.0,0.0,0.0,0.0
ea404ae2-3f12-4df9-bd60-ef021301bc8b,8a5734f7-b144-4ada-bc5e-ae748a9487ae,MLQ5X_D1_SEQUENCE_4,MLQ5X_D1S4_N7_RIOS_DERIVACION,B,7,0.0,0.0,0.0,0.0,1.0,0.0,1.0,2.0,2.0
ea404ae2-3f12-4df9-bd60-ef021301bc8b,8a5734f7-b144-4ada-bc5e-ae748a9487ae,MLQ5X_D1_SEQUENCE_4,MLQ5X_D1S4_N8_RIOS_SANCION,C,8,2.0,1.0,0.0,0.0,0.0,4.0,4.0,0.0,0.0
ea404ae2-3f12-4df9-bd60-ef021301bc8b,8a5734f7-b144-4ada-bc5e-ae748a9487ae,MLQ5X_D1_SEQUENCE_4,MLQ5X_D1S4_N9_SOTO_REPORTE,A,9,2.0,3.0,2.0,2.0,2.0,2.0,2.0,0.0,0.0
ea404ae2-3f12-4df9-bd60-ef021301bc8b,8a5734f7-b144-4ada-bc5e-ae748a9487ae,MLQ5X_D2_SEQUENCE_8,MLQ5X_D2S8_N11_SOTO_DECISION,A,11,3.0,4.0,2.0,2.0,2.0,2.0,3.0,0.0,0.0
ea404ae2-3f12-4df9-bd60-ef021301bc8b,8a5734f7-b144-4ada-bc5e-ae748a9487ae,MLQ5X_D2_SEQUENCE_10,MLQ5X_D2S10_N13_LATE_ARRIVAL_RESPONSE,C,13,0.0,1.0,0.0,0.0,1.0,0.0,3.0,1.0,0.0
ea404ae2-3f12-4df9-bd60-ef021301bc8b,8a5734f7-b144-4ada-bc5e-ae748a9487ae,MLQ5X_D2_SEQUENCE_10,MLQ5X_D2S10_N14_RIOS_EXTENDED_SHIFTS,A,14,3.0,3.0,2.0,1.0,2.0,1.0,3.0,0.0,0.0
ea404ae2-3f12-4df9-bd60-ef021301bc8b,8a5734f7-b144-4ada-bc5e-ae748a9487ae,MLQ5X_D2_SEQUENCE_10,MLQ5X_D2S10_N15_RIOS_RESIGNATION_RISK,A,15,2.0,3.0,2.0,0.0,3.0,2.0,3.0,0.0,0.0
ea404ae2-3f12-4df9-bd60-ef021301bc8b,8a5734f7-b144-4ada-bc5e-ae748a9487ae,MLQ5X_D2_SEQUENCE_9,MLQ5X_D2S9_N12_SOTO_WATER_CUT_FOLLOWUP,C,12,2.0,2.0,2.0,0.0,0.0,1.0,2.0,1.0,0.0
ea404ae2-3f12-4df9-bd60-ef021301bc8b,8a5734f7-b144-4ada-bc5e-ae748a9487ae,MLQ5X_D2_SEQUENCE_9,MLQ5X_D2S9_N12_SOTO_WATER_CUT_FOLLOWUP,B,12,2.0,3.0,2.0,0.0,1.0,2.0,2.0,1.0,0.0
ea404ae2-3f12-4df9-bd60-ef021301bc8b,8a5734f7-b144-4ada-bc5e-ae748a9487ae,MLQ5X_D2_SEQUENCE_11,MLQ5X_D2S11_N16_GUZMAN_VISION,C,16,0.0,1.0,0.0,0.0,0.0,2.0,3.0,1.0,0.0
ea404ae2-3f12-4df9-bd60-ef021301bc8b,8a5734f7-b144-4ada-bc5e-ae748a9487ae,MLQ5X_D2_SEQUENCE_11,MLQ5X_D2S11_N17_GUZMAN_PRACTICE_CUPS,A,17,3.0,3.0,3.0,2.0,0.0,1.0,2.0,0.0,0.0
ea404ae2-3f12-4df9-bd60-ef021301bc8b,8a5734f7-b144-4ada-bc5e-ae748a9487ae,MLQ5X_D3_SEQUENCE_14,MLQ5X_D3S14_N18_SOFIA_BOX6_DECISION,A,18,3.0,3.0,1.0,0.0,1.0,3.0,2.0,0.0,0.0
ea404ae2-3f12-4df9-bd60-ef021301bc8b,8a5734f7-b144-4ada-bc5e-ae748a9487ae,MLQ5X_D3_SEQUENCE_14,MLQ5X_D3S14_N19_ULTRASOUND_SHARED_USE,A,19,3.0,3.0,2.0,3.0,3.0,1.0,3.0,0.0,0.0
ea404ae2-3f12-4df9-bd60-ef021301bc8b,8a5734f7-b144-4ada-bc5e-ae748a9487ae,MLQ5X_D3_SEQUENCE_15,MLQ5X_D3S15_N20_SOTO_ROTATING_SHIFTS_DECISION,C,20,2.0,3.0,2.0,3.0,1.0,0.0,1.0,0.0,0.0
ea404ae2-3f12-4df9-bd60-ef021301bc8b,8a5734f7-b144-4ada-bc5e-ae748a9487ae,MLQ5X_D3_SEQUENCE_18,MLQ5X_D3S18_N23_JAVIER_WORKLOAD,A,23,3.0,3.0,2.0,0.0,4.0,1.0,3.0,0.0,0.0
ea404ae2-3f12-4df9-bd60-ef021301bc8b,8a5734f7-b144-4ada-bc5e-ae748a9487ae,MLQ5X_D3_SEQUENCE_16,MLQ5X_D3S16_N21_GUZMAN_UNREGISTERED_INTERNS,B,21,1.0,0.0,0.0,0.0,0.0,0.0,0.0,4.0,3.0
dd48844c-9568-494e-bd7e-6f99ff1b9fcb,42586810-2976-4206-8dd1-b55ca84e8c6b,MLQ5X_D4_SEQUENCE_20,MLQ5X_D4S20_N25_RIOS_FLEXIBILITY_REQUEST,B,25,2.0,2.0,0.0,0.0,2.0,2.0,3.0,1.0,0.0
dd48844c-9568-494e-bd7e-6f99ff1b9fcb,42586810-2976-4206-8dd1-b55ca84e8c6b,MLQ5X_D5_SEQUENCE_22,MLQ5X_D5S22_N27_SOTO_MINOR_RISK_REPORT,B,27,1.0,1.0,0.0,0.0,0.0,0.0,1.0,3.0,1.0
dd48844c-9568-494e-bd7e-6f99ff1b9fcb,42586810-2976-4206-8dd1-b55ca84e8c6b,MLQ5X_D5_SEQUENCE_23,MLQ5X_D5S23_N28_RIOS_TENS_PROTOCOL,A,28,2.0,2.0,2.0,1.0,2.0,0.0,1.0,0.0,0.0
e0e00339-5d78-4ceb-8926-4d3f6e23005a,92332051-d2fa-45e5-aae5-d0a7e295ac41,MLQ5X_D2_SEQUENCE_10,MLQ5X_D2S10_N13_LATE_ARRIVAL_RESPONSE,B,13,3.0,4.0,4.0,3.0,2.0,2.0,1.0,0.0,0.0
e0e00339-5d78-4ceb-8926-4d3f6e23005a,92332051-d2fa-45e5-aae5-d0a7e295ac41,MLQ5X_D2_SEQUENCE_10,MLQ5X_D2S10_N14_RIOS_EXTENDED_SHIFTS,B,14,1.0,0.0,0.0,0.0,1.0,0.0,2.0,2.0,0.0
e0e00339-5d78-4ceb-8926-4d3f6e23005a,92332051-d2fa-45e5-aae5-d0a7e295ac41,MLQ5X_D2_SEQUENCE_10,MLQ5X_D2S10_N15_RIOS_RESIGNATION_RISK,B,15,2.0,2.0,1.0,3.0,2.0,0.0,2.0,0.0,0.0
e0e00339-5d78-4ceb-8926-4d3f6e23005a,92332051-d2fa-45e5-aae5-d0a7e295ac41,MLQ5X_D3_SEQUENCE_14,MLQ5X_D3S14_N18_SOFIA_BOX6_DECISION,A,18,3.0,3.0,1.0,0.0,1.0,3.0,2.0,0.0,0.0
e0e00339-5d78-4ceb-8926-4d3f6e23005a,92332051-d2fa-45e5-aae5-d0a7e295ac41,MLQ5X_D3_SEQUENCE_14,MLQ5X_D3S14_N19_ULTRASOUND_SHARED_USE,A,19,3.0,3.0,2.0,3.0,3.0,1.0,3.0,0.0,0.0
e0e00339-5d78-4ceb-8926-4d3f6e23005a,92332051-d2fa-45e5-aae5-d0a7e295ac41,MLQ5X_D2_SEQUENCE_9,MLQ5X_D2S9_N12_SOTO_WATER_CUT_FOLLOWUP,A,12,4.0,4.0,4.0,1.0,3.0,2.0,0.0,0.0,0.0
e0e00339-5d78-4ceb-8926-4d3f6e23005a,92332051-d2fa-45e5-aae5-d0a7e295ac41,MLQ5X_D2_SEQUENCE_11,MLQ5X_D2S11_N16_GUZMAN_VISION,A,16,3.0,3.0,3.0,3.0,3.0,1.0,0.0,0.0,0.0
ea404ae2-3f12-4df9-bd60-ef021301bc8b,8a5734f7-b144-4ada-bc5e-ae748a9487ae,MLQ5X_D3_SEQUENCE_16,MLQ5X_D3S16_N22_GUZMAN_CONVENIO_BOX1,A,22,3.0,3.0,3.0,2.0,3.0,2.0,0.0,0.0,0.0
ea404ae2-3f12-4df9-bd60-ef021301bc8b,8a5734f7-b144-4ada-bc5e-ae748a9487ae,MLQ5X_D5_SEQUENCE_21,MLQ5X_D5S21_N26_SOFIA_MINOR_RECORD_ERROR,A,26,2.0,2.0,1.0,0.0,1.0,0.0,3.0,0.0,0.0
ea404ae2-3f12-4df9-bd60-ef021301bc8b,8a5734f7-b144-4ada-bc5e-ae748a9487ae,MLQ5X_D4_SEQUENCE_20,MLQ5X_D4S20_N25_RIOS_FLEXIBILITY_REQUEST,A,25,0.0,1.0,0.0,0.0,3.0,3.0,3.0,0.0,0.0
ea404ae2-3f12-4df9-bd60-ef021301bc8b,8a5734f7-b144-4ada-bc5e-ae748a9487ae,MLQ5X_D5_SEQUENCE_22,MLQ5X_D5S22_N27_SOTO_MINOR_RISK_REPORT,B,27,1.0,1.0,0.0,0.0,0.0,0.0,1.0,3.0,1.0
ea404ae2-3f12-4df9-bd60-ef021301bc8b,8a5734f7-b144-4ada-bc5e-ae748a9487ae,MLQ5X_D5_SEQUENCE_23,MLQ5X_D5S23_N28_RIOS_TENS_PROTOCOL,B,28,2.0,2.0,2.0,2.0,3.0,1.0,1.0,0.0,0.0
3a2d9f77-e475-4849-b084-3c2f1c5f2be1,982c3edf-bb52-4e85-b91e-40e8a37454f1,MLQ5X_D1_SEQUENCE_1,MLQ5X_D1S1_N2_GUZMAN_DOCENCIA,C,2,2.0,2.0,1.0,0.0,1.0,1.0,4.0,0.0,0.0
3a2d9f77-e475-4849-b084-3c2f1c5f2be1,982c3edf-bb52-4e85-b91e-40e8a37454f1,MLQ5X_D1_SEQUENCE_1,MLQ5X_D1S1_N3_RIOS_PROTOCOLS,C,3,1.0,1.0,1.0,0.0,0.0,1.0,3.0,1.0,0.0
3a2d9f77-e475-4849-b084-3c2f1c5f2be1,982c3edf-bb52-4e85-b91e-40e8a37454f1,MLQ5X_D1_SEQUENCE_1,MLQ5X_D1S1_N4_SOTO_INDICATORS,C,4,1.0,1.0,2.0,1.0,0.0,0.0,1.0,1.0,1.0
3a2d9f77-e475-4849-b084-3c2f1c5f2be1,982c3edf-bb52-4e85-b91e-40e8a37454f1,MLQ5X_D1_SEQUENCE_1,MLQ5X_D1S1_N5_SOFIA_PRIORITY,C,5,3.0,3.0,2.0,2.0,1.0,1.0,2.0,0.0,0.0
3a2d9f77-e475-4849-b084-3c2f1c5f2be1,982c3edf-bb52-4e85-b91e-40e8a37454f1,MLQ5X_D1_SEQUENCE_5,MLQ5X_D1S5_N10_SOTO_PROTOCOLS,C,10,2.0,2.0,2.0,1.0,1.0,1.0,2.0,2.0,1.0
3a2d9f77-e475-4849-b084-3c2f1c5f2be1,982c3edf-bb52-4e85-b91e-40e8a37454f1,MLQ5X_D1_SEQUENCE_3,MLQ5X_D1S3_N6_GUZMAN_DOCENCIA,C,6,3.0,3.0,2.0,0.0,1.0,2.0,1.0,1.0,0.0
3a2d9f77-e475-4849-b084-3c2f1c5f2be1,982c3edf-bb52-4e85-b91e-40e8a37454f1,MLQ5X_D2_SEQUENCE_8,MLQ5X_D2S8_N11_SOTO_DECISION,A,11,3.0,4.0,2.0,2.0,2.0,2.0,3.0,0.0,0.0
3a2d9f77-e475-4849-b084-3c2f1c5f2be1,982c3edf-bb52-4e85-b91e-40e8a37454f1,MLQ5X_D1_SEQUENCE_4,MLQ5X_D1S4_N7_RIOS_DERIVACION,A,7,3.0,3.0,3.0,4.0,3.0,2.0,0.0,0.0,0.0
3a2d9f77-e475-4849-b084-3c2f1c5f2be1,982c3edf-bb52-4e85-b91e-40e8a37454f1,MLQ5X_D1_SEQUENCE_4,MLQ5X_D1S4_N8_RIOS_SANCION,B,8,2.0,2.0,2.0,0.0,1.0,2.0,2.0,2.0,0.0
3a2d9f77-e475-4849-b084-3c2f1c5f2be1,982c3edf-bb52-4e85-b91e-40e8a37454f1,MLQ5X_D1_SEQUENCE_4,MLQ5X_D1S4_N9_SOTO_REPORTE,A,9,2.0,3.0,2.0,2.0,2.0,2.0,2.0,0.0,0.0
381eaa60-af6c-468c-9778-a4985a25216b,ce7bb036-9800-452e-9ea7-4ad8ffa38b10,MLQ5X_D5_SEQUENCE_21,MLQ5X_D5S21_N26_SOFIA_MINOR_RECORD_ERROR,A,26,2.0,2.0,1.0,0.0,1.0,0.0,3.0,0.0,0.0
381eaa60-af6c-468c-9778-a4985a25216b,ce7bb036-9800-452e-9ea7-4ad8ffa38b10,MLQ5X_D4_SEQUENCE_20,MLQ5X_D4S20_N25_RIOS_FLEXIBILITY_REQUEST,B,25,2.0,2.0,0.0,0.0,2.0,2.0,3.0,1.0,0.0
381eaa60-af6c-468c-9778-a4985a25216b,ce7bb036-9800-452e-9ea7-4ad8ffa38b10,MLQ5X_D5_SEQUENCE_22,MLQ5X_D5S22_N27_SOTO_MINOR_RISK_REPORT,B,27,1.0,1.0,0.0,0.0,0.0,0.0,1.0,3.0,1.0
381eaa60-af6c-468c-9778-a4985a25216b,ce7bb036-9800-452e-9ea7-4ad8ffa38b10,MLQ5X_D5_SEQUENCE_23,MLQ5X_D5S23_N28_RIOS_TENS_PROTOCOL,C,28,0.0,0.0,0.0,0.0,0.0,0.0,2.0,2.0,1.0
381eaa60-af6c-468c-9778-a4985a25216b,ce7bb036-9800-452e-9ea7-4ad8ffa38b10,MLQ5X_D2_SEQUENCE_11,MLQ5X_D2S11_N16_GUZMAN_VISION,A,16,3.0,3.0,3.0,3.0,3.0,1.0,0.0,0.0,0.0
381eaa60-af6c-468c-9778-a4985a25216b,ce7bb036-9800-452e-9ea7-4ad8ffa38b10,MLQ5X_D2_SEQUENCE_11,MLQ5X_D2S11_N17_GUZMAN_PRACTICE_CUPS,B,17,2.0,1.0,0.0,0.0,1.0,1.0,3.0,0.0,0.0
381eaa60-af6c-468c-9778-a4985a25216b,ce7bb036-9800-452e-9ea7-4ad8ffa38b10,MLQ5X_D2_SEQUENCE_9,MLQ5X_D2S9_N12_SOTO_WATER_CUT_FOLLOWUP,A,12,4.0,4.0,4.0,1.0,3.0,2.0,0.0,0.0,0.0
42e50ef2-488a-46af-9be7-43ba51aae3b3,a71b7438-ec7a-4518-8d31-ff796802bea3,MLQ5X_D2_SEQUENCE_10,MLQ5X_D2S10_N14_RIOS_EXTENDED_SHIFTS,A,14,3.0,3.0,2.0,1.0,2.0,1.0,3.0,0.0,0.0
42e50ef2-488a-46af-9be7-43ba51aae3b3,a71b7438-ec7a-4518-8d31-ff796802bea3,MLQ5X_D2_SEQUENCE_10,MLQ5X_D2S10_N15_RIOS_RESIGNATION_RISK,B,15,2.0,2.0,1.0,3.0,2.0,0.0,2.0,0.0,0.0
dd48844c-9568-494e-bd7e-6f99ff1b9fcb,42586810-2976-4206-8dd1-b55ca84e8c6b,MLQ5X_D1_SEQUENCE_1,MLQ5X_D1S1_N1_RIOS_CHOICE,A,1,3.0,4.0,3.0,1.0,2.0,1.0,2.0,0.0,0.0
dd48844c-9568-494e-bd7e-6f99ff1b9fcb,42586810-2976-4206-8dd1-b55ca84e8c6b,MLQ5X_D1_SEQUENCE_1,MLQ5X_D1S1_N2_GUZMAN_DOCENCIA,B,2,0.0,0.0,0.0,0.0,0.0,0.0,1.0,3.0,3.0
dd48844c-9568-494e-bd7e-6f99ff1b9fcb,42586810-2976-4206-8dd1-b55ca84e8c6b,MLQ5X_D1_SEQUENCE_1,MLQ5X_D1S1_N3_RIOS_PROTOCOLS,B,3,0.0,0.0,0.0,0.0,0.0,0.0,0.0,3.0,3.0
dd48844c-9568-494e-bd7e-6f99ff1b9fcb,42586810-2976-4206-8dd1-b55ca84e8c6b,MLQ5X_D1_SEQUENCE_1,MLQ5X_D1S1_N4_SOTO_INDICATORS,A,4,3.0,3.0,2.0,2.0,2.0,0.0,2.0,1.0,1.0
dd48844c-9568-494e-bd7e-6f99ff1b9fcb,42586810-2976-4206-8dd1-b55ca84e8c6b,MLQ5X_D1_SEQUENCE_1,MLQ5X_D1S1_N5_SOFIA_PRIORITY,C,5,3.0,3.0,2.0,2.0,1.0,1.0,2.0,0.0,0.0
dd48844c-9568-494e-bd7e-6f99ff1b9fcb,42586810-2976-4206-8dd1-b55ca84e8c6b,MLQ5X_D1_SEQUENCE_4,MLQ5X_D1S4_N7_RIOS_DERIVACION,B,7,0.0,0.0,0.0,0.0,1.0,0.0,1.0,2.0,2.0
dd48844c-9568-494e-bd7e-6f99ff1b9fcb,42586810-2976-4206-8dd1-b55ca84e8c6b,MLQ5X_D1_SEQUENCE_4,MLQ5X_D1S4_N8_RIOS_SANCION,A,8,2.0,2.0,2.0,1.0,2.0,2.0,1.0,2.0,0.0
dd48844c-9568-494e-bd7e-6f99ff1b9fcb,42586810-2976-4206-8dd1-b55ca84e8c6b,MLQ5X_D1_SEQUENCE_4,MLQ5X_D1S4_N9_SOTO_REPORTE,C,9,2.0,2.0,0.0,0.0,1.0,2.0,4.0,0.0,0.0
dd48844c-9568-494e-bd7e-6f99ff1b9fcb,42586810-2976-4206-8dd1-b55ca84e8c6b,MLQ5X_D1_SEQUENCE_5,MLQ5X_D1S5_N10_SOTO_PROTOCOLS,C,10,2.0,2.0,2.0,1.0,1.0,1.0,2.0,2.0,1.0
dd48844c-9568-494e-bd7e-6f99ff1b9fcb,42586810-2976-4206-8dd1-b55ca84e8c6b,MLQ5X_D1_SEQUENCE_3,MLQ5X_D1S3_N6_GUZMAN_DOCENCIA,C,6,3.0,3.0,2.0,0.0,1.0,2.0,1.0,1.0,0.0
dd48844c-9568-494e-bd7e-6f99ff1b9fcb,42586810-2976-4206-8dd1-b55ca84e8c6b,MLQ5X_D2_SEQUENCE_8,MLQ5X_D2S8_N11_SOTO_DECISION,C,11,0.0,0.0,0.0,0.0,0.0,0.0,1.0,3.0,3.0
18c874a5-61a4-4d57-91b6-6eed25b58384,2e3fd62c-bd69-46fb-9ece-81510f957a48,MLQ5X_D1_SEQUENCE_1,MLQ5X_D1S1_N1_RIOS_CHOICE,A,1,3.0,4.0,3.0,1.0,2.0,1.0,2.0,0.0,0.0
18c874a5-61a4-4d57-91b6-6eed25b58384,2e3fd62c-bd69-46fb-9ece-81510f957a48,MLQ5X_D1_SEQUENCE_1,MLQ5X_D1S1_N2_GUZMAN_DOCENCIA,C,2,2.0,2.0,1.0,0.0,1.0,1.0,4.0,0.0,0.0
18c874a5-61a4-4d57-91b6-6eed25b58384,2e3fd62c-bd69-46fb-9ece-81510f957a48,MLQ5X_D1_SEQUENCE_1,MLQ5X_D1S1_N3_RIOS_PROTOCOLS,B,3,0.0,0.0,0.0,0.0,0.0,0.0,0.0,3.0,3.0
18c874a5-61a4-4d57-91b6-6eed25b58384,2e3fd62c-bd69-46fb-9ece-81510f957a48,MLQ5X_D1_SEQUENCE_1,MLQ5X_D1S1_N4_SOTO_INDICATORS,C,4,1.0,1.0,2.0,1.0,0.0,0.0,1.0,1.0,1.0
18c874a5-61a4-4d57-91b6-6eed25b58384,2e3fd62c-bd69-46fb-9ece-81510f957a48,MLQ5X_D1_SEQUENCE_1,MLQ5X_D1S1_N5_SOFIA_PRIORITY,B,5,3.0,1.0,2.0,1.0,1.0,1.0,4.0,0.0,0.0
18c874a5-61a4-4d57-91b6-6eed25b58384,2e3fd62c-bd69-46fb-9ece-81510f957a48,MLQ5X_D1_SEQUENCE_5,MLQ5X_D1S5_N10_SOTO_PROTOCOLS,B,10,3.0,2.0,2.0,1.0,1.0,1.0,4.0,0.0,0.0
18c874a5-61a4-4d57-91b6-6eed25b58384,2e3fd62c-bd69-46fb-9ece-81510f957a48,MLQ5X_D1_SEQUENCE_3,MLQ5X_D1S3_N6_GUZMAN_DOCENCIA,C,6,3.0,3.0,2.0,0.0,1.0,2.0,1.0,1.0,0.0
18c874a5-61a4-4d57-91b6-6eed25b58384,2e3fd62c-bd69-46fb-9ece-81510f957a48,MLQ5X_D2_SEQUENCE_8,MLQ5X_D2S8_N11_SOTO_DECISION,A,11,3.0,4.0,2.0,2.0,2.0,2.0,3.0,0.0,0.0
18c874a5-61a4-4d57-91b6-6eed25b58384,2e3fd62c-bd69-46fb-9ece-81510f957a48,MLQ5X_D2_SEQUENCE_10,MLQ5X_D2S10_N13_LATE_ARRIVAL_RESPONSE,B,13,3.0,4.0,4.0,3.0,2.0,2.0,1.0,0.0,0.0
18c874a5-61a4-4d57-91b6-6eed25b58384,2e3fd62c-bd69-46fb-9ece-81510f957a48,MLQ5X_D2_SEQUENCE_10,MLQ5X_D2S10_N14_RIOS_EXTENDED_SHIFTS,A,14,3.0,3.0,2.0,1.0,2.0,1.0,3.0,0.0,0.0
18c874a5-61a4-4d57-91b6-6eed25b58384,2e3fd62c-bd69-46fb-9ece-81510f957a48,MLQ5X_D2_SEQUENCE_10,MLQ5X_D2S10_N15_RIOS_RESIGNATION_RISK,B,15,2.0,2.0,1.0,3.0,2.0,0.0,2.0,0.0,0.0
18c874a5-61a4-4d57-91b6-6eed25b58384,2e3fd62c-bd69-46fb-9ece-81510f957a48,MLQ5X_D2_SEQUENCE_9,MLQ5X_D2S9_N12_SOTO_WATER_CUT_FOLLOWUP,A,12,4.0,4.0,4.0,1.0,3.0,2.0,0.0,0.0,0.0
18c874a5-61a4-4d57-91b6-6eed25b58384,2e3fd62c-bd69-46fb-9ece-81510f957a48,MLQ5X_D1_SEQUENCE_4,MLQ5X_D1S4_N7_RIOS_DERIVACION,B,7,0.0,0.0,0.0,0.0,1.0,0.0,1.0,2.0,2.0
18c874a5-61a4-4d57-91b6-6eed25b58384,2e3fd62c-bd69-46fb-9ece-81510f957a48,MLQ5X_D1_SEQUENCE_4,MLQ5X_D1S4_N8_RIOS_SANCION,A,8,2.0,2.0,2.0,1.0,2.0,2.0,1.0,2.0,0.0
3a2d9f77-e475-4849-b084-3c2f1c5f2be1,982c3edf-bb52-4e85-b91e-40e8a37454f1,MLQ5X_D2_SEQUENCE_10,MLQ5X_D2S10_N13_LATE_ARRIVAL_RESPONSE,C,13,0.0,1.0,0.0,0.0,1.0,0.0,3.0,1.0,0.0
3a2d9f77-e475-4849-b084-3c2f1c5f2be1,982c3edf-bb52-4e85-b91e-40e8a37454f1,MLQ5X_D2_SEQUENCE_10,MLQ5X_D2S10_N14_RIOS_EXTENDED_SHIFTS,C,14,0.0,1.0,0.0,0.0,0.0,0.0,1.0,3.0,2.0
3a2d9f77-e475-4849-b084-3c2f1c5f2be1,982c3edf-bb52-4e85-b91e-40e8a37454f1,MLQ5X_D2_SEQUENCE_10,MLQ5X_D2S10_N15_RIOS_RESIGNATION_RISK,B,15,2.0,2.0,1.0,3.0,2.0,0.0,2.0,0.0,0.0
3a2d9f77-e475-4849-b084-3c2f1c5f2be1,982c3edf-bb52-4e85-b91e-40e8a37454f1,MLQ5X_D2_SEQUENCE_9,MLQ5X_D2S9_N12_SOTO_WATER_CUT_FOLLOWUP,A,12,4.0,4.0,4.0,1.0,3.0,2.0,0.0,0.0,0.0
3a2d9f77-e475-4849-b084-3c2f1c5f2be1,982c3edf-bb52-4e85-b91e-40e8a37454f1,MLQ5X_D2_SEQUENCE_11,MLQ5X_D2S11_N16_GUZMAN_VISION,A,16,3.0,3.0,3.0,3.0,3.0,1.0,0.0,0.0,0.0
3a2d9f77-e475-4849-b084-3c2f1c5f2be1,982c3edf-bb52-4e85-b91e-40e8a37454f1,MLQ5X_D2_SEQUENCE_11,MLQ5X_D2S11_N17_GUZMAN_PRACTICE_CUPS,A,17,3.0,3.0,3.0,2.0,0.0,1.0,2.0,0.0,0.0
3a2d9f77-e475-4849-b084-3c2f1c5f2be1,982c3edf-bb52-4e85-b91e-40e8a37454f1,MLQ5X_D3_SEQUENCE_14,MLQ5X_D3S14_N18_SOFIA_BOX6_DECISION,A,18,3.0,3.0,1.0,0.0,1.0,3.0,2.0,0.0,0.0
3a2d9f77-e475-4849-b084-3c2f1c5f2be1,982c3edf-bb52-4e85-b91e-40e8a37454f1,MLQ5X_D3_SEQUENCE_14,MLQ5X_D3S14_N19_ULTRASOUND_SHARED_USE,A,19,3.0,3.0,2.0,3.0,3.0,1.0,3.0,0.0,0.0
da95bb1c-e7ec-4cfa-855d-b8be4db1df7c,32e32725-f6df-42e7-9302-1cbb9d9a336e,MLQ5X_D1_SEQUENCE_3,MLQ5X_D1S3_N6_GUZMAN_DOCENCIA,C,6,3.0,3.0,2.0,0.0,1.0,2.0,1.0,1.0,0.0
da95bb1c-e7ec-4cfa-855d-b8be4db1df7c,32e32725-f6df-42e7-9302-1cbb9d9a336e,MLQ5X_D1_SEQUENCE_4,MLQ5X_D1S4_N7_RIOS_DERIVACION,A,7,3.0,3.0,3.0,4.0,3.0,2.0,0.0,0.0,0.0
da95bb1c-e7ec-4cfa-855d-b8be4db1df7c,32e32725-f6df-42e7-9302-1cbb9d9a336e,MLQ5X_D1_SEQUENCE_4,MLQ5X_D1S4_N9_SOTO_REPORTE,A,9,2.0,3.0,2.0,2.0,2.0,2.0,2.0,0.0,0.0
da95bb1c-e7ec-4cfa-855d-b8be4db1df7c,32e32725-f6df-42e7-9302-1cbb9d9a336e,MLQ5X_D2_SEQUENCE_10,MLQ5X_D2S10_N13_LATE_ARRIVAL_RESPONSE,B,13,3.0,4.0,4.0,3.0,2.0,2.0,1.0,0.0,0.0
da95bb1c-e7ec-4cfa-855d-b8be4db1df7c,32e32725-f6df-42e7-9302-1cbb9d9a336e,MLQ5X_D2_SEQUENCE_10,MLQ5X_D2S10_N14_RIOS_EXTENDED_SHIFTS,A,14,3.0,3.0,2.0,1.0,2.0,1.0,3.0,0.0,0.0
da95bb1c-e7ec-4cfa-855d-b8be4db1df7c,32e32725-f6df-42e7-9302-1cbb9d9a336e,MLQ5X_D2_SEQUENCE_10,MLQ5X_D2S10_N15_RIOS_RESIGNATION_RISK,B,15,2.0,2.0,1.0,3.0,2.0,0.0,2.0,0.0,0.0
da95bb1c-e7ec-4cfa-855d-b8be4db1df7c,32e32725-f6df-42e7-9302-1cbb9d9a336e,MLQ5X_D2_SEQUENCE_9,MLQ5X_D2S9_N12_SOTO_WATER_CUT_FOLLOWUP,A,12,4.0,4.0,4.0,1.0,3.0,2.0,0.0,0.0,0.0
da95bb1c-e7ec-4cfa-855d-b8be4db1df7c,32e32725-f6df-42e7-9302-1cbb9d9a336e,MLQ5X_D2_SEQUENCE_11,MLQ5X_D2S11_N16_GUZMAN_VISION,A,16,3.0,3.0,3.0,3.0,3.0,1.0,0.0,0.0,0.0
da95bb1c-e7ec-4cfa-855d-b8be4db1df7c,32e32725-f6df-42e7-9302-1cbb9d9a336e,MLQ5X_D2_SEQUENCE_11,MLQ5X_D2S11_N17_GUZMAN_PRACTICE_CUPS,A,17,3.0,3.0,3.0,2.0,0.0,1.0,2.0,0.0,0.0
da95bb1c-e7ec-4cfa-855d-b8be4db1df7c,32e32725-f6df-42e7-9302-1cbb9d9a336e,MLQ5X_D3_SEQUENCE_14,MLQ5X_D3S14_N18_SOFIA_BOX6_DECISION,A,18,3.0,3.0,1.0,0.0,1.0,3.0,2.0,0.0,0.0
da95bb1c-e7ec-4cfa-855d-b8be4db1df7c,32e32725-f6df-42e7-9302-1cbb9d9a336e,MLQ5X_D3_SEQUENCE_14,MLQ5X_D3S14_N19_ULTRASOUND_SHARED_USE,B,19,0.0,0.0,0.0,0.0,0.0,0.0,0.0,4.0,3.0
99cc5a41-962e-4671-af00-4f911810f584,5731954f-52ee-4372-a9b2-0998f30ff699,MLQ5X_D1_SEQUENCE_1,MLQ5X_D1S1_N2_GUZMAN_DOCENCIA,A,2,4.0,4.0,2.0,0.0,4.0,1.0,2.0,0.0,0.0
99cc5a41-962e-4671-af00-4f911810f584,5731954f-52ee-4372-a9b2-0998f30ff699,MLQ5X_D1_SEQUENCE_1,MLQ5X_D1S1_N3_RIOS_PROTOCOLS,C,3,1.0,1.0,1.0,0.0,0.0,1.0,3.0,1.0,0.0
18c874a5-61a4-4d57-91b6-6eed25b58384,2e3fd62c-bd69-46fb-9ece-81510f957a48,MLQ5X_D1_SEQUENCE_4,MLQ5X_D1S4_N9_SOTO_REPORTE,B,9,1.0,1.0,0.0,1.0,0.0,1.0,1.0,3.0,1.0
18c874a5-61a4-4d57-91b6-6eed25b58384,2e3fd62c-bd69-46fb-9ece-81510f957a48,MLQ5X_D2_SEQUENCE_11,MLQ5X_D2S11_N16_GUZMAN_VISION,A,16,3.0,3.0,3.0,3.0,3.0,1.0,0.0,0.0,0.0
18c874a5-61a4-4d57-91b6-6eed25b58384,2e3fd62c-bd69-46fb-9ece-81510f957a48,MLQ5X_D2_SEQUENCE_11,MLQ5X_D2S11_N17_GUZMAN_PRACTICE_CUPS,C,17,1.0,0.0,0.0,0.0,0.0,0.0,2.0,2.0,1.0
18c874a5-61a4-4d57-91b6-6eed25b58384,2e3fd62c-bd69-46fb-9ece-81510f957a48,MLQ5X_D3_SEQUENCE_14,MLQ5X_D3S14_N18_SOFIA_BOX6_DECISION,A,18,3.0,3.0,1.0,0.0,1.0,3.0,2.0,0.0,0.0
18c874a5-61a4-4d57-91b6-6eed25b58384,2e3fd62c-bd69-46fb-9ece-81510f957a48,MLQ5X_D3_SEQUENCE_14,MLQ5X_D3S14_N19_ULTRASOUND_SHARED_USE,A,19,3.0,3.0,2.0,3.0,3.0,1.0,3.0,0.0,0.0
18c874a5-61a4-4d57-91b6-6eed25b58384,2e3fd62c-bd69-46fb-9ece-81510f957a48,MLQ5X_D3_SEQUENCE_15,MLQ5X_D3S15_N20_SOTO_ROTATING_SHIFTS_DECISION,A,20,2.0,3.0,2.0,2.0,2.0,1.0,1.0,0.0,0.0
18c874a5-61a4-4d57-91b6-6eed25b58384,2e3fd62c-bd69-46fb-9ece-81510f957a48,MLQ5X_D3_SEQUENCE_18,MLQ5X_D3S18_N23_JAVIER_WORKLOAD,B,23,2.0,2.0,1.0,0.0,2.0,1.0,3.0,0.0,0.0
18c874a5-61a4-4d57-91b6-6eed25b58384,2e3fd62c-bd69-46fb-9ece-81510f957a48,MLQ5X_D3_SEQUENCE_16,MLQ5X_D3S16_N21_GUZMAN_UNREGISTERED_INTERNS,A,21,3.0,3.0,2.0,1.0,3.0,1.0,1.0,0.0,0.0
18c874a5-61a4-4d57-91b6-6eed25b58384,2e3fd62c-bd69-46fb-9ece-81510f957a48,MLQ5X_D3_SEQUENCE_16,MLQ5X_D3S16_N22_GUZMAN_CONVENIO_BOX1,B,22,2.0,2.0,0.0,0.0,1.0,2.0,2.0,2.0,1.0
18c874a5-61a4-4d57-91b6-6eed25b58384,2e3fd62c-bd69-46fb-9ece-81510f957a48,MLQ5X_D5_SEQUENCE_21,MLQ5X_D5S21_N26_SOFIA_MINOR_RECORD_ERROR,B,26,1.0,1.0,0.0,0.0,2.0,1.0,1.0,1.0,0.0
18c874a5-61a4-4d57-91b6-6eed25b58384,2e3fd62c-bd69-46fb-9ece-81510f957a48,MLQ5X_D4_SEQUENCE_20,MLQ5X_D4S20_N25_RIOS_FLEXIBILITY_REQUEST,B,25,2.0,2.0,0.0,0.0,2.0,2.0,3.0,1.0,0.0
18c874a5-61a4-4d57-91b6-6eed25b58384,2e3fd62c-bd69-46fb-9ece-81510f957a48,MLQ5X_D5_SEQUENCE_22,MLQ5X_D5S22_N27_SOTO_MINOR_RISK_REPORT,A,27,1.0,1.0,0.0,0.0,0.0,1.0,2.0,3.0,2.0
18c874a5-61a4-4d57-91b6-6eed25b58384,2e3fd62c-bd69-46fb-9ece-81510f957a48,MLQ5X_D5_SEQUENCE_23,MLQ5X_D5S23_N28_RIOS_TENS_PROTOCOL,A,28,2.0,2.0,2.0,1.0,2.0,0.0,1.0,0.0,0.0
3a2d9f77-e475-4849-b084-3c2f1c5f2be1,982c3edf-bb52-4e85-b91e-40e8a37454f1,MLQ5X_D3_SEQUENCE_15,MLQ5X_D3S15_N20_SOTO_ROTATING_SHIFTS_DECISION,C,20,2.0,3.0,2.0,3.0,1.0,0.0,1.0,0.0,0.0
3a2d9f77-e475-4849-b084-3c2f1c5f2be1,982c3edf-bb52-4e85-b91e-40e8a37454f1,MLQ5X_D3_SEQUENCE_18,MLQ5X_D3S18_N23_JAVIER_WORKLOAD,C,23,0.0,0.0,0.0,0.0,0.0,0.0,0.0,2.0,3.0
3a2d9f77-e475-4849-b084-3c2f1c5f2be1,982c3edf-bb52-4e85-b91e-40e8a37454f1,MLQ5X_D3_SEQUENCE_16,MLQ5X_D3S16_N21_GUZMAN_UNREGISTERED_INTERNS,A,21,3.0,3.0,2.0,1.0,3.0,1.0,1.0,0.0,0.0
3a2d9f77-e475-4849-b084-3c2f1c5f2be1,982c3edf-bb52-4e85-b91e-40e8a37454f1,MLQ5X_D3_SEQUENCE_16,MLQ5X_D3S16_N22_GUZMAN_CONVENIO_BOX1,B,22,2.0,2.0,0.0,0.0,1.0,2.0,2.0,2.0,1.0
3a2d9f77-e475-4849-b084-3c2f1c5f2be1,982c3edf-bb52-4e85-b91e-40e8a37454f1,MLQ5X_D5_SEQUENCE_21,MLQ5X_D5S21_N26_SOFIA_MINOR_RECORD_ERROR,A,26,2.0,2.0,1.0,0.0,1.0,0.0,3.0,0.0,0.0
3a2d9f77-e475-4849-b084-3c2f1c5f2be1,982c3edf-bb52-4e85-b91e-40e8a37454f1,MLQ5X_D4_SEQUENCE_20,MLQ5X_D4S20_N25_RIOS_FLEXIBILITY_REQUEST,C,25,0.0,0.0,0.0,0.0,0.0,0.0,2.0,0.0,0.0
3a2d9f77-e475-4849-b084-3c2f1c5f2be1,982c3edf-bb52-4e85-b91e-40e8a37454f1,MLQ5X_D5_SEQUENCE_22,MLQ5X_D5S22_N27_SOTO_MINOR_RISK_REPORT,A,27,1.0,1.0,0.0,0.0,0.0,1.0,2.0,3.0,2.0
3a2d9f77-e475-4849-b084-3c2f1c5f2be1,982c3edf-bb52-4e85-b91e-40e8a37454f1,MLQ5X_D5_SEQUENCE_23,MLQ5X_D5S23_N28_RIOS_TENS_PROTOCOL,A,28,2.0,2.0,2.0,1.0,2.0,0.0,1.0,0.0,0.0
dc2a9bc3-e764-4e0a-bc23-3374c5b0e9d0,ae4f3438-a800-42be-8f15-3fefab66f6d4,MLQ5X_D1_SEQUENCE_1,MLQ5X_D1S1_N1_RIOS_CHOICE,C,1,0.0,0.0,1.0,0.0,0.0,0.0,0.0,2.0,2.0
dc2a9bc3-e764-4e0a-bc23-3374c5b0e9d0,ae4f3438-a800-42be-8f15-3fefab66f6d4,MLQ5X_D1_SEQUENCE_1,MLQ5X_D1S1_N2_GUZMAN_DOCENCIA,A,2,4.0,4.0,2.0,0.0,4.0,1.0,2.0,0.0,0.0
dc2a9bc3-e764-4e0a-bc23-3374c5b0e9d0,ae4f3438-a800-42be-8f15-3fefab66f6d4,MLQ5X_D1_SEQUENCE_1,MLQ5X_D1S1_N3_RIOS_PROTOCOLS,B,3,0.0,0.0,0.0,0.0,0.0,0.0,0.0,3.0,3.0
dc2a9bc3-e764-4e0a-bc23-3374c5b0e9d0,ae4f3438-a800-42be-8f15-3fefab66f6d4,MLQ5X_D1_SEQUENCE_1,MLQ5X_D1S1_N4_SOTO_INDICATORS,C,4,1.0,1.0,2.0,1.0,0.0,0.0,1.0,1.0,1.0
dc2a9bc3-e764-4e0a-bc23-3374c5b0e9d0,ae4f3438-a800-42be-8f15-3fefab66f6d4,MLQ5X_D1_SEQUENCE_1,MLQ5X_D1S1_N5_SOFIA_PRIORITY,C,5,3.0,3.0,2.0,2.0,1.0,1.0,2.0,0.0,0.0
dc2a9bc3-e764-4e0a-bc23-3374c5b0e9d0,ae4f3438-a800-42be-8f15-3fefab66f6d4,MLQ5X_D1_SEQUENCE_1,MLQ5X_D1S1_N1_RIOS_CHOICE,B,1,1.0,0.0,1.0,0.0,0.0,0.0,0.0,3.0,3.0
dc2a9bc3-e764-4e0a-bc23-3374c5b0e9d0,ae4f3438-a800-42be-8f15-3fefab66f6d4,MLQ5X_D1_SEQUENCE_1,MLQ5X_D1S1_N5_SOFIA_PRIORITY,A,5,1.0,2.0,1.0,0.0,2.0,1.0,2.0,1.0,0.0
dc2a9bc3-e764-4e0a-bc23-3374c5b0e9d0,ae4f3438-a800-42be-8f15-3fefab66f6d4,MLQ5X_D2_SEQUENCE_8,MLQ5X_D2S8_N11_SOTO_DECISION,A,11,3.0,4.0,2.0,2.0,2.0,2.0,3.0,0.0,0.0
42e50ef2-488a-46af-9be7-43ba51aae3b3,a71b7438-ec7a-4518-8d31-ff796802bea3,MLQ5X_D2_SEQUENCE_9,MLQ5X_D2S9_N12_SOTO_WATER_CUT_FOLLOWUP,A,12,4.0,4.0,4.0,1.0,3.0,2.0,0.0,0.0,0.0
42e50ef2-488a-46af-9be7-43ba51aae3b3,a71b7438-ec7a-4518-8d31-ff796802bea3,MLQ5X_D2_SEQUENCE_11,MLQ5X_D2S11_N16_GUZMAN_VISION,A,16,3.0,3.0,3.0,3.0,3.0,1.0,0.0,0.0,0.0
dc2a9bc3-e764-4e0a-bc23-3374c5b0e9d0,ae4f3438-a800-42be-8f15-3fefab66f6d4,MLQ5X_D1_SEQUENCE_4,MLQ5X_D1S4_N7_RIOS_DERIVACION,B,7,0.0,0.0,0.0,0.0,1.0,0.0,1.0,2.0,2.0
dc2a9bc3-e764-4e0a-bc23-3374c5b0e9d0,ae4f3438-a800-42be-8f15-3fefab66f6d4,MLQ5X_D1_SEQUENCE_4,MLQ5X_D1S4_N8_RIOS_SANCION,A,8,2.0,2.0,2.0,1.0,2.0,2.0,1.0,2.0,0.0
dc2a9bc3-e764-4e0a-bc23-3374c5b0e9d0,ae4f3438-a800-42be-8f15-3fefab66f6d4,MLQ5X_D1_SEQUENCE_4,MLQ5X_D1S4_N9_SOTO_REPORTE,C,9,2.0,2.0,0.0,0.0,1.0,2.0,4.0,0.0,0.0
dc2a9bc3-e764-4e0a-bc23-3374c5b0e9d0,ae4f3438-a800-42be-8f15-3fefab66f6d4,MLQ5X_D1_SEQUENCE_3,MLQ5X_D1S3_N6_GUZMAN_DOCENCIA,C,6,3.0,3.0,2.0,0.0,1.0,2.0,1.0,1.0,0.0
dc2a9bc3-e764-4e0a-bc23-3374c5b0e9d0,ae4f3438-a800-42be-8f15-3fefab66f6d4,MLQ5X_D2_SEQUENCE_10,MLQ5X_D2S10_N13_LATE_ARRIVAL_RESPONSE,A,13,2.0,2.0,1.0,2.0,4.0,2.0,1.0,0.0,0.0
28b7b175-811f-467f-82ec-1a35796d7815,c8d77734-3fab-4d53-ba6e-e8ea6755247b,MLQ5X_D1_SEQUENCE_1,MLQ5X_D1S1_N1_RIOS_CHOICE,A,1,3.0,4.0,3.0,1.0,2.0,1.0,2.0,0.0,0.0
28b7b175-811f-467f-82ec-1a35796d7815,c8d77734-3fab-4d53-ba6e-e8ea6755247b,MLQ5X_D1_SEQUENCE_1,MLQ5X_D1S1_N2_GUZMAN_DOCENCIA,A,2,4.0,4.0,2.0,0.0,4.0,1.0,2.0,0.0,0.0
28b7b175-811f-467f-82ec-1a35796d7815,c8d77734-3fab-4d53-ba6e-e8ea6755247b,MLQ5X_D1_SEQUENCE_1,MLQ5X_D1S1_N3_RIOS_PROTOCOLS,A,3,3.0,3.0,3.0,3.0,3.0,1.0,3.0,0.0,0.0
e0e00339-5d78-4ceb-8926-4d3f6e23005a,92332051-d2fa-45e5-aae5-d0a7e295ac41,MLQ5X_D1_SEQUENCE_1,MLQ5X_D1S1_N3_RIOS_PROTOCOLS,B,3,0.0,0.0,0.0,0.0,0.0,0.0,0.0,3.0,3.0
e0e00339-5d78-4ceb-8926-4d3f6e23005a,92332051-d2fa-45e5-aae5-d0a7e295ac41,MLQ5X_D1_SEQUENCE_1,MLQ5X_D1S1_N4_SOTO_INDICATORS,A,4,3.0,3.0,2.0,2.0,2.0,0.0,2.0,1.0,1.0
e0e00339-5d78-4ceb-8926-4d3f6e23005a,92332051-d2fa-45e5-aae5-d0a7e295ac41,MLQ5X_D1_SEQUENCE_1,MLQ5X_D1S1_N5_SOFIA_PRIORITY,C,5,3.0,3.0,2.0,2.0,1.0,1.0,2.0,0.0,0.0
e0e00339-5d78-4ceb-8926-4d3f6e23005a,92332051-d2fa-45e5-aae5-d0a7e295ac41,MLQ5X_D2_SEQUENCE_8,MLQ5X_D2S8_N11_SOTO_DECISION,C,11,0.0,0.0,0.0,0.0,0.0,0.0,1.0,3.0,3.0
e0e00339-5d78-4ceb-8926-4d3f6e23005a,92332051-d2fa-45e5-aae5-d0a7e295ac41,MLQ5X_D1_SEQUENCE_5,MLQ5X_D1S5_N10_SOTO_PROTOCOLS,C,10,2.0,2.0,2.0,1.0,1.0,1.0,2.0,2.0,1.0
e0e00339-5d78-4ceb-8926-4d3f6e23005a,92332051-d2fa-45e5-aae5-d0a7e295ac41,MLQ5X_D1_SEQUENCE_4,MLQ5X_D1S4_N7_RIOS_DERIVACION,B,7,0.0,0.0,0.0,0.0,1.0,0.0,1.0,2.0,2.0
e0e00339-5d78-4ceb-8926-4d3f6e23005a,92332051-d2fa-45e5-aae5-d0a7e295ac41,MLQ5X_D1_SEQUENCE_4,MLQ5X_D1S4_N8_RIOS_SANCION,B,8,2.0,2.0,2.0,0.0,1.0,2.0,2.0,2.0,0.0
e0e00339-5d78-4ceb-8926-4d3f6e23005a,92332051-d2fa-45e5-aae5-d0a7e295ac41,MLQ5X_D1_SEQUENCE_4,MLQ5X_D1S4_N9_SOTO_REPORTE,A,9,2.0,3.0,2.0,2.0,2.0,2.0,2.0,0.0,0.0
e0e00339-5d78-4ceb-8926-4d3f6e23005a,92332051-d2fa-45e5-aae5-d0a7e295ac41,MLQ5X_D2_SEQUENCE_11,MLQ5X_D2S11_N17_GUZMAN_PRACTICE_CUPS,C,17,1.0,0.0,0.0,0.0,0.0,0.0,2.0,2.0,1.0
e0e00339-5d78-4ceb-8926-4d3f6e23005a,92332051-d2fa-45e5-aae5-d0a7e295ac41,MLQ5X_D1_SEQUENCE_3,MLQ5X_D1S3_N6_GUZMAN_DOCENCIA,C,6,3.0,3.0,2.0,0.0,1.0,2.0,1.0,1.0,0.0
e0e00339-5d78-4ceb-8926-4d3f6e23005a,92332051-d2fa-45e5-aae5-d0a7e295ac41,MLQ5X_D3_SEQUENCE_15,MLQ5X_D3S15_N20_SOTO_ROTATING_SHIFTS_DECISION,C,20,2.0,3.0,2.0,3.0,1.0,0.0,1.0,0.0,0.0
e0e00339-5d78-4ceb-8926-4d3f6e23005a,92332051-d2fa-45e5-aae5-d0a7e295ac41,MLQ5X_D3_SEQUENCE_18,MLQ5X_D3S18_N23_JAVIER_WORKLOAD,B,23,2.0,2.0,1.0,0.0,2.0,1.0,3.0,0.0,0.0
e0e00339-5d78-4ceb-8926-4d3f6e23005a,92332051-d2fa-45e5-aae5-d0a7e295ac41,MLQ5X_D3_SEQUENCE_16,MLQ5X_D3S16_N21_GUZMAN_UNREGISTERED_INTERNS,A,21,3.0,3.0,2.0,1.0,3.0,1.0,1.0,0.0,0.0
e0e00339-5d78-4ceb-8926-4d3f6e23005a,92332051-d2fa-45e5-aae5-d0a7e295ac41,MLQ5X_D3_SEQUENCE_16,MLQ5X_D3S16_N22_GUZMAN_CONVENIO_BOX1,B,22,2.0,2.0,0.0,0.0,1.0,2.0,2.0,2.0,1.0
e0e00339-5d78-4ceb-8926-4d3f6e23005a,92332051-d2fa-45e5-aae5-d0a7e295ac41,MLQ5X_D4_SEQUENCE_19,MLQ5X_D4S19_N24_GUZMAN_BOX1_BROKEN_PROMISE,A,24,3.0,3.0,2.0,1.0,3.0,2.0,1.0,0.0,0.0
e0e00339-5d78-4ceb-8926-4d3f6e23005a,92332051-d2fa-45e5-aae5-d0a7e295ac41,MLQ5X_D5_SEQUENCE_21,MLQ5X_D5S21_N26_SOFIA_MINOR_RECORD_ERROR,B,26,1.0,1.0,0.0,0.0,2.0,1.0,1.0,1.0,0.0
e0e00339-5d78-4ceb-8926-4d3f6e23005a,92332051-d2fa-45e5-aae5-d0a7e295ac41,MLQ5X_D4_SEQUENCE_20,MLQ5X_D4S20_N25_RIOS_FLEXIBILITY_REQUEST,B,25,2.0,2.0,0.0,0.0,2.0,2.0,3.0,1.0,0.0
e0e00339-5d78-4ceb-8926-4d3f6e23005a,92332051-d2fa-45e5-aae5-d0a7e295ac41,MLQ5X_D5_SEQUENCE_22,MLQ5X_D5S22_N27_SOTO_MINOR_RISK_REPORT,B,27,1.0,1.0,0.0,0.0,0.0,0.0,1.0,3.0,1.0
e0e00339-5d78-4ceb-8926-4d3f6e23005a,92332051-d2fa-45e5-aae5-d0a7e295ac41,MLQ5X_D5_SEQUENCE_23,MLQ5X_D5S23_N28_RIOS_TENS_PROTOCOL,B,28,2.0,2.0,2.0,2.0,3.0,1.0,1.0,0.0,0.0
28b7b175-811f-467f-82ec-1a35796d7815,c8d77734-3fab-4d53-ba6e-e8ea6755247b,MLQ5X_D1_SEQUENCE_1,MLQ5X_D1S1_N4_SOTO_INDICATORS,C,4,1.0,1.0,2.0,1.0,0.0,0.0,1.0,1.0,1.0
28b7b175-811f-467f-82ec-1a35796d7815,c8d77734-3fab-4d53-ba6e-e8ea6755247b,MLQ5X_D1_SEQUENCE_1,MLQ5X_D1S1_N5_SOFIA_PRIORITY,A,5,1.0,2.0,1.0,0.0,2.0,1.0,2.0,1.0,0.0
28b7b175-811f-467f-82ec-1a35796d7815,c8d77734-3fab-4d53-ba6e-e8ea6755247b,MLQ5X_D1_SEQUENCE_3,MLQ5X_D1S3_N6_GUZMAN_DOCENCIA,C,6,3.0,3.0,2.0,0.0,1.0,2.0,1.0,1.0,0.0
28b7b175-811f-467f-82ec-1a35796d7815,c8d77734-3fab-4d53-ba6e-e8ea6755247b,MLQ5X_D1_SEQUENCE_5,MLQ5X_D1S5_N10_SOTO_PROTOCOLS,C,10,2.0,2.0,2.0,1.0,1.0,1.0,2.0,2.0,1.0
28b7b175-811f-467f-82ec-1a35796d7815,c8d77734-3fab-4d53-ba6e-e8ea6755247b,MLQ5X_D1_SEQUENCE_4,MLQ5X_D1S4_N7_RIOS_DERIVACION,B,7,0.0,0.0,0.0,0.0,1.0,0.0,1.0,2.0,2.0
28b7b175-811f-467f-82ec-1a35796d7815,c8d77734-3fab-4d53-ba6e-e8ea6755247b,MLQ5X_D1_SEQUENCE_4,MLQ5X_D1S4_N8_RIOS_SANCION,A,8,2.0,2.0,2.0,1.0,2.0,2.0,1.0,2.0,0.0
dfd53c79-0eb6-454c-95b6-e43791f7ee84,da58e510-1ba0-460f-8d1b-121441b33f8c,MLQ5X_D1_SEQUENCE_1,MLQ5X_D1S1_N1_RIOS_CHOICE,C,1,0.0,0.0,1.0,0.0,0.0,0.0,0.0,2.0,2.0
dfd53c79-0eb6-454c-95b6-e43791f7ee84,da58e510-1ba0-460f-8d1b-121441b33f8c,MLQ5X_D1_SEQUENCE_1,MLQ5X_D1S1_N2_GUZMAN_DOCENCIA,A,2,4.0,4.0,2.0,0.0,4.0,1.0,2.0,0.0,0.0
42e50ef2-488a-46af-9be7-43ba51aae3b3,a71b7438-ec7a-4518-8d31-ff796802bea3,MLQ5X_D2_SEQUENCE_11,MLQ5X_D2S11_N17_GUZMAN_PRACTICE_CUPS,B,17,2.0,1.0,0.0,0.0,1.0,1.0,3.0,0.0,0.0
42e50ef2-488a-46af-9be7-43ba51aae3b3,a71b7438-ec7a-4518-8d31-ff796802bea3,MLQ5X_D3_SEQUENCE_14,MLQ5X_D3S14_N18_SOFIA_BOX6_DECISION,A,18,3.0,3.0,1.0,0.0,1.0,3.0,2.0,0.0,0.0
28b7b175-811f-467f-82ec-1a35796d7815,c8d77734-3fab-4d53-ba6e-e8ea6755247b,MLQ5X_D1_SEQUENCE_4,MLQ5X_D1S4_N9_SOTO_REPORTE,B,9,1.0,1.0,0.0,1.0,0.0,1.0,1.0,3.0,1.0
28b7b175-811f-467f-82ec-1a35796d7815,c8d77734-3fab-4d53-ba6e-e8ea6755247b,MLQ5X_D2_SEQUENCE_8,MLQ5X_D2S8_N11_SOTO_DECISION,C,11,0.0,0.0,0.0,0.0,0.0,0.0,1.0,3.0,3.0
28b7b175-811f-467f-82ec-1a35796d7815,c8d77734-3fab-4d53-ba6e-e8ea6755247b,MLQ5X_D2_SEQUENCE_10,MLQ5X_D2S10_N13_LATE_ARRIVAL_RESPONSE,B,13,3.0,4.0,4.0,3.0,2.0,2.0,1.0,0.0,0.0
28b7b175-811f-467f-82ec-1a35796d7815,c8d77734-3fab-4d53-ba6e-e8ea6755247b,MLQ5X_D2_SEQUENCE_10,MLQ5X_D2S10_N14_RIOS_EXTENDED_SHIFTS,A,14,3.0,3.0,2.0,1.0,2.0,1.0,3.0,0.0,0.0
28b7b175-811f-467f-82ec-1a35796d7815,c8d77734-3fab-4d53-ba6e-e8ea6755247b,MLQ5X_D2_SEQUENCE_10,MLQ5X_D2S10_N15_RIOS_RESIGNATION_RISK,B,15,2.0,2.0,1.0,3.0,2.0,0.0,2.0,0.0,0.0
28b7b175-811f-467f-82ec-1a35796d7815,c8d77734-3fab-4d53-ba6e-e8ea6755247b,MLQ5X_D2_SEQUENCE_9,MLQ5X_D2S9_N12_SOTO_WATER_CUT_FOLLOWUP,A,12,4.0,4.0,4.0,1.0,3.0,2.0,0.0,0.0,0.0
28b7b175-811f-467f-82ec-1a35796d7815,c8d77734-3fab-4d53-ba6e-e8ea6755247b,MLQ5X_D2_SEQUENCE_11,MLQ5X_D2S11_N16_GUZMAN_VISION,A,16,3.0,3.0,3.0,3.0,3.0,1.0,0.0,0.0,0.0
28b7b175-811f-467f-82ec-1a35796d7815,c8d77734-3fab-4d53-ba6e-e8ea6755247b,MLQ5X_D2_SEQUENCE_11,MLQ5X_D2S11_N17_GUZMAN_PRACTICE_CUPS,A,17,3.0,3.0,3.0,2.0,0.0,1.0,2.0,0.0,0.0
844327b9-2547-48f7-9678-6058d145acb7,a160ca2f-dff2-446d-b4d6-33f2277a83a2,MLQ5X_D1_SEQUENCE_1,MLQ5X_D1S1_N1_RIOS_CHOICE,A,1,3.0,4.0,3.0,1.0,2.0,1.0,2.0,0.0,0.0
844327b9-2547-48f7-9678-6058d145acb7,a160ca2f-dff2-446d-b4d6-33f2277a83a2,MLQ5X_D1_SEQUENCE_1,MLQ5X_D1S1_N2_GUZMAN_DOCENCIA,A,2,4.0,4.0,2.0,0.0,4.0,1.0,2.0,0.0,0.0
844327b9-2547-48f7-9678-6058d145acb7,a160ca2f-dff2-446d-b4d6-33f2277a83a2,MLQ5X_D1_SEQUENCE_1,MLQ5X_D1S1_N3_RIOS_PROTOCOLS,B,3,0.0,0.0,0.0,0.0,0.0,0.0,0.0,3.0,3.0
844327b9-2547-48f7-9678-6058d145acb7,a160ca2f-dff2-446d-b4d6-33f2277a83a2,MLQ5X_D1_SEQUENCE_1,MLQ5X_D1S1_N4_SOTO_INDICATORS,B,4,1.0,0.0,1.0,1.0,1.0,1.0,1.0,0.0,0.0
844327b9-2547-48f7-9678-6058d145acb7,a160ca2f-dff2-446d-b4d6-33f2277a83a2,MLQ5X_D1_SEQUENCE_1,MLQ5X_D1S1_N5_SOFIA_PRIORITY,C,5,3.0,3.0,2.0,2.0,1.0,1.0,2.0,0.0,0.0
844327b9-2547-48f7-9678-6058d145acb7,a160ca2f-dff2-446d-b4d6-33f2277a83a2,MLQ5X_D2_SEQUENCE_8,MLQ5X_D2S8_N11_SOTO_DECISION,B,11,0.0,0.0,0.0,0.0,0.0,2.0,2.0,2.0,1.0
844327b9-2547-48f7-9678-6058d145acb7,a160ca2f-dff2-446d-b4d6-33f2277a83a2,MLQ5X_D1_SEQUENCE_4,MLQ5X_D1S4_N7_RIOS_DERIVACION,B,7,0.0,0.0,0.0,0.0,1.0,0.0,1.0,2.0,2.0
844327b9-2547-48f7-9678-6058d145acb7,a160ca2f-dff2-446d-b4d6-33f2277a83a2,MLQ5X_D1_SEQUENCE_4,MLQ5X_D1S4_N8_RIOS_SANCION,B,8,2.0,2.0,2.0,0.0,1.0,2.0,2.0,2.0,0.0
844327b9-2547-48f7-9678-6058d145acb7,a160ca2f-dff2-446d-b4d6-33f2277a83a2,MLQ5X_D1_SEQUENCE_4,MLQ5X_D1S4_N9_SOTO_REPORTE,A,9,2.0,3.0,2.0,2.0,2.0,2.0,2.0,0.0,0.0
844327b9-2547-48f7-9678-6058d145acb7,a160ca2f-dff2-446d-b4d6-33f2277a83a2,MLQ5X_D2_SEQUENCE_10,MLQ5X_D2S10_N13_LATE_ARRIVAL_RESPONSE,A,13,2.0,2.0,1.0,2.0,4.0,2.0,1.0,0.0,0.0
844327b9-2547-48f7-9678-6058d145acb7,a160ca2f-dff2-446d-b4d6-33f2277a83a2,MLQ5X_D2_SEQUENCE_10,MLQ5X_D2S10_N14_RIOS_EXTENDED_SHIFTS,A,14,3.0,3.0,2.0,1.0,2.0,1.0,3.0,0.0,0.0
844327b9-2547-48f7-9678-6058d145acb7,a160ca2f-dff2-446d-b4d6-33f2277a83a2,MLQ5X_D2_SEQUENCE_10,MLQ5X_D2S10_N15_RIOS_RESIGNATION_RISK,B,15,2.0,2.0,1.0,3.0,2.0,0.0,2.0,0.0,0.0
844327b9-2547-48f7-9678-6058d145acb7,a160ca2f-dff2-446d-b4d6-33f2277a83a2,MLQ5X_D3_SEQUENCE_14,MLQ5X_D3S14_N18_SOFIA_BOX6_DECISION,A,18,3.0,3.0,1.0,0.0,1.0,3.0,2.0,0.0,0.0
844327b9-2547-48f7-9678-6058d145acb7,a160ca2f-dff2-446d-b4d6-33f2277a83a2,MLQ5X_D3_SEQUENCE_14,MLQ5X_D3S14_N19_ULTRASOUND_SHARED_USE,A,19,3.0,3.0,2.0,3.0,3.0,1.0,3.0,0.0,0.0
844327b9-2547-48f7-9678-6058d145acb7,a160ca2f-dff2-446d-b4d6-33f2277a83a2,MLQ5X_D2_SEQUENCE_9,MLQ5X_D2S9_N12_SOTO_WATER_CUT_FOLLOWUP,A,12,4.0,4.0,4.0,1.0,3.0,2.0,0.0,0.0,0.0
844327b9-2547-48f7-9678-6058d145acb7,a160ca2f-dff2-446d-b4d6-33f2277a83a2,MLQ5X_D3_SEQUENCE_15,MLQ5X_D3S15_N20_SOTO_ROTATING_SHIFTS_DECISION,C,20,2.0,3.0,2.0,3.0,1.0,0.0,1.0,0.0,0.0
844327b9-2547-48f7-9678-6058d145acb7,a160ca2f-dff2-446d-b4d6-33f2277a83a2,MLQ5X_D3_SEQUENCE_18,MLQ5X_D3S18_N23_JAVIER_WORKLOAD,A,23,3.0,3.0,2.0,0.0,4.0,1.0,3.0,0.0,0.0
844327b9-2547-48f7-9678-6058d145acb7,a160ca2f-dff2-446d-b4d6-33f2277a83a2,MLQ5X_D3_SEQUENCE_16,MLQ5X_D3S16_N21_GUZMAN_UNREGISTERED_INTERNS,C,21,2.0,2.0,0.0,0.0,0.0,1.0,3.0,1.0,0.0
844327b9-2547-48f7-9678-6058d145acb7,a160ca2f-dff2-446d-b4d6-33f2277a83a2,MLQ5X_D3_SEQUENCE_16,MLQ5X_D3S16_N22_GUZMAN_CONVENIO_BOX1,A,22,3.0,3.0,3.0,2.0,3.0,2.0,0.0,0.0,0.0
844327b9-2547-48f7-9678-6058d145acb7,a160ca2f-dff2-446d-b4d6-33f2277a83a2,MLQ5X_D1_SEQUENCE_5,MLQ5X_D1S5_N10_SOTO_PROTOCOLS,C,10,2.0,2.0,2.0,1.0,1.0,1.0,2.0,2.0,1.0
844327b9-2547-48f7-9678-6058d145acb7,a160ca2f-dff2-446d-b4d6-33f2277a83a2,MLQ5X_D5_SEQUENCE_21,MLQ5X_D5S21_N26_SOFIA_MINOR_RECORD_ERROR,A,26,2.0,2.0,1.0,0.0,1.0,0.0,3.0,0.0,0.0
844327b9-2547-48f7-9678-6058d145acb7,a160ca2f-dff2-446d-b4d6-33f2277a83a2,MLQ5X_D2_SEQUENCE_11,MLQ5X_D2S11_N16_GUZMAN_VISION,A,16,3.0,3.0,3.0,3.0,3.0,1.0,0.0,0.0,0.0
844327b9-2547-48f7-9678-6058d145acb7,a160ca2f-dff2-446d-b4d6-33f2277a83a2,MLQ5X_D2_SEQUENCE_11,MLQ5X_D2S11_N17_GUZMAN_PRACTICE_CUPS,A,17,3.0,3.0,3.0,2.0,0.0,1.0,2.0,0.0,0.0
844327b9-2547-48f7-9678-6058d145acb7,a160ca2f-dff2-446d-b4d6-33f2277a83a2,MLQ5X_D4_SEQUENCE_20,MLQ5X_D4S20_N25_RIOS_FLEXIBILITY_REQUEST,B,25,2.0,2.0,0.0,0.0,2.0,2.0,3.0,1.0,0.0
844327b9-2547-48f7-9678-6058d145acb7,a160ca2f-dff2-446d-b4d6-33f2277a83a2,MLQ5X_D1_SEQUENCE_3,MLQ5X_D1S3_N6_GUZMAN_DOCENCIA,C,6,3.0,3.0,2.0,0.0,1.0,2.0,1.0,1.0,0.0
844327b9-2547-48f7-9678-6058d145acb7,a160ca2f-dff2-446d-b4d6-33f2277a83a2,MLQ5X_D5_SEQUENCE_22,MLQ5X_D5S22_N27_SOTO_MINOR_RISK_REPORT,B,27,1.0,1.0,0.0,0.0,0.0,0.0,1.0,3.0,1.0
844327b9-2547-48f7-9678-6058d145acb7,a160ca2f-dff2-446d-b4d6-33f2277a83a2,MLQ5X_D5_SEQUENCE_23,MLQ5X_D5S23_N28_RIOS_TENS_PROTOCOL,B,28,2.0,2.0,2.0,2.0,3.0,1.0,1.0,0.0,0.0
28b7b175-811f-467f-82ec-1a35796d7815,c8d77734-3fab-4d53-ba6e-e8ea6755247b,MLQ5X_D3_SEQUENCE_14,MLQ5X_D3S14_N18_SOFIA_BOX6_DECISION,A,18,3.0,3.0,1.0,0.0,1.0,3.0,2.0,0.0,0.0
28b7b175-811f-467f-82ec-1a35796d7815,c8d77734-3fab-4d53-ba6e-e8ea6755247b,MLQ5X_D3_SEQUENCE_14,MLQ5X_D3S14_N19_ULTRASOUND_SHARED_USE,A,19,3.0,3.0,2.0,3.0,3.0,1.0,3.0,0.0,0.0
28b7b175-811f-467f-82ec-1a35796d7815,c8d77734-3fab-4d53-ba6e-e8ea6755247b,MLQ5X_D3_SEQUENCE_15,MLQ5X_D3S15_N20_SOTO_ROTATING_SHIFTS_DECISION,A,20,2.0,3.0,2.0,2.0,2.0,1.0,1.0,0.0,0.0
28b7b175-811f-467f-82ec-1a35796d7815,c8d77734-3fab-4d53-ba6e-e8ea6755247b,MLQ5X_D3_SEQUENCE_18,MLQ5X_D3S18_N23_JAVIER_WORKLOAD,A,23,3.0,3.0,2.0,0.0,4.0,1.0,3.0,0.0,0.0
932a2afb-6b31-4a33-97a6-8dbf8b835723,d71fa453-1f81-4b63-921c-3568cf30550a,MLQ5X_D5_SEQUENCE_23,MLQ5X_D5S23_N28_RIOS_TENS_PROTOCOL,B,28,2.0,2.0,2.0,2.0,3.0,1.0,1.0,0.0,0.0
932a2afb-6b31-4a33-97a6-8dbf8b835723,d71fa453-1f81-4b63-921c-3568cf30550a,MLQ5X_D1_SEQUENCE_3,MLQ5X_D1S3_N6_GUZMAN_DOCENCIA,A,6,3.0,2.0,3.0,2.0,3.0,0.0,0.0,0.0,0.0
932a2afb-6b31-4a33-97a6-8dbf8b835723,d71fa453-1f81-4b63-921c-3568cf30550a,MLQ5X_D1_SEQUENCE_5,MLQ5X_D1S5_N10_SOTO_PROTOCOLS,C,10,2.0,2.0,2.0,1.0,1.0,1.0,2.0,2.0,1.0
932a2afb-6b31-4a33-97a6-8dbf8b835723,d71fa453-1f81-4b63-921c-3568cf30550a,MLQ5X_D2_SEQUENCE_10,MLQ5X_D2S10_N13_LATE_ARRIVAL_RESPONSE,C,13,0.0,1.0,0.0,0.0,1.0,0.0,3.0,1.0,0.0
932a2afb-6b31-4a33-97a6-8dbf8b835723,d71fa453-1f81-4b63-921c-3568cf30550a,MLQ5X_D2_SEQUENCE_10,MLQ5X_D2S10_N14_RIOS_EXTENDED_SHIFTS,C,14,0.0,1.0,0.0,0.0,0.0,0.0,1.0,3.0,2.0
932a2afb-6b31-4a33-97a6-8dbf8b835723,d71fa453-1f81-4b63-921c-3568cf30550a,MLQ5X_D2_SEQUENCE_10,MLQ5X_D2S10_N15_RIOS_RESIGNATION_RISK,B,15,2.0,2.0,1.0,3.0,2.0,0.0,2.0,0.0,0.0
932a2afb-6b31-4a33-97a6-8dbf8b835723,d71fa453-1f81-4b63-921c-3568cf30550a,MLQ5X_D2_SEQUENCE_9,MLQ5X_D2S9_N12_SOTO_WATER_CUT_FOLLOWUP,A,12,4.0,4.0,4.0,1.0,3.0,2.0,0.0,0.0,0.0
932a2afb-6b31-4a33-97a6-8dbf8b835723,d71fa453-1f81-4b63-921c-3568cf30550a,MLQ5X_D2_SEQUENCE_11,MLQ5X_D2S11_N16_GUZMAN_VISION,B,16,1.0,1.0,0.0,0.0,2.0,0.0,0.0,2.0,1.0
932a2afb-6b31-4a33-97a6-8dbf8b835723,d71fa453-1f81-4b63-921c-3568cf30550a,MLQ5X_D2_SEQUENCE_11,MLQ5X_D2S11_N17_GUZMAN_PRACTICE_CUPS,B,17,2.0,1.0,0.0,0.0,1.0,1.0,3.0,0.0,0.0
932a2afb-6b31-4a33-97a6-8dbf8b835723,d71fa453-1f81-4b63-921c-3568cf30550a,MLQ5X_D3_SEQUENCE_14,MLQ5X_D3S14_N18_SOFIA_BOX6_DECISION,A,18,3.0,3.0,1.0,0.0,1.0,3.0,2.0,0.0,0.0
932a2afb-6b31-4a33-97a6-8dbf8b835723,d71fa453-1f81-4b63-921c-3568cf30550a,MLQ5X_D3_SEQUENCE_14,MLQ5X_D3S14_N19_ULTRASOUND_SHARED_USE,A,19,3.0,3.0,2.0,3.0,3.0,1.0,3.0,0.0,0.0
932a2afb-6b31-4a33-97a6-8dbf8b835723,d71fa453-1f81-4b63-921c-3568cf30550a,MLQ5X_D3_SEQUENCE_15,MLQ5X_D3S15_N20_SOTO_ROTATING_SHIFTS_DECISION,A,20,2.0,3.0,2.0,2.0,2.0,1.0,1.0,0.0,0.0
932a2afb-6b31-4a33-97a6-8dbf8b835723,d71fa453-1f81-4b63-921c-3568cf30550a,MLQ5X_D3_SEQUENCE_18,MLQ5X_D3S18_N23_JAVIER_WORKLOAD,A,23,3.0,3.0,2.0,0.0,4.0,1.0,3.0,0.0,0.0
932a2afb-6b31-4a33-97a6-8dbf8b835723,d71fa453-1f81-4b63-921c-3568cf30550a,MLQ5X_D5_SEQUENCE_21,MLQ5X_D5S21_N26_SOFIA_MINOR_RECORD_ERROR,B,26,1.0,1.0,0.0,0.0,2.0,1.0,1.0,1.0,0.0
932a2afb-6b31-4a33-97a6-8dbf8b835723,d71fa453-1f81-4b63-921c-3568cf30550a,MLQ5X_D3_SEQUENCE_16,MLQ5X_D3S16_N21_GUZMAN_UNREGISTERED_INTERNS,A,21,3.0,3.0,2.0,1.0,3.0,1.0,1.0,0.0,0.0
932a2afb-6b31-4a33-97a6-8dbf8b835723,d71fa453-1f81-4b63-921c-3568cf30550a,MLQ5X_D3_SEQUENCE_16,MLQ5X_D3S16_N22_GUZMAN_CONVENIO_BOX1,A,22,3.0,3.0,3.0,2.0,3.0,2.0,0.0,0.0,0.0
be68601a-e3f2-4705-9a39-a809fb8b1e7c,3b254354-e14b-4b47-b239-975b63c523ca,MLQ5X_D1_SEQUENCE_1,MLQ5X_D1S1_N1_RIOS_CHOICE,B,1,1.0,0.0,1.0,0.0,0.0,0.0,0.0,3.0,3.0
be68601a-e3f2-4705-9a39-a809fb8b1e7c,3b254354-e14b-4b47-b239-975b63c523ca,MLQ5X_D1_SEQUENCE_1,MLQ5X_D1S1_N2_GUZMAN_DOCENCIA,A,2,4.0,4.0,2.0,0.0,4.0,1.0,2.0,0.0,0.0
be68601a-e3f2-4705-9a39-a809fb8b1e7c,3b254354-e14b-4b47-b239-975b63c523ca,MLQ5X_D1_SEQUENCE_1,MLQ5X_D1S1_N3_RIOS_PROTOCOLS,A,3,3.0,3.0,3.0,3.0,3.0,1.0,3.0,0.0,0.0
be68601a-e3f2-4705-9a39-a809fb8b1e7c,3b254354-e14b-4b47-b239-975b63c523ca,MLQ5X_D1_SEQUENCE_1,MLQ5X_D1S1_N4_SOTO_INDICATORS,A,4,3.0,3.0,2.0,2.0,2.0,0.0,2.0,1.0,1.0
be68601a-e3f2-4705-9a39-a809fb8b1e7c,3b254354-e14b-4b47-b239-975b63c523ca,MLQ5X_D1_SEQUENCE_1,MLQ5X_D1S1_N5_SOFIA_PRIORITY,B,5,3.0,1.0,2.0,1.0,1.0,1.0,4.0,0.0,0.0
be68601a-e3f2-4705-9a39-a809fb8b1e7c,3b254354-e14b-4b47-b239-975b63c523ca,MLQ5X_D1_SEQUENCE_5,MLQ5X_D1S5_N10_SOTO_PROTOCOLS,C,10,2.0,2.0,2.0,1.0,1.0,1.0,2.0,2.0,1.0
be68601a-e3f2-4705-9a39-a809fb8b1e7c,3b254354-e14b-4b47-b239-975b63c523ca,MLQ5X_D1_SEQUENCE_4,MLQ5X_D1S4_N7_RIOS_DERIVACION,B,7,0.0,0.0,0.0,0.0,1.0,0.0,1.0,2.0,2.0
be68601a-e3f2-4705-9a39-a809fb8b1e7c,3b254354-e14b-4b47-b239-975b63c523ca,MLQ5X_D1_SEQUENCE_4,MLQ5X_D1S4_N8_RIOS_SANCION,B,8,2.0,2.0,2.0,0.0,1.0,2.0,2.0,2.0,0.0
be68601a-e3f2-4705-9a39-a809fb8b1e7c,3b254354-e14b-4b47-b239-975b63c523ca,MLQ5X_D1_SEQUENCE_4,MLQ5X_D1S4_N9_SOTO_REPORTE,A,9,2.0,3.0,2.0,2.0,2.0,2.0,2.0,0.0,0.0
be68601a-e3f2-4705-9a39-a809fb8b1e7c,3b254354-e14b-4b47-b239-975b63c523ca,MLQ5X_D2_SEQUENCE_8,MLQ5X_D2S8_N11_SOTO_DECISION,A,11,3.0,4.0,2.0,2.0,2.0,2.0,3.0,0.0,0.0
be68601a-e3f2-4705-9a39-a809fb8b1e7c,3b254354-e14b-4b47-b239-975b63c523ca,MLQ5X_D1_SEQUENCE_3,MLQ5X_D1S3_N6_GUZMAN_DOCENCIA,C,6,3.0,3.0,2.0,0.0,1.0,2.0,1.0,1.0,0.0
be68601a-e3f2-4705-9a39-a809fb8b1e7c,3b254354-e14b-4b47-b239-975b63c523ca,MLQ5X_D2_SEQUENCE_10,MLQ5X_D2S10_N13_LATE_ARRIVAL_RESPONSE,A,13,2.0,2.0,1.0,2.0,4.0,2.0,1.0,0.0,0.0
be68601a-e3f2-4705-9a39-a809fb8b1e7c,3b254354-e14b-4b47-b239-975b63c523ca,MLQ5X_D2_SEQUENCE_10,MLQ5X_D2S10_N14_RIOS_EXTENDED_SHIFTS,A,14,3.0,3.0,2.0,1.0,2.0,1.0,3.0,0.0,0.0
be68601a-e3f2-4705-9a39-a809fb8b1e7c,3b254354-e14b-4b47-b239-975b63c523ca,MLQ5X_D2_SEQUENCE_10,MLQ5X_D2S10_N15_RIOS_RESIGNATION_RISK,B,15,2.0,2.0,1.0,3.0,2.0,0.0,2.0,0.0,0.0
be68601a-e3f2-4705-9a39-a809fb8b1e7c,3b254354-e14b-4b47-b239-975b63c523ca,MLQ5X_D3_SEQUENCE_14,MLQ5X_D3S14_N18_SOFIA_BOX6_DECISION,A,18,3.0,3.0,1.0,0.0,1.0,3.0,2.0,0.0,0.0
be68601a-e3f2-4705-9a39-a809fb8b1e7c,3b254354-e14b-4b47-b239-975b63c523ca,MLQ5X_D3_SEQUENCE_14,MLQ5X_D3S14_N19_ULTRASOUND_SHARED_USE,A,19,3.0,3.0,2.0,3.0,3.0,1.0,3.0,0.0,0.0
be68601a-e3f2-4705-9a39-a809fb8b1e7c,3b254354-e14b-4b47-b239-975b63c523ca,MLQ5X_D2_SEQUENCE_9,MLQ5X_D2S9_N12_SOTO_WATER_CUT_FOLLOWUP,A,12,4.0,4.0,4.0,1.0,3.0,2.0,0.0,0.0,0.0
be68601a-e3f2-4705-9a39-a809fb8b1e7c,3b254354-e14b-4b47-b239-975b63c523ca,MLQ5X_D2_SEQUENCE_11,MLQ5X_D2S11_N16_GUZMAN_VISION,A,16,3.0,3.0,3.0,3.0,3.0,1.0,0.0,0.0,0.0
be68601a-e3f2-4705-9a39-a809fb8b1e7c,3b254354-e14b-4b47-b239-975b63c523ca,MLQ5X_D2_SEQUENCE_11,MLQ5X_D2S11_N17_GUZMAN_PRACTICE_CUPS,C,17,1.0,0.0,0.0,0.0,0.0,0.0,2.0,2.0,1.0
be68601a-e3f2-4705-9a39-a809fb8b1e7c,3b254354-e14b-4b47-b239-975b63c523ca,MLQ5X_D3_SEQUENCE_15,MLQ5X_D3S15_N20_SOTO_ROTATING_SHIFTS_DECISION,A,20,2.0,3.0,2.0,2.0,2.0,1.0,1.0,0.0,0.0
be68601a-e3f2-4705-9a39-a809fb8b1e7c,3b254354-e14b-4b47-b239-975b63c523ca,MLQ5X_D3_SEQUENCE_18,MLQ5X_D3S18_N23_JAVIER_WORKLOAD,A,23,3.0,3.0,2.0,0.0,4.0,1.0,3.0,0.0,0.0
be68601a-e3f2-4705-9a39-a809fb8b1e7c,3b254354-e14b-4b47-b239-975b63c523ca,MLQ5X_D3_SEQUENCE_16,MLQ5X_D3S16_N21_GUZMAN_UNREGISTERED_INTERNS,C,21,2.0,2.0,0.0,0.0,0.0,1.0,3.0,1.0,0.0
be68601a-e3f2-4705-9a39-a809fb8b1e7c,3b254354-e14b-4b47-b239-975b63c523ca,MLQ5X_D3_SEQUENCE_16,MLQ5X_D3S16_N22_GUZMAN_CONVENIO_BOX1,B,22,2.0,2.0,0.0,0.0,1.0,2.0,2.0,2.0,1.0
be68601a-e3f2-4705-9a39-a809fb8b1e7c,3b254354-e14b-4b47-b239-975b63c523ca,MLQ5X_D5_SEQUENCE_21,MLQ5X_D5S21_N26_SOFIA_MINOR_RECORD_ERROR,A,26,2.0,2.0,1.0,0.0,1.0,0.0,3.0,0.0,0.0
be68601a-e3f2-4705-9a39-a809fb8b1e7c,3b254354-e14b-4b47-b239-975b63c523ca,MLQ5X_D4_SEQUENCE_20,MLQ5X_D4S20_N25_RIOS_FLEXIBILITY_REQUEST,B,25,2.0,2.0,0.0,0.0,2.0,2.0,3.0,1.0,0.0
be68601a-e3f2-4705-9a39-a809fb8b1e7c,3b254354-e14b-4b47-b239-975b63c523ca,MLQ5X_D5_SEQUENCE_22,MLQ5X_D5S22_N27_SOTO_MINOR_RISK_REPORT,B,27,1.0,1.0,0.0,0.0,0.0,0.0,1.0,3.0,1.0
be68601a-e3f2-4705-9a39-a809fb8b1e7c,3b254354-e14b-4b47-b239-975b63c523ca,MLQ5X_D5_SEQUENCE_23,MLQ5X_D5S23_N28_RIOS_TENS_PROTOCOL,B,28,2.0,2.0,2.0,2.0,3.0,1.0,1.0,0.0,0.0
28b7b175-811f-467f-82ec-1a35796d7815,c8d77734-3fab-4d53-ba6e-e8ea6755247b,MLQ5X_D3_SEQUENCE_16,MLQ5X_D3S16_N21_GUZMAN_UNREGISTERED_INTERNS,A,21,3.0,3.0,2.0,1.0,3.0,1.0,1.0,0.0,0.0
dfd53c79-0eb6-454c-95b6-e43791f7ee84,da58e510-1ba0-460f-8d1b-121441b33f8c,MLQ5X_D1_SEQUENCE_1,MLQ5X_D1S1_N3_RIOS_PROTOCOLS,A,3,3.0,3.0,3.0,3.0,3.0,1.0,3.0,0.0,0.0
dfd53c79-0eb6-454c-95b6-e43791f7ee84,da58e510-1ba0-460f-8d1b-121441b33f8c,MLQ5X_D1_SEQUENCE_1,MLQ5X_D1S1_N4_SOTO_INDICATORS,C,4,1.0,1.0,2.0,1.0,0.0,0.0,1.0,1.0,1.0
dfd53c79-0eb6-454c-95b6-e43791f7ee84,da58e510-1ba0-460f-8d1b-121441b33f8c,MLQ5X_D1_SEQUENCE_1,MLQ5X_D1S1_N5_SOFIA_PRIORITY,B,5,3.0,1.0,2.0,1.0,1.0,1.0,4.0,0.0,0.0
dfd53c79-0eb6-454c-95b6-e43791f7ee84,da58e510-1ba0-460f-8d1b-121441b33f8c,MLQ5X_D1_SEQUENCE_1,MLQ5X_D1S1_N1_RIOS_CHOICE,A,1,3.0,4.0,3.0,1.0,2.0,1.0,2.0,0.0,0.0
dfd53c79-0eb6-454c-95b6-e43791f7ee84,da58e510-1ba0-460f-8d1b-121441b33f8c,MLQ5X_D1_SEQUENCE_1,MLQ5X_D1S1_N2_GUZMAN_DOCENCIA,C,2,2.0,2.0,1.0,0.0,1.0,1.0,4.0,0.0,0.0
dfd53c79-0eb6-454c-95b6-e43791f7ee84,da58e510-1ba0-460f-8d1b-121441b33f8c,MLQ5X_D1_SEQUENCE_1,MLQ5X_D1S1_N4_SOTO_INDICATORS,A,4,3.0,3.0,2.0,2.0,2.0,0.0,2.0,1.0,1.0
dfd53c79-0eb6-454c-95b6-e43791f7ee84,da58e510-1ba0-460f-8d1b-121441b33f8c,MLQ5X_D2_SEQUENCE_8,MLQ5X_D2S8_N11_SOTO_DECISION,A,11,3.0,4.0,2.0,2.0,2.0,2.0,3.0,0.0,0.0
dfd53c79-0eb6-454c-95b6-e43791f7ee84,da58e510-1ba0-460f-8d1b-121441b33f8c,MLQ5X_D1_SEQUENCE_5,MLQ5X_D1S5_N10_SOTO_PROTOCOLS,C,10,2.0,2.0,2.0,1.0,1.0,1.0,2.0,2.0,1.0
dfd53c79-0eb6-454c-95b6-e43791f7ee84,da58e510-1ba0-460f-8d1b-121441b33f8c,MLQ5X_D2_SEQUENCE_10,MLQ5X_D2S10_N13_LATE_ARRIVAL_RESPONSE,B,13,3.0,4.0,4.0,3.0,2.0,2.0,1.0,0.0,0.0
dfd53c79-0eb6-454c-95b6-e43791f7ee84,da58e510-1ba0-460f-8d1b-121441b33f8c,MLQ5X_D2_SEQUENCE_10,MLQ5X_D2S10_N14_RIOS_EXTENDED_SHIFTS,B,14,1.0,0.0,0.0,0.0,1.0,0.0,2.0,2.0,0.0
dfd53c79-0eb6-454c-95b6-e43791f7ee84,da58e510-1ba0-460f-8d1b-121441b33f8c,MLQ5X_D2_SEQUENCE_10,MLQ5X_D2S10_N15_RIOS_RESIGNATION_RISK,B,15,2.0,2.0,1.0,3.0,2.0,0.0,2.0,0.0,0.0
dfd53c79-0eb6-454c-95b6-e43791f7ee84,da58e510-1ba0-460f-8d1b-121441b33f8c,MLQ5X_D3_SEQUENCE_14,MLQ5X_D3S14_N18_SOFIA_BOX6_DECISION,A,18,3.0,3.0,1.0,0.0,1.0,3.0,2.0,0.0,0.0
dfd53c79-0eb6-454c-95b6-e43791f7ee84,da58e510-1ba0-460f-8d1b-121441b33f8c,MLQ5X_D3_SEQUENCE_14,MLQ5X_D3S14_N19_ULTRASOUND_SHARED_USE,A,19,3.0,3.0,2.0,3.0,3.0,1.0,3.0,0.0,0.0
dfd53c79-0eb6-454c-95b6-e43791f7ee84,da58e510-1ba0-460f-8d1b-121441b33f8c,MLQ5X_D2_SEQUENCE_11,MLQ5X_D2S11_N16_GUZMAN_VISION,C,16,0.0,1.0,0.0,0.0,0.0,2.0,3.0,1.0,0.0
dfd53c79-0eb6-454c-95b6-e43791f7ee84,da58e510-1ba0-460f-8d1b-121441b33f8c,MLQ5X_D2_SEQUENCE_11,MLQ5X_D2S11_N17_GUZMAN_PRACTICE_CUPS,B,17,2.0,1.0,0.0,0.0,1.0,1.0,3.0,0.0,0.0
dfd53c79-0eb6-454c-95b6-e43791f7ee84,da58e510-1ba0-460f-8d1b-121441b33f8c,MLQ5X_D1_SEQUENCE_4,MLQ5X_D1S4_N7_RIOS_DERIVACION,A,7,3.0,3.0,3.0,4.0,3.0,2.0,0.0,0.0,0.0
dfd53c79-0eb6-454c-95b6-e43791f7ee84,da58e510-1ba0-460f-8d1b-121441b33f8c,MLQ5X_D1_SEQUENCE_4,MLQ5X_D1S4_N8_RIOS_SANCION,A,8,2.0,2.0,2.0,1.0,2.0,2.0,1.0,2.0,0.0
dfd53c79-0eb6-454c-95b6-e43791f7ee84,da58e510-1ba0-460f-8d1b-121441b33f8c,MLQ5X_D1_SEQUENCE_4,MLQ5X_D1S4_N9_SOTO_REPORTE,A,9,2.0,3.0,2.0,2.0,2.0,2.0,2.0,0.0,0.0
dfd53c79-0eb6-454c-95b6-e43791f7ee84,da58e510-1ba0-460f-8d1b-121441b33f8c,MLQ5X_D3_SEQUENCE_15,MLQ5X_D3S15_N20_SOTO_ROTATING_SHIFTS_DECISION,C,20,2.0,3.0,2.0,3.0,1.0,0.0,1.0,0.0,0.0
dfd53c79-0eb6-454c-95b6-e43791f7ee84,da58e510-1ba0-460f-8d1b-121441b33f8c,MLQ5X_D3_SEQUENCE_18,MLQ5X_D3S18_N23_JAVIER_WORKLOAD,A,23,3.0,3.0,2.0,0.0,4.0,1.0,3.0,0.0,0.0
dfd53c79-0eb6-454c-95b6-e43791f7ee84,da58e510-1ba0-460f-8d1b-121441b33f8c,MLQ5X_D3_SEQUENCE_16,MLQ5X_D3S16_N21_GUZMAN_UNREGISTERED_INTERNS,A,21,3.0,3.0,2.0,1.0,3.0,1.0,1.0,0.0,0.0
dfd53c79-0eb6-454c-95b6-e43791f7ee84,da58e510-1ba0-460f-8d1b-121441b33f8c,MLQ5X_D3_SEQUENCE_16,MLQ5X_D3S16_N22_GUZMAN_CONVENIO_BOX1,B,22,2.0,2.0,0.0,0.0,1.0,2.0,2.0,2.0,1.0
dfd53c79-0eb6-454c-95b6-e43791f7ee84,da58e510-1ba0-460f-8d1b-121441b33f8c,MLQ5X_D2_SEQUENCE_9,MLQ5X_D2S9_N12_SOTO_WATER_CUT_FOLLOWUP,A,12,4.0,4.0,4.0,1.0,3.0,2.0,0.0,0.0,0.0
89ce256c-6463-4db5-ae82-f8556ba1822a,be55028d-c510-46c2-94ff-942d373a6e80,MLQ5X_D1_SEQUENCE_1,MLQ5X_D1S1_N1_RIOS_CHOICE,B,1,1.0,0.0,1.0,0.0,0.0,0.0,0.0,3.0,3.0
89ce256c-6463-4db5-ae82-f8556ba1822a,be55028d-c510-46c2-94ff-942d373a6e80,MLQ5X_D1_SEQUENCE_1,MLQ5X_D1S1_N2_GUZMAN_DOCENCIA,C,2,2.0,2.0,1.0,0.0,1.0,1.0,4.0,0.0,0.0
89ce256c-6463-4db5-ae82-f8556ba1822a,be55028d-c510-46c2-94ff-942d373a6e80,MLQ5X_D1_SEQUENCE_1,MLQ5X_D1S1_N3_RIOS_PROTOCOLS,A,3,3.0,3.0,3.0,3.0,3.0,1.0,3.0,0.0,0.0
89ce256c-6463-4db5-ae82-f8556ba1822a,be55028d-c510-46c2-94ff-942d373a6e80,MLQ5X_D1_SEQUENCE_1,MLQ5X_D1S1_N4_SOTO_INDICATORS,C,4,1.0,1.0,2.0,1.0,0.0,0.0,1.0,1.0,1.0
89ce256c-6463-4db5-ae82-f8556ba1822a,be55028d-c510-46c2-94ff-942d373a6e80,MLQ5X_D1_SEQUENCE_1,MLQ5X_D1S1_N5_SOFIA_PRIORITY,C,5,3.0,3.0,2.0,2.0,1.0,1.0,2.0,0.0,0.0
89ce256c-6463-4db5-ae82-f8556ba1822a,be55028d-c510-46c2-94ff-942d373a6e80,MLQ5X_D1_SEQUENCE_4,MLQ5X_D1S4_N7_RIOS_DERIVACION,A,7,3.0,3.0,3.0,4.0,3.0,2.0,0.0,0.0,0.0
89ce256c-6463-4db5-ae82-f8556ba1822a,be55028d-c510-46c2-94ff-942d373a6e80,MLQ5X_D1_SEQUENCE_4,MLQ5X_D1S4_N8_RIOS_SANCION,C,8,2.0,1.0,0.0,0.0,0.0,4.0,4.0,0.0,0.0
89ce256c-6463-4db5-ae82-f8556ba1822a,be55028d-c510-46c2-94ff-942d373a6e80,MLQ5X_D1_SEQUENCE_4,MLQ5X_D1S4_N9_SOTO_REPORTE,A,9,2.0,3.0,2.0,2.0,2.0,2.0,2.0,0.0,0.0
89ce256c-6463-4db5-ae82-f8556ba1822a,be55028d-c510-46c2-94ff-942d373a6e80,MLQ5X_D1_SEQUENCE_3,MLQ5X_D1S3_N6_GUZMAN_DOCENCIA,B,6,1.0,2.0,1.0,0.0,0.0,1.0,1.0,1.0,0.0
89ce256c-6463-4db5-ae82-f8556ba1822a,be55028d-c510-46c2-94ff-942d373a6e80,MLQ5X_D1_SEQUENCE_5,MLQ5X_D1S5_N10_SOTO_PROTOCOLS,C,10,2.0,2.0,2.0,1.0,1.0,1.0,2.0,2.0,1.0
89ce256c-6463-4db5-ae82-f8556ba1822a,be55028d-c510-46c2-94ff-942d373a6e80,MLQ5X_D2_SEQUENCE_8,MLQ5X_D2S8_N11_SOTO_DECISION,C,11,0.0,0.0,0.0,0.0,0.0,0.0,1.0,3.0,3.0
89ce256c-6463-4db5-ae82-f8556ba1822a,be55028d-c510-46c2-94ff-942d373a6e80,MLQ5X_D2_SEQUENCE_10,MLQ5X_D2S10_N13_LATE_ARRIVAL_RESPONSE,C,13,0.0,1.0,0.0,0.0,1.0,0.0,3.0,1.0,0.0
89ce256c-6463-4db5-ae82-f8556ba1822a,be55028d-c510-46c2-94ff-942d373a6e80,MLQ5X_D2_SEQUENCE_10,MLQ5X_D2S10_N14_RIOS_EXTENDED_SHIFTS,A,14,3.0,3.0,2.0,1.0,2.0,1.0,3.0,0.0,0.0
89ce256c-6463-4db5-ae82-f8556ba1822a,be55028d-c510-46c2-94ff-942d373a6e80,MLQ5X_D2_SEQUENCE_10,MLQ5X_D2S10_N15_RIOS_RESIGNATION_RISK,B,15,2.0,2.0,1.0,3.0,2.0,0.0,2.0,0.0,0.0
89ce256c-6463-4db5-ae82-f8556ba1822a,be55028d-c510-46c2-94ff-942d373a6e80,MLQ5X_D2_SEQUENCE_9,MLQ5X_D2S9_N12_SOTO_WATER_CUT_FOLLOWUP,A,12,4.0,4.0,4.0,1.0,3.0,2.0,0.0,0.0,0.0
89ce256c-6463-4db5-ae82-f8556ba1822a,be55028d-c510-46c2-94ff-942d373a6e80,MLQ5X_D2_SEQUENCE_11,MLQ5X_D2S11_N16_GUZMAN_VISION,A,16,3.0,3.0,3.0,3.0,3.0,1.0,0.0,0.0,0.0
89ce256c-6463-4db5-ae82-f8556ba1822a,be55028d-c510-46c2-94ff-942d373a6e80,MLQ5X_D2_SEQUENCE_11,MLQ5X_D2S11_N17_GUZMAN_PRACTICE_CUPS,A,17,3.0,3.0,3.0,2.0,0.0,1.0,2.0,0.0,0.0
89ce256c-6463-4db5-ae82-f8556ba1822a,be55028d-c510-46c2-94ff-942d373a6e80,MLQ5X_D3_SEQUENCE_14,MLQ5X_D3S14_N18_SOFIA_BOX6_DECISION,A,18,3.0,3.0,1.0,0.0,1.0,3.0,2.0,0.0,0.0
89ce256c-6463-4db5-ae82-f8556ba1822a,be55028d-c510-46c2-94ff-942d373a6e80,MLQ5X_D3_SEQUENCE_14,MLQ5X_D3S14_N19_ULTRASOUND_SHARED_USE,A,19,3.0,3.0,2.0,3.0,3.0,1.0,3.0,0.0,0.0
89ce256c-6463-4db5-ae82-f8556ba1822a,be55028d-c510-46c2-94ff-942d373a6e80,MLQ5X_D3_SEQUENCE_15,MLQ5X_D3S15_N20_SOTO_ROTATING_SHIFTS_DECISION,A,20,2.0,3.0,2.0,2.0,2.0,1.0,1.0,0.0,0.0
89ce256c-6463-4db5-ae82-f8556ba1822a,be55028d-c510-46c2-94ff-942d373a6e80,MLQ5X_D3_SEQUENCE_18,MLQ5X_D3S18_N23_JAVIER_WORKLOAD,B,23,2.0,2.0,1.0,0.0,2.0,1.0,3.0,0.0,0.0
89ce256c-6463-4db5-ae82-f8556ba1822a,be55028d-c510-46c2-94ff-942d373a6e80,MLQ5X_D3_SEQUENCE_16,MLQ5X_D3S16_N21_GUZMAN_UNREGISTERED_INTERNS,A,21,3.0,3.0,2.0,1.0,3.0,1.0,1.0,0.0,0.0
89ce256c-6463-4db5-ae82-f8556ba1822a,be55028d-c510-46c2-94ff-942d373a6e80,MLQ5X_D3_SEQUENCE_16,MLQ5X_D3S16_N22_GUZMAN_CONVENIO_BOX1,C,22,0.0,0.0,0.0,0.0,0.0,0.0,0.0,3.0,4.0
89ce256c-6463-4db5-ae82-f8556ba1822a,be55028d-c510-46c2-94ff-942d373a6e80,MLQ5X_D5_SEQUENCE_21,MLQ5X_D5S21_N26_SOFIA_MINOR_RECORD_ERROR,A,26,2.0,2.0,1.0,0.0,1.0,0.0,3.0,0.0,0.0
89ce256c-6463-4db5-ae82-f8556ba1822a,be55028d-c510-46c2-94ff-942d373a6e80,MLQ5X_D4_SEQUENCE_20,MLQ5X_D4S20_N25_RIOS_FLEXIBILITY_REQUEST,B,25,2.0,2.0,0.0,0.0,2.0,2.0,3.0,1.0,0.0
89ce256c-6463-4db5-ae82-f8556ba1822a,be55028d-c510-46c2-94ff-942d373a6e80,MLQ5X_D5_SEQUENCE_22,MLQ5X_D5S22_N27_SOTO_MINOR_RISK_REPORT,A,27,1.0,1.0,0.0,0.0,0.0,1.0,2.0,3.0,2.0
89ce256c-6463-4db5-ae82-f8556ba1822a,be55028d-c510-46c2-94ff-942d373a6e80,MLQ5X_D5_SEQUENCE_23,MLQ5X_D5S23_N28_RIOS_TENS_PROTOCOL,A,28,2.0,2.0,2.0,1.0,2.0,0.0,1.0,0.0,0.0
dfd53c79-0eb6-454c-95b6-e43791f7ee84,da58e510-1ba0-460f-8d1b-121441b33f8c,MLQ5X_D1_SEQUENCE_3,MLQ5X_D1S3_N6_GUZMAN_DOCENCIA,A,6,3.0,2.0,3.0,2.0,3.0,0.0,0.0,0.0,0.0
dfd53c79-0eb6-454c-95b6-e43791f7ee84,da58e510-1ba0-460f-8d1b-121441b33f8c,MLQ5X_D5_SEQUENCE_21,MLQ5X_D5S21_N26_SOFIA_MINOR_RECORD_ERROR,A,26,2.0,2.0,1.0,0.0,1.0,0.0,3.0,0.0,0.0
dfd53c79-0eb6-454c-95b6-e43791f7ee84,da58e510-1ba0-460f-8d1b-121441b33f8c,MLQ5X_D4_SEQUENCE_20,MLQ5X_D4S20_N25_RIOS_FLEXIBILITY_REQUEST,B,25,2.0,2.0,0.0,0.0,2.0,2.0,3.0,1.0,0.0
dfd53c79-0eb6-454c-95b6-e43791f7ee84,da58e510-1ba0-460f-8d1b-121441b33f8c,MLQ5X_D5_SEQUENCE_22,MLQ5X_D5S22_N27_SOTO_MINOR_RISK_REPORT,B,27,1.0,1.0,0.0,0.0,0.0,0.0,1.0,3.0,1.0
dfd53c79-0eb6-454c-95b6-e43791f7ee84,da58e510-1ba0-460f-8d1b-121441b33f8c,MLQ5X_D5_SEQUENCE_23,MLQ5X_D5S23_N28_RIOS_TENS_PROTOCOL,B,28,2.0,2.0,2.0,2.0,3.0,1.0,1.0,0.0,0.0
28b7b175-811f-467f-82ec-1a35796d7815,c8d77734-3fab-4d53-ba6e-e8ea6755247b,MLQ5X_D3_SEQUENCE_16,MLQ5X_D3S16_N22_GUZMAN_CONVENIO_BOX1,A,22,3.0,3.0,3.0,2.0,3.0,2.0,0.0,0.0,0.0
28b7b175-811f-467f-82ec-1a35796d7815,c8d77734-3fab-4d53-ba6e-e8ea6755247b,MLQ5X_D5_SEQUENCE_21,MLQ5X_D5S21_N26_SOFIA_MINOR_RECORD_ERROR,B,26,1.0,1.0,0.0,0.0,2.0,1.0,1.0,1.0,0.0
28b7b175-811f-467f-82ec-1a35796d7815,c8d77734-3fab-4d53-ba6e-e8ea6755247b,MLQ5X_D4_SEQUENCE_20,MLQ5X_D4S20_N25_RIOS_FLEXIBILITY_REQUEST,C,25,0.0,0.0,0.0,0.0,0.0,0.0,2.0,0.0,0.0
28b7b175-811f-467f-82ec-1a35796d7815,c8d77734-3fab-4d53-ba6e-e8ea6755247b,MLQ5X_D5_SEQUENCE_22,MLQ5X_D5S22_N27_SOTO_MINOR_RISK_REPORT,B,27,1.0,1.0,0.0,0.0,0.0,0.0,1.0,3.0,1.0
28b7b175-811f-467f-82ec-1a35796d7815,c8d77734-3fab-4d53-ba6e-e8ea6755247b,MLQ5X_D5_SEQUENCE_23,MLQ5X_D5S23_N28_RIOS_TENS_PROTOCOL,B,28,2.0,2.0,2.0,2.0,3.0,1.0,1.0,0.0,0.0
da95bb1c-e7ec-4cfa-855d-b8be4db1df7c,32e32725-f6df-42e7-9302-1cbb9d9a336e,MLQ5X_D3_SEQUENCE_18,MLQ5X_D3S18_N23_JAVIER_WORKLOAD,B,23,2.0,2.0,1.0,0.0,2.0,1.0,3.0,0.0,0.0
da95bb1c-e7ec-4cfa-855d-b8be4db1df7c,32e32725-f6df-42e7-9302-1cbb9d9a336e,MLQ5X_D3_SEQUENCE_16,MLQ5X_D3S16_N21_GUZMAN_UNREGISTERED_INTERNS,A,21,3.0,3.0,2.0,1.0,3.0,1.0,1.0,0.0,0.0
da95bb1c-e7ec-4cfa-855d-b8be4db1df7c,32e32725-f6df-42e7-9302-1cbb9d9a336e,MLQ5X_D3_SEQUENCE_16,MLQ5X_D3S16_N22_GUZMAN_CONVENIO_BOX1,A,22,3.0,3.0,3.0,2.0,3.0,2.0,0.0,0.0,0.0
da95bb1c-e7ec-4cfa-855d-b8be4db1df7c,32e32725-f6df-42e7-9302-1cbb9d9a336e,MLQ5X_D4_SEQUENCE_19,MLQ5X_D4S19_N24_GUZMAN_BOX1_BROKEN_PROMISE,A,24,3.0,3.0,2.0,1.0,3.0,2.0,1.0,0.0,0.0
fd9720d1-b3ca-43d1-8748-f4f031766405,20f22151-7934-40ec-bb80-732b64e23eec,MLQ5X_D1_SEQUENCE_1,MLQ5X_D1S1_N1_RIOS_CHOICE,A,1,3.0,4.0,3.0,1.0,2.0,1.0,2.0,0.0,0.0
fd9720d1-b3ca-43d1-8748-f4f031766405,20f22151-7934-40ec-bb80-732b64e23eec,MLQ5X_D1_SEQUENCE_1,MLQ5X_D1S1_N2_GUZMAN_DOCENCIA,C,2,2.0,2.0,1.0,0.0,1.0,1.0,4.0,0.0,0.0
fd9720d1-b3ca-43d1-8748-f4f031766405,20f22151-7934-40ec-bb80-732b64e23eec,MLQ5X_D1_SEQUENCE_1,MLQ5X_D1S1_N3_RIOS_PROTOCOLS,A,3,3.0,3.0,3.0,3.0,3.0,1.0,3.0,0.0,0.0
fd9720d1-b3ca-43d1-8748-f4f031766405,20f22151-7934-40ec-bb80-732b64e23eec,MLQ5X_D1_SEQUENCE_1,MLQ5X_D1S1_N4_SOTO_INDICATORS,A,4,3.0,3.0,2.0,2.0,2.0,0.0,2.0,1.0,1.0
fd9720d1-b3ca-43d1-8748-f4f031766405,20f22151-7934-40ec-bb80-732b64e23eec,MLQ5X_D1_SEQUENCE_1,MLQ5X_D1S1_N5_SOFIA_PRIORITY,B,5,3.0,1.0,2.0,1.0,1.0,1.0,4.0,0.0,0.0
fd9720d1-b3ca-43d1-8748-f4f031766405,20f22151-7934-40ec-bb80-732b64e23eec,MLQ5X_D1_SEQUENCE_5,MLQ5X_D1S5_N10_SOTO_PROTOCOLS,C,10,2.0,2.0,2.0,1.0,1.0,1.0,2.0,2.0,1.0
fd9720d1-b3ca-43d1-8748-f4f031766405,20f22151-7934-40ec-bb80-732b64e23eec,MLQ5X_D1_SEQUENCE_4,MLQ5X_D1S4_N7_RIOS_DERIVACION,A,7,3.0,3.0,3.0,4.0,3.0,2.0,0.0,0.0,0.0
fd9720d1-b3ca-43d1-8748-f4f031766405,20f22151-7934-40ec-bb80-732b64e23eec,MLQ5X_D1_SEQUENCE_4,MLQ5X_D1S4_N8_RIOS_SANCION,B,8,2.0,2.0,2.0,0.0,1.0,2.0,2.0,2.0,0.0
fd9720d1-b3ca-43d1-8748-f4f031766405,20f22151-7934-40ec-bb80-732b64e23eec,MLQ5X_D1_SEQUENCE_4,MLQ5X_D1S4_N9_SOTO_REPORTE,A,9,2.0,3.0,2.0,2.0,2.0,2.0,2.0,0.0,0.0
fd9720d1-b3ca-43d1-8748-f4f031766405,20f22151-7934-40ec-bb80-732b64e23eec,MLQ5X_D1_SEQUENCE_3,MLQ5X_D1S3_N6_GUZMAN_DOCENCIA,B,6,1.0,2.0,1.0,0.0,0.0,1.0,1.0,1.0,0.0
fd9720d1-b3ca-43d1-8748-f4f031766405,20f22151-7934-40ec-bb80-732b64e23eec,MLQ5X_D2_SEQUENCE_8,MLQ5X_D2S8_N11_SOTO_DECISION,C,11,0.0,0.0,0.0,0.0,0.0,0.0,1.0,3.0,3.0
fd9720d1-b3ca-43d1-8748-f4f031766405,20f22151-7934-40ec-bb80-732b64e23eec,MLQ5X_D2_SEQUENCE_10,MLQ5X_D2S10_N13_LATE_ARRIVAL_RESPONSE,A,13,2.0,2.0,1.0,2.0,4.0,2.0,1.0,0.0,0.0
932a2afb-6b31-4a33-97a6-8dbf8b835723,d71fa453-1f81-4b63-921c-3568cf30550a,MLQ5X_D1_SEQUENCE_1,MLQ5X_D1S1_N1_RIOS_CHOICE,A,1,3.0,4.0,3.0,1.0,2.0,1.0,2.0,0.0,0.0
932a2afb-6b31-4a33-97a6-8dbf8b835723,d71fa453-1f81-4b63-921c-3568cf30550a,MLQ5X_D1_SEQUENCE_1,MLQ5X_D1S1_N2_GUZMAN_DOCENCIA,A,2,4.0,4.0,2.0,0.0,4.0,1.0,2.0,0.0,0.0
932a2afb-6b31-4a33-97a6-8dbf8b835723,d71fa453-1f81-4b63-921c-3568cf30550a,MLQ5X_D1_SEQUENCE_1,MLQ5X_D1S1_N3_RIOS_PROTOCOLS,A,3,3.0,3.0,3.0,3.0,3.0,1.0,3.0,0.0,0.0
932a2afb-6b31-4a33-97a6-8dbf8b835723,d71fa453-1f81-4b63-921c-3568cf30550a,MLQ5X_D1_SEQUENCE_1,MLQ5X_D1S1_N4_SOTO_INDICATORS,A,4,3.0,3.0,2.0,2.0,2.0,0.0,2.0,1.0,1.0
932a2afb-6b31-4a33-97a6-8dbf8b835723,d71fa453-1f81-4b63-921c-3568cf30550a,MLQ5X_D1_SEQUENCE_1,MLQ5X_D1S1_N5_SOFIA_PRIORITY,C,5,3.0,3.0,2.0,2.0,1.0,1.0,2.0,0.0,0.0
932a2afb-6b31-4a33-97a6-8dbf8b835723,d71fa453-1f81-4b63-921c-3568cf30550a,MLQ5X_D1_SEQUENCE_4,MLQ5X_D1S4_N7_RIOS_DERIVACION,A,7,3.0,3.0,3.0,4.0,3.0,2.0,0.0,0.0,0.0
932a2afb-6b31-4a33-97a6-8dbf8b835723,d71fa453-1f81-4b63-921c-3568cf30550a,MLQ5X_D1_SEQUENCE_4,MLQ5X_D1S4_N8_RIOS_SANCION,A,8,2.0,2.0,2.0,1.0,2.0,2.0,1.0,2.0,0.0
932a2afb-6b31-4a33-97a6-8dbf8b835723,d71fa453-1f81-4b63-921c-3568cf30550a,MLQ5X_D1_SEQUENCE_4,MLQ5X_D1S4_N9_SOTO_REPORTE,A,9,2.0,3.0,2.0,2.0,2.0,2.0,2.0,0.0,0.0
932a2afb-6b31-4a33-97a6-8dbf8b835723,d71fa453-1f81-4b63-921c-3568cf30550a,MLQ5X_D2_SEQUENCE_8,MLQ5X_D2S8_N11_SOTO_DECISION,A,11,3.0,4.0,2.0,2.0,2.0,2.0,3.0,0.0,0.0
fd9720d1-b3ca-43d1-8748-f4f031766405,20f22151-7934-40ec-bb80-732b64e23eec,MLQ5X_D2_SEQUENCE_10,MLQ5X_D2S10_N14_RIOS_EXTENDED_SHIFTS,A,14,3.0,3.0,2.0,1.0,2.0,1.0,3.0,0.0,0.0
fd9720d1-b3ca-43d1-8748-f4f031766405,20f22151-7934-40ec-bb80-732b64e23eec,MLQ5X_D2_SEQUENCE_10,MLQ5X_D2S10_N15_RIOS_RESIGNATION_RISK,B,15,2.0,2.0,1.0,3.0,2.0,0.0,2.0,0.0,0.0
fd9720d1-b3ca-43d1-8748-f4f031766405,20f22151-7934-40ec-bb80-732b64e23eec,MLQ5X_D3_SEQUENCE_14,MLQ5X_D3S14_N18_SOFIA_BOX6_DECISION,A,18,3.0,3.0,1.0,0.0,1.0,3.0,2.0,0.0,0.0
fd9720d1-b3ca-43d1-8748-f4f031766405,20f22151-7934-40ec-bb80-732b64e23eec,MLQ5X_D3_SEQUENCE_14,MLQ5X_D3S14_N19_ULTRASOUND_SHARED_USE,A,19,3.0,3.0,2.0,3.0,3.0,1.0,3.0,0.0,0.0
fd9720d1-b3ca-43d1-8748-f4f031766405,20f22151-7934-40ec-bb80-732b64e23eec,MLQ5X_D2_SEQUENCE_9,MLQ5X_D2S9_N12_SOTO_WATER_CUT_FOLLOWUP,A,12,4.0,4.0,4.0,1.0,3.0,2.0,0.0,0.0,0.0
fd9720d1-b3ca-43d1-8748-f4f031766405,20f22151-7934-40ec-bb80-732b64e23eec,MLQ5X_D2_SEQUENCE_11,MLQ5X_D2S11_N16_GUZMAN_VISION,A,16,3.0,3.0,3.0,3.0,3.0,1.0,0.0,0.0,0.0
fd9720d1-b3ca-43d1-8748-f4f031766405,20f22151-7934-40ec-bb80-732b64e23eec,MLQ5X_D2_SEQUENCE_11,MLQ5X_D2S11_N17_GUZMAN_PRACTICE_CUPS,A,17,3.0,3.0,3.0,2.0,0.0,1.0,2.0,0.0,0.0
fd9720d1-b3ca-43d1-8748-f4f031766405,20f22151-7934-40ec-bb80-732b64e23eec,MLQ5X_D3_SEQUENCE_15,MLQ5X_D3S15_N20_SOTO_ROTATING_SHIFTS_DECISION,C,20,2.0,3.0,2.0,3.0,1.0,0.0,1.0,0.0,0.0
fd9720d1-b3ca-43d1-8748-f4f031766405,20f22151-7934-40ec-bb80-732b64e23eec,MLQ5X_D3_SEQUENCE_18,MLQ5X_D3S18_N23_JAVIER_WORKLOAD,A,23,3.0,3.0,2.0,0.0,4.0,1.0,3.0,0.0,0.0
dc2a9bc3-e764-4e0a-bc23-3374c5b0e9d0,ae4f3438-a800-42be-8f15-3fefab66f6d4,MLQ5X_D2_SEQUENCE_10,MLQ5X_D2S10_N14_RIOS_EXTENDED_SHIFTS,B,14,1.0,0.0,0.0,0.0,1.0,0.0,2.0,2.0,0.0
dc2a9bc3-e764-4e0a-bc23-3374c5b0e9d0,ae4f3438-a800-42be-8f15-3fefab66f6d4,MLQ5X_D2_SEQUENCE_10,MLQ5X_D2S10_N15_RIOS_RESIGNATION_RISK,B,15,2.0,2.0,1.0,3.0,2.0,0.0,2.0,0.0,0.0
381eaa60-af6c-468c-9778-a4985a25216b,ce7bb036-9800-452e-9ea7-4ad8ffa38b10,MLQ5X_D1_SEQUENCE_3,MLQ5X_D1S3_N6_GUZMAN_DOCENCIA,A,6,3.0,2.0,3.0,2.0,3.0,0.0,0.0,0.0,0.0
381eaa60-af6c-468c-9778-a4985a25216b,ce7bb036-9800-452e-9ea7-4ad8ffa38b10,MLQ5X_D3_SEQUENCE_14,MLQ5X_D3S14_N18_SOFIA_BOX6_DECISION,A,18,3.0,3.0,1.0,0.0,1.0,3.0,2.0,0.0,0.0
381eaa60-af6c-468c-9778-a4985a25216b,ce7bb036-9800-452e-9ea7-4ad8ffa38b10,MLQ5X_D3_SEQUENCE_14,MLQ5X_D3S14_N19_ULTRASOUND_SHARED_USE,A,19,3.0,3.0,2.0,3.0,3.0,1.0,3.0,0.0,0.0
381eaa60-af6c-468c-9778-a4985a25216b,ce7bb036-9800-452e-9ea7-4ad8ffa38b10,MLQ5X_D3_SEQUENCE_15,MLQ5X_D3S15_N20_SOTO_ROTATING_SHIFTS_DECISION,A,20,2.0,3.0,2.0,2.0,2.0,1.0,1.0,0.0,0.0
381eaa60-af6c-468c-9778-a4985a25216b,ce7bb036-9800-452e-9ea7-4ad8ffa38b10,MLQ5X_D3_SEQUENCE_18,MLQ5X_D3S18_N23_JAVIER_WORKLOAD,B,23,2.0,2.0,1.0,0.0,2.0,1.0,3.0,0.0,0.0
da95bb1c-e7ec-4cfa-855d-b8be4db1df7c,32e32725-f6df-42e7-9302-1cbb9d9a336e,MLQ5X_D5_SEQUENCE_21,MLQ5X_D5S21_N26_SOFIA_MINOR_RECORD_ERROR,A,26,2.0,2.0,1.0,0.0,1.0,0.0,3.0,0.0,0.0
da95bb1c-e7ec-4cfa-855d-b8be4db1df7c,32e32725-f6df-42e7-9302-1cbb9d9a336e,MLQ5X_D4_SEQUENCE_20,MLQ5X_D4S20_N25_RIOS_FLEXIBILITY_REQUEST,C,25,0.0,0.0,0.0,0.0,0.0,0.0,2.0,0.0,0.0
da95bb1c-e7ec-4cfa-855d-b8be4db1df7c,32e32725-f6df-42e7-9302-1cbb9d9a336e,MLQ5X_D5_SEQUENCE_22,MLQ5X_D5S22_N27_SOTO_MINOR_RISK_REPORT,B,27,1.0,1.0,0.0,0.0,0.0,0.0,1.0,3.0,1.0
da95bb1c-e7ec-4cfa-855d-b8be4db1df7c,32e32725-f6df-42e7-9302-1cbb9d9a336e,MLQ5X_D5_SEQUENCE_23,MLQ5X_D5S23_N28_RIOS_TENS_PROTOCOL,A,28,2.0,2.0,2.0,1.0,2.0,0.0,1.0,0.0,0.0
dc2a9bc3-e764-4e0a-bc23-3374c5b0e9d0,ae4f3438-a800-42be-8f15-3fefab66f6d4,MLQ5X_D2_SEQUENCE_11,MLQ5X_D2S11_N16_GUZMAN_VISION,A,16,3.0,3.0,3.0,3.0,3.0,1.0,0.0,0.0,0.0
dc2a9bc3-e764-4e0a-bc23-3374c5b0e9d0,ae4f3438-a800-42be-8f15-3fefab66f6d4,MLQ5X_D2_SEQUENCE_11,MLQ5X_D2S11_N17_GUZMAN_PRACTICE_CUPS,B,17,2.0,1.0,0.0,0.0,1.0,1.0,3.0,0.0,0.0
dc2a9bc3-e764-4e0a-bc23-3374c5b0e9d0,ae4f3438-a800-42be-8f15-3fefab66f6d4,MLQ5X_D3_SEQUENCE_14,MLQ5X_D3S14_N18_SOFIA_BOX6_DECISION,A,18,3.0,3.0,1.0,0.0,1.0,3.0,2.0,0.0,0.0
318809b2-bb2d-4711-bd23-920f5cdbc1fa,0b8312e7-6e0b-4ec9-80c5-a917e6c8ac2e,MLQ5X_D1_SEQUENCE_1,MLQ5X_D1S1_N1_RIOS_CHOICE,A,1,3.0,4.0,3.0,1.0,2.0,1.0,2.0,0.0,0.0
b828b1fa-8e1a-4f88-be5e-fad3eb3cd3ec,541c63a2-10a8-4ebf-9a2e-f37916cfe1e0,MLQ5X_D1_SEQUENCE_1,MLQ5X_D1S1_N1_RIOS_CHOICE,C,1,0.0,0.0,1.0,0.0,0.0,0.0,0.0,2.0,2.0
b828b1fa-8e1a-4f88-be5e-fad3eb3cd3ec,541c63a2-10a8-4ebf-9a2e-f37916cfe1e0,MLQ5X_D1_SEQUENCE_1,MLQ5X_D1S1_N2_GUZMAN_DOCENCIA,C,2,2.0,2.0,1.0,0.0,1.0,1.0,4.0,0.0,0.0
b828b1fa-8e1a-4f88-be5e-fad3eb3cd3ec,541c63a2-10a8-4ebf-9a2e-f37916cfe1e0,MLQ5X_D1_SEQUENCE_1,MLQ5X_D1S1_N3_RIOS_PROTOCOLS,B,3,0.0,0.0,0.0,0.0,0.0,0.0,0.0,3.0,3.0
b828b1fa-8e1a-4f88-be5e-fad3eb3cd3ec,541c63a2-10a8-4ebf-9a2e-f37916cfe1e0,MLQ5X_D1_SEQUENCE_1,MLQ5X_D1S1_N4_SOTO_INDICATORS,B,4,1.0,0.0,1.0,1.0,1.0,1.0,1.0,0.0,0.0
b828b1fa-8e1a-4f88-be5e-fad3eb3cd3ec,541c63a2-10a8-4ebf-9a2e-f37916cfe1e0,MLQ5X_D1_SEQUENCE_1,MLQ5X_D1S1_N5_SOFIA_PRIORITY,C,5,3.0,3.0,2.0,2.0,1.0,1.0,2.0,0.0,0.0
b828b1fa-8e1a-4f88-be5e-fad3eb3cd3ec,541c63a2-10a8-4ebf-9a2e-f37916cfe1e0,MLQ5X_D1_SEQUENCE_4,MLQ5X_D1S4_N7_RIOS_DERIVACION,A,7,3.0,3.0,3.0,4.0,3.0,2.0,0.0,0.0,0.0
b828b1fa-8e1a-4f88-be5e-fad3eb3cd3ec,541c63a2-10a8-4ebf-9a2e-f37916cfe1e0,MLQ5X_D1_SEQUENCE_4,MLQ5X_D1S4_N8_RIOS_SANCION,A,8,2.0,2.0,2.0,1.0,2.0,2.0,1.0,2.0,0.0
b828b1fa-8e1a-4f88-be5e-fad3eb3cd3ec,541c63a2-10a8-4ebf-9a2e-f37916cfe1e0,MLQ5X_D1_SEQUENCE_4,MLQ5X_D1S4_N9_SOTO_REPORTE,A,9,2.0,3.0,2.0,2.0,2.0,2.0,2.0,0.0,0.0
b828b1fa-8e1a-4f88-be5e-fad3eb3cd3ec,541c63a2-10a8-4ebf-9a2e-f37916cfe1e0,MLQ5X_D2_SEQUENCE_8,MLQ5X_D2S8_N11_SOTO_DECISION,A,11,3.0,4.0,2.0,2.0,2.0,2.0,3.0,0.0,0.0
b828b1fa-8e1a-4f88-be5e-fad3eb3cd3ec,541c63a2-10a8-4ebf-9a2e-f37916cfe1e0,MLQ5X_D1_SEQUENCE_3,MLQ5X_D1S3_N6_GUZMAN_DOCENCIA,A,6,3.0,2.0,3.0,2.0,3.0,0.0,0.0,0.0,0.0
b828b1fa-8e1a-4f88-be5e-fad3eb3cd3ec,541c63a2-10a8-4ebf-9a2e-f37916cfe1e0,MLQ5X_D1_SEQUENCE_5,MLQ5X_D1S5_N10_SOTO_PROTOCOLS,B,10,3.0,2.0,2.0,1.0,1.0,1.0,4.0,0.0,0.0
b828b1fa-8e1a-4f88-be5e-fad3eb3cd3ec,541c63a2-10a8-4ebf-9a2e-f37916cfe1e0,MLQ5X_D2_SEQUENCE_10,MLQ5X_D2S10_N13_LATE_ARRIVAL_RESPONSE,C,13,0.0,1.0,0.0,0.0,1.0,0.0,3.0,1.0,0.0
b828b1fa-8e1a-4f88-be5e-fad3eb3cd3ec,541c63a2-10a8-4ebf-9a2e-f37916cfe1e0,MLQ5X_D2_SEQUENCE_10,MLQ5X_D2S10_N14_RIOS_EXTENDED_SHIFTS,A,14,3.0,3.0,2.0,1.0,2.0,1.0,3.0,0.0,0.0
b828b1fa-8e1a-4f88-be5e-fad3eb3cd3ec,541c63a2-10a8-4ebf-9a2e-f37916cfe1e0,MLQ5X_D2_SEQUENCE_10,MLQ5X_D2S10_N15_RIOS_RESIGNATION_RISK,B,15,2.0,2.0,1.0,3.0,2.0,0.0,2.0,0.0,0.0
b828b1fa-8e1a-4f88-be5e-fad3eb3cd3ec,541c63a2-10a8-4ebf-9a2e-f37916cfe1e0,MLQ5X_D2_SEQUENCE_9,MLQ5X_D2S9_N12_SOTO_WATER_CUT_FOLLOWUP,A,12,4.0,4.0,4.0,1.0,3.0,2.0,0.0,0.0,0.0
b828b1fa-8e1a-4f88-be5e-fad3eb3cd3ec,541c63a2-10a8-4ebf-9a2e-f37916cfe1e0,MLQ5X_D2_SEQUENCE_11,MLQ5X_D2S11_N16_GUZMAN_VISION,A,16,3.0,3.0,3.0,3.0,3.0,1.0,0.0,0.0,0.0
b828b1fa-8e1a-4f88-be5e-fad3eb3cd3ec,541c63a2-10a8-4ebf-9a2e-f37916cfe1e0,MLQ5X_D2_SEQUENCE_11,MLQ5X_D2S11_N17_GUZMAN_PRACTICE_CUPS,B,17,2.0,1.0,0.0,0.0,1.0,1.0,3.0,0.0,0.0
b828b1fa-8e1a-4f88-be5e-fad3eb3cd3ec,541c63a2-10a8-4ebf-9a2e-f37916cfe1e0,MLQ5X_D3_SEQUENCE_14,MLQ5X_D3S14_N18_SOFIA_BOX6_DECISION,A,18,3.0,3.0,1.0,0.0,1.0,3.0,2.0,0.0,0.0
b828b1fa-8e1a-4f88-be5e-fad3eb3cd3ec,541c63a2-10a8-4ebf-9a2e-f37916cfe1e0,MLQ5X_D3_SEQUENCE_14,MLQ5X_D3S14_N19_ULTRASOUND_SHARED_USE,A,19,3.0,3.0,2.0,3.0,3.0,1.0,3.0,0.0,0.0
b828b1fa-8e1a-4f88-be5e-fad3eb3cd3ec,541c63a2-10a8-4ebf-9a2e-f37916cfe1e0,MLQ5X_D3_SEQUENCE_15,MLQ5X_D3S15_N20_SOTO_ROTATING_SHIFTS_DECISION,C,20,2.0,3.0,2.0,3.0,1.0,0.0,1.0,0.0,0.0
b828b1fa-8e1a-4f88-be5e-fad3eb3cd3ec,541c63a2-10a8-4ebf-9a2e-f37916cfe1e0,MLQ5X_D3_SEQUENCE_18,MLQ5X_D3S18_N23_JAVIER_WORKLOAD,A,23,3.0,3.0,2.0,0.0,4.0,1.0,3.0,0.0,0.0
b828b1fa-8e1a-4f88-be5e-fad3eb3cd3ec,541c63a2-10a8-4ebf-9a2e-f37916cfe1e0,MLQ5X_D3_SEQUENCE_16,MLQ5X_D3S16_N21_GUZMAN_UNREGISTERED_INTERNS,A,21,3.0,3.0,2.0,1.0,3.0,1.0,1.0,0.0,0.0
b828b1fa-8e1a-4f88-be5e-fad3eb3cd3ec,541c63a2-10a8-4ebf-9a2e-f37916cfe1e0,MLQ5X_D3_SEQUENCE_16,MLQ5X_D3S16_N22_GUZMAN_CONVENIO_BOX1,A,22,3.0,3.0,3.0,2.0,3.0,2.0,0.0,0.0,0.0
b828b1fa-8e1a-4f88-be5e-fad3eb3cd3ec,541c63a2-10a8-4ebf-9a2e-f37916cfe1e0,MLQ5X_D4_SEQUENCE_19,MLQ5X_D4S19_N24_GUZMAN_BOX1_BROKEN_PROMISE,A,24,3.0,3.0,2.0,1.0,3.0,2.0,1.0,0.0,0.0
b828b1fa-8e1a-4f88-be5e-fad3eb3cd3ec,541c63a2-10a8-4ebf-9a2e-f37916cfe1e0,MLQ5X_D5_SEQUENCE_21,MLQ5X_D5S21_N26_SOFIA_MINOR_RECORD_ERROR,A,26,2.0,2.0,1.0,0.0,1.0,0.0,3.0,0.0,0.0
b828b1fa-8e1a-4f88-be5e-fad3eb3cd3ec,541c63a2-10a8-4ebf-9a2e-f37916cfe1e0,MLQ5X_D4_SEQUENCE_20,MLQ5X_D4S20_N25_RIOS_FLEXIBILITY_REQUEST,B,25,2.0,2.0,0.0,0.0,2.0,2.0,3.0,1.0,0.0
b828b1fa-8e1a-4f88-be5e-fad3eb3cd3ec,541c63a2-10a8-4ebf-9a2e-f37916cfe1e0,MLQ5X_D5_SEQUENCE_22,MLQ5X_D5S22_N27_SOTO_MINOR_RISK_REPORT,B,27,1.0,1.0,0.0,0.0,0.0,0.0,1.0,3.0,1.0
b828b1fa-8e1a-4f88-be5e-fad3eb3cd3ec,541c63a2-10a8-4ebf-9a2e-f37916cfe1e0,MLQ5X_D5_SEQUENCE_23,MLQ5X_D5S23_N28_RIOS_TENS_PROTOCOL,B,28,2.0,2.0,2.0,2.0,3.0,1.0,1.0,0.0,0.0
fd6aaf9d-112d-4357-89e3-c93ea13b4b59,4652220d-422f-409b-9f7e-463db45a7943,MLQ5X_D1_SEQUENCE_1,MLQ5X_D1S1_N1_RIOS_CHOICE,C,1,0.0,0.0,1.0,0.0,0.0,0.0,0.0,2.0,2.0
fd6aaf9d-112d-4357-89e3-c93ea13b4b59,4652220d-422f-409b-9f7e-463db45a7943,MLQ5X_D1_SEQUENCE_1,MLQ5X_D1S1_N2_GUZMAN_DOCENCIA,C,2,2.0,2.0,1.0,0.0,1.0,1.0,4.0,0.0,0.0
fd6aaf9d-112d-4357-89e3-c93ea13b4b59,4652220d-422f-409b-9f7e-463db45a7943,MLQ5X_D1_SEQUENCE_1,MLQ5X_D1S1_N3_RIOS_PROTOCOLS,A,3,3.0,3.0,3.0,3.0,3.0,1.0,3.0,0.0,0.0
fd6aaf9d-112d-4357-89e3-c93ea13b4b59,4652220d-422f-409b-9f7e-463db45a7943,MLQ5X_D1_SEQUENCE_1,MLQ5X_D1S1_N4_SOTO_INDICATORS,B,4,1.0,0.0,1.0,1.0,1.0,1.0,1.0,0.0,0.0
fd6aaf9d-112d-4357-89e3-c93ea13b4b59,4652220d-422f-409b-9f7e-463db45a7943,MLQ5X_D1_SEQUENCE_1,MLQ5X_D1S1_N5_SOFIA_PRIORITY,C,5,3.0,3.0,2.0,2.0,1.0,1.0,2.0,0.0,0.0
fd6aaf9d-112d-4357-89e3-c93ea13b4b59,4652220d-422f-409b-9f7e-463db45a7943,MLQ5X_D1_SEQUENCE_5,MLQ5X_D1S5_N10_SOTO_PROTOCOLS,C,10,2.0,2.0,2.0,1.0,1.0,1.0,2.0,2.0,1.0
fd6aaf9d-112d-4357-89e3-c93ea13b4b59,4652220d-422f-409b-9f7e-463db45a7943,MLQ5X_D2_SEQUENCE_8,MLQ5X_D2S8_N11_SOTO_DECISION,A,11,3.0,4.0,2.0,2.0,2.0,2.0,3.0,0.0,0.0
fd6aaf9d-112d-4357-89e3-c93ea13b4b59,4652220d-422f-409b-9f7e-463db45a7943,MLQ5X_D1_SEQUENCE_4,MLQ5X_D1S4_N7_RIOS_DERIVACION,C,7,2.0,2.0,0.0,0.0,0.0,2.0,4.0,0.0,0.0
fd6aaf9d-112d-4357-89e3-c93ea13b4b59,4652220d-422f-409b-9f7e-463db45a7943,MLQ5X_D1_SEQUENCE_4,MLQ5X_D1S4_N8_RIOS_SANCION,C,8,2.0,1.0,0.0,0.0,0.0,4.0,4.0,0.0,0.0
fd6aaf9d-112d-4357-89e3-c93ea13b4b59,4652220d-422f-409b-9f7e-463db45a7943,MLQ5X_D1_SEQUENCE_4,MLQ5X_D1S4_N9_SOTO_REPORTE,A,9,2.0,3.0,2.0,2.0,2.0,2.0,2.0,0.0,0.0
fd6aaf9d-112d-4357-89e3-c93ea13b4b59,4652220d-422f-409b-9f7e-463db45a7943,MLQ5X_D1_SEQUENCE_3,MLQ5X_D1S3_N6_GUZMAN_DOCENCIA,C,6,3.0,3.0,2.0,0.0,1.0,2.0,1.0,1.0,0.0
fd6aaf9d-112d-4357-89e3-c93ea13b4b59,4652220d-422f-409b-9f7e-463db45a7943,MLQ5X_D2_SEQUENCE_10,MLQ5X_D2S10_N13_LATE_ARRIVAL_RESPONSE,B,13,3.0,4.0,4.0,3.0,2.0,2.0,1.0,0.0,0.0
fd6aaf9d-112d-4357-89e3-c93ea13b4b59,4652220d-422f-409b-9f7e-463db45a7943,MLQ5X_D2_SEQUENCE_10,MLQ5X_D2S10_N14_RIOS_EXTENDED_SHIFTS,A,14,3.0,3.0,2.0,1.0,2.0,1.0,3.0,0.0,0.0
fd6aaf9d-112d-4357-89e3-c93ea13b4b59,4652220d-422f-409b-9f7e-463db45a7943,MLQ5X_D2_SEQUENCE_10,MLQ5X_D2S10_N15_RIOS_RESIGNATION_RISK,A,15,2.0,3.0,2.0,0.0,3.0,2.0,3.0,0.0,0.0
fd6aaf9d-112d-4357-89e3-c93ea13b4b59,4652220d-422f-409b-9f7e-463db45a7943,MLQ5X_D2_SEQUENCE_9,MLQ5X_D2S9_N12_SOTO_WATER_CUT_FOLLOWUP,A,12,4.0,4.0,4.0,1.0,3.0,2.0,0.0,0.0,0.0
fd6aaf9d-112d-4357-89e3-c93ea13b4b59,4652220d-422f-409b-9f7e-463db45a7943,MLQ5X_D2_SEQUENCE_11,MLQ5X_D2S11_N16_GUZMAN_VISION,A,16,3.0,3.0,3.0,3.0,3.0,1.0,0.0,0.0,0.0
fd6aaf9d-112d-4357-89e3-c93ea13b4b59,4652220d-422f-409b-9f7e-463db45a7943,MLQ5X_D2_SEQUENCE_11,MLQ5X_D2S11_N17_GUZMAN_PRACTICE_CUPS,B,17,2.0,1.0,0.0,0.0,1.0,1.0,3.0,0.0,0.0
fd6aaf9d-112d-4357-89e3-c93ea13b4b59,4652220d-422f-409b-9f7e-463db45a7943,MLQ5X_D3_SEQUENCE_14,MLQ5X_D3S14_N18_SOFIA_BOX6_DECISION,A,18,3.0,3.0,1.0,0.0,1.0,3.0,2.0,0.0,0.0
fd6aaf9d-112d-4357-89e3-c93ea13b4b59,4652220d-422f-409b-9f7e-463db45a7943,MLQ5X_D3_SEQUENCE_14,MLQ5X_D3S14_N19_ULTRASOUND_SHARED_USE,A,19,3.0,3.0,2.0,3.0,3.0,1.0,3.0,0.0,0.0
fd6aaf9d-112d-4357-89e3-c93ea13b4b59,4652220d-422f-409b-9f7e-463db45a7943,MLQ5X_D3_SEQUENCE_15,MLQ5X_D3S15_N20_SOTO_ROTATING_SHIFTS_DECISION,C,20,2.0,3.0,2.0,3.0,1.0,0.0,1.0,0.0,0.0
fd6aaf9d-112d-4357-89e3-c93ea13b4b59,4652220d-422f-409b-9f7e-463db45a7943,MLQ5X_D3_SEQUENCE_18,MLQ5X_D3S18_N23_JAVIER_WORKLOAD,B,23,2.0,2.0,1.0,0.0,2.0,1.0,3.0,0.0,0.0
fd6aaf9d-112d-4357-89e3-c93ea13b4b59,4652220d-422f-409b-9f7e-463db45a7943,MLQ5X_D3_SEQUENCE_16,MLQ5X_D3S16_N21_GUZMAN_UNREGISTERED_INTERNS,A,21,3.0,3.0,2.0,1.0,3.0,1.0,1.0,0.0,0.0
fd6aaf9d-112d-4357-89e3-c93ea13b4b59,4652220d-422f-409b-9f7e-463db45a7943,MLQ5X_D3_SEQUENCE_16,MLQ5X_D3S16_N22_GUZMAN_CONVENIO_BOX1,A,22,3.0,3.0,3.0,2.0,3.0,2.0,0.0,0.0,0.0
fd6aaf9d-112d-4357-89e3-c93ea13b4b59,4652220d-422f-409b-9f7e-463db45a7943,MLQ5X_D4_SEQUENCE_19,MLQ5X_D4S19_N24_GUZMAN_BOX1_BROKEN_PROMISE,A,24,3.0,3.0,2.0,1.0,3.0,2.0,1.0,0.0,0.0
fd6aaf9d-112d-4357-89e3-c93ea13b4b59,4652220d-422f-409b-9f7e-463db45a7943,MLQ5X_D5_SEQUENCE_21,MLQ5X_D5S21_N26_SOFIA_MINOR_RECORD_ERROR,A,26,2.0,2.0,1.0,0.0,1.0,0.0,3.0,0.0,0.0
fd6aaf9d-112d-4357-89e3-c93ea13b4b59,4652220d-422f-409b-9f7e-463db45a7943,MLQ5X_D4_SEQUENCE_20,MLQ5X_D4S20_N25_RIOS_FLEXIBILITY_REQUEST,B,25,2.0,2.0,0.0,0.0,2.0,2.0,3.0,1.0,0.0
fd6aaf9d-112d-4357-89e3-c93ea13b4b59,4652220d-422f-409b-9f7e-463db45a7943,MLQ5X_D5_SEQUENCE_22,MLQ5X_D5S22_N27_SOTO_MINOR_RISK_REPORT,B,27,1.0,1.0,0.0,0.0,0.0,0.0,1.0,3.0,1.0
fd6aaf9d-112d-4357-89e3-c93ea13b4b59,4652220d-422f-409b-9f7e-463db45a7943,MLQ5X_D5_SEQUENCE_23,MLQ5X_D5S23_N28_RIOS_TENS_PROTOCOL,C,28,0.0,0.0,0.0,0.0,0.0,0.0,2.0,2.0,1.0
318809b2-bb2d-4711-bd23-920f5cdbc1fa,0b8312e7-6e0b-4ec9-80c5-a917e6c8ac2e,MLQ5X_D1_SEQUENCE_1,MLQ5X_D1S1_N2_GUZMAN_DOCENCIA,A,2,4.0,4.0,2.0,0.0,4.0,1.0,2.0,0.0,0.0
318809b2-bb2d-4711-bd23-920f5cdbc1fa,0b8312e7-6e0b-4ec9-80c5-a917e6c8ac2e,MLQ5X_D1_SEQUENCE_1,MLQ5X_D1S1_N3_RIOS_PROTOCOLS,A,3,3.0,3.0,3.0,3.0,3.0,1.0,3.0,0.0,0.0
318809b2-bb2d-4711-bd23-920f5cdbc1fa,0b8312e7-6e0b-4ec9-80c5-a917e6c8ac2e,MLQ5X_D1_SEQUENCE_1,MLQ5X_D1S1_N4_SOTO_INDICATORS,C,4,1.0,1.0,2.0,1.0,0.0,0.0,1.0,1.0,1.0
318809b2-bb2d-4711-bd23-920f5cdbc1fa,0b8312e7-6e0b-4ec9-80c5-a917e6c8ac2e,MLQ5X_D1_SEQUENCE_1,MLQ5X_D1S1_N5_SOFIA_PRIORITY,B,5,3.0,1.0,2.0,1.0,1.0,1.0,4.0,0.0,0.0
318809b2-bb2d-4711-bd23-920f5cdbc1fa,0b8312e7-6e0b-4ec9-80c5-a917e6c8ac2e,MLQ5X_D2_SEQUENCE_8,MLQ5X_D2S8_N11_SOTO_DECISION,C,11,0.0,0.0,0.0,0.0,0.0,0.0,1.0,3.0,3.0
3dd128b7-7bcd-475f-95ad-b3dc7ab7e675,942f320d-e30d-455e-8304-6fb7220c0547,MLQ5X_D1_SEQUENCE_1,MLQ5X_D1S1_N1_RIOS_CHOICE,C,1,0.0,0.0,1.0,0.0,0.0,0.0,0.0,2.0,2.0
3dd128b7-7bcd-475f-95ad-b3dc7ab7e675,942f320d-e30d-455e-8304-6fb7220c0547,MLQ5X_D1_SEQUENCE_1,MLQ5X_D1S1_N2_GUZMAN_DOCENCIA,C,2,2.0,2.0,1.0,0.0,1.0,1.0,4.0,0.0,0.0
3dd128b7-7bcd-475f-95ad-b3dc7ab7e675,942f320d-e30d-455e-8304-6fb7220c0547,MLQ5X_D1_SEQUENCE_1,MLQ5X_D1S1_N3_RIOS_PROTOCOLS,A,3,3.0,3.0,3.0,3.0,3.0,1.0,3.0,0.0,0.0
3dd128b7-7bcd-475f-95ad-b3dc7ab7e675,942f320d-e30d-455e-8304-6fb7220c0547,MLQ5X_D1_SEQUENCE_1,MLQ5X_D1S1_N4_SOTO_INDICATORS,C,4,1.0,1.0,2.0,1.0,0.0,0.0,1.0,1.0,1.0
3dd128b7-7bcd-475f-95ad-b3dc7ab7e675,942f320d-e30d-455e-8304-6fb7220c0547,MLQ5X_D1_SEQUENCE_1,MLQ5X_D1S1_N5_SOFIA_PRIORITY,C,5,3.0,3.0,2.0,2.0,1.0,1.0,2.0,0.0,0.0
3dd128b7-7bcd-475f-95ad-b3dc7ab7e675,942f320d-e30d-455e-8304-6fb7220c0547,MLQ5X_D1_SEQUENCE_4,MLQ5X_D1S4_N7_RIOS_DERIVACION,B,7,0.0,0.0,0.0,0.0,1.0,0.0,1.0,2.0,2.0
3dd128b7-7bcd-475f-95ad-b3dc7ab7e675,942f320d-e30d-455e-8304-6fb7220c0547,MLQ5X_D1_SEQUENCE_4,MLQ5X_D1S4_N8_RIOS_SANCION,A,8,2.0,2.0,2.0,1.0,2.0,2.0,1.0,2.0,0.0
3dd128b7-7bcd-475f-95ad-b3dc7ab7e675,942f320d-e30d-455e-8304-6fb7220c0547,MLQ5X_D1_SEQUENCE_4,MLQ5X_D1S4_N9_SOTO_REPORTE,A,9,2.0,3.0,2.0,2.0,2.0,2.0,2.0,0.0,0.0
3dd128b7-7bcd-475f-95ad-b3dc7ab7e675,942f320d-e30d-455e-8304-6fb7220c0547,MLQ5X_D1_SEQUENCE_5,MLQ5X_D1S5_N10_SOTO_PROTOCOLS,C,10,2.0,2.0,2.0,1.0,1.0,1.0,2.0,2.0,1.0
3dd128b7-7bcd-475f-95ad-b3dc7ab7e675,942f320d-e30d-455e-8304-6fb7220c0547,MLQ5X_D1_SEQUENCE_3,MLQ5X_D1S3_N6_GUZMAN_DOCENCIA,C,6,3.0,3.0,2.0,0.0,1.0,2.0,1.0,1.0,0.0
3dd128b7-7bcd-475f-95ad-b3dc7ab7e675,942f320d-e30d-455e-8304-6fb7220c0547,MLQ5X_D2_SEQUENCE_8,MLQ5X_D2S8_N11_SOTO_DECISION,A,11,3.0,4.0,2.0,2.0,2.0,2.0,3.0,0.0,0.0
318809b2-bb2d-4711-bd23-920f5cdbc1fa,0b8312e7-6e0b-4ec9-80c5-a917e6c8ac2e,MLQ5X_D1_SEQUENCE_5,MLQ5X_D1S5_N10_SOTO_PROTOCOLS,C,10,2.0,2.0,2.0,1.0,1.0,1.0,2.0,2.0,1.0
318809b2-bb2d-4711-bd23-920f5cdbc1fa,0b8312e7-6e0b-4ec9-80c5-a917e6c8ac2e,MLQ5X_D2_SEQUENCE_10,MLQ5X_D2S10_N13_LATE_ARRIVAL_RESPONSE,A,13,2.0,2.0,1.0,2.0,4.0,2.0,1.0,0.0,0.0
318809b2-bb2d-4711-bd23-920f5cdbc1fa,0b8312e7-6e0b-4ec9-80c5-a917e6c8ac2e,MLQ5X_D2_SEQUENCE_10,MLQ5X_D2S10_N14_RIOS_EXTENDED_SHIFTS,A,14,3.0,3.0,2.0,1.0,2.0,1.0,3.0,0.0,0.0
318809b2-bb2d-4711-bd23-920f5cdbc1fa,0b8312e7-6e0b-4ec9-80c5-a917e6c8ac2e,MLQ5X_D2_SEQUENCE_10,MLQ5X_D2S10_N15_RIOS_RESIGNATION_RISK,B,15,2.0,2.0,1.0,3.0,2.0,0.0,2.0,0.0,0.0
318809b2-bb2d-4711-bd23-920f5cdbc1fa,0b8312e7-6e0b-4ec9-80c5-a917e6c8ac2e,MLQ5X_D2_SEQUENCE_9,MLQ5X_D2S9_N12_SOTO_WATER_CUT_FOLLOWUP,A,12,4.0,4.0,4.0,1.0,3.0,2.0,0.0,0.0,0.0
318809b2-bb2d-4711-bd23-920f5cdbc1fa,0b8312e7-6e0b-4ec9-80c5-a917e6c8ac2e,MLQ5X_D2_SEQUENCE_11,MLQ5X_D2S11_N16_GUZMAN_VISION,C,16,0.0,1.0,0.0,0.0,0.0,2.0,3.0,1.0,0.0
3dd128b7-7bcd-475f-95ad-b3dc7ab7e675,942f320d-e30d-455e-8304-6fb7220c0547,MLQ5X_D2_SEQUENCE_10,MLQ5X_D2S10_N13_LATE_ARRIVAL_RESPONSE,B,13,3.0,4.0,4.0,3.0,2.0,2.0,1.0,0.0,0.0
3dd128b7-7bcd-475f-95ad-b3dc7ab7e675,942f320d-e30d-455e-8304-6fb7220c0547,MLQ5X_D2_SEQUENCE_10,MLQ5X_D2S10_N14_RIOS_EXTENDED_SHIFTS,C,14,0.0,1.0,0.0,0.0,0.0,0.0,1.0,3.0,2.0
3dd128b7-7bcd-475f-95ad-b3dc7ab7e675,942f320d-e30d-455e-8304-6fb7220c0547,MLQ5X_D2_SEQUENCE_10,MLQ5X_D2S10_N15_RIOS_RESIGNATION_RISK,B,15,2.0,2.0,1.0,3.0,2.0,0.0,2.0,0.0,0.0
3dd128b7-7bcd-475f-95ad-b3dc7ab7e675,942f320d-e30d-455e-8304-6fb7220c0547,MLQ5X_D2_SEQUENCE_9,MLQ5X_D2S9_N12_SOTO_WATER_CUT_FOLLOWUP,A,12,4.0,4.0,4.0,1.0,3.0,2.0,0.0,0.0,0.0
3dd128b7-7bcd-475f-95ad-b3dc7ab7e675,942f320d-e30d-455e-8304-6fb7220c0547,MLQ5X_D2_SEQUENCE_11,MLQ5X_D2S11_N16_GUZMAN_VISION,A,16,3.0,3.0,3.0,3.0,3.0,1.0,0.0,0.0,0.0
3dd128b7-7bcd-475f-95ad-b3dc7ab7e675,942f320d-e30d-455e-8304-6fb7220c0547,MLQ5X_D2_SEQUENCE_11,MLQ5X_D2S11_N17_GUZMAN_PRACTICE_CUPS,B,17,2.0,1.0,0.0,0.0,1.0,1.0,3.0,0.0,0.0
3dd128b7-7bcd-475f-95ad-b3dc7ab7e675,942f320d-e30d-455e-8304-6fb7220c0547,MLQ5X_D3_SEQUENCE_14,MLQ5X_D3S14_N18_SOFIA_BOX6_DECISION,A,18,3.0,3.0,1.0,0.0,1.0,3.0,2.0,0.0,0.0
3dd128b7-7bcd-475f-95ad-b3dc7ab7e675,942f320d-e30d-455e-8304-6fb7220c0547,MLQ5X_D3_SEQUENCE_14,MLQ5X_D3S14_N19_ULTRASOUND_SHARED_USE,A,19,3.0,3.0,2.0,3.0,3.0,1.0,3.0,0.0,0.0
3dd128b7-7bcd-475f-95ad-b3dc7ab7e675,942f320d-e30d-455e-8304-6fb7220c0547,MLQ5X_D3_SEQUENCE_15,MLQ5X_D3S15_N20_SOTO_ROTATING_SHIFTS_DECISION,C,20,2.0,3.0,2.0,3.0,1.0,0.0,1.0,0.0,0.0
3dd128b7-7bcd-475f-95ad-b3dc7ab7e675,942f320d-e30d-455e-8304-6fb7220c0547,MLQ5X_D3_SEQUENCE_18,MLQ5X_D3S18_N23_JAVIER_WORKLOAD,A,23,3.0,3.0,2.0,0.0,4.0,1.0,3.0,0.0,0.0
3dd128b7-7bcd-475f-95ad-b3dc7ab7e675,942f320d-e30d-455e-8304-6fb7220c0547,MLQ5X_D3_SEQUENCE_16,MLQ5X_D3S16_N21_GUZMAN_UNREGISTERED_INTERNS,A,21,3.0,3.0,2.0,1.0,3.0,1.0,1.0,0.0,0.0
3dd128b7-7bcd-475f-95ad-b3dc7ab7e675,942f320d-e30d-455e-8304-6fb7220c0547,MLQ5X_D3_SEQUENCE_16,MLQ5X_D3S16_N22_GUZMAN_CONVENIO_BOX1,A,22,3.0,3.0,3.0,2.0,3.0,2.0,0.0,0.0,0.0
3dd128b7-7bcd-475f-95ad-b3dc7ab7e675,942f320d-e30d-455e-8304-6fb7220c0547,MLQ5X_D4_SEQUENCE_19,MLQ5X_D4S19_N24_GUZMAN_BOX1_BROKEN_PROMISE,C,24,2.0,2.0,1.0,1.0,2.0,2.0,3.0,0.0,0.0
3dd128b7-7bcd-475f-95ad-b3dc7ab7e675,942f320d-e30d-455e-8304-6fb7220c0547,MLQ5X_D5_SEQUENCE_21,MLQ5X_D5S21_N26_SOFIA_MINOR_RECORD_ERROR,B,26,1.0,1.0,0.0,0.0,2.0,1.0,1.0,1.0,0.0
3dd128b7-7bcd-475f-95ad-b3dc7ab7e675,942f320d-e30d-455e-8304-6fb7220c0547,MLQ5X_D4_SEQUENCE_20,MLQ5X_D4S20_N25_RIOS_FLEXIBILITY_REQUEST,B,25,2.0,2.0,0.0,0.0,2.0,2.0,3.0,1.0,0.0
3dd128b7-7bcd-475f-95ad-b3dc7ab7e675,942f320d-e30d-455e-8304-6fb7220c0547,MLQ5X_D5_SEQUENCE_22,MLQ5X_D5S22_N27_SOTO_MINOR_RISK_REPORT,A,27,1.0,1.0,0.0,0.0,0.0,1.0,2.0,3.0,2.0
3dd128b7-7bcd-475f-95ad-b3dc7ab7e675,942f320d-e30d-455e-8304-6fb7220c0547,MLQ5X_D5_SEQUENCE_23,MLQ5X_D5S23_N28_RIOS_TENS_PROTOCOL,A,28,2.0,2.0,2.0,1.0,2.0,0.0,1.0,0.0,0.0
318809b2-bb2d-4711-bd23-920f5cdbc1fa,0b8312e7-6e0b-4ec9-80c5-a917e6c8ac2e,MLQ5X_D2_SEQUENCE_11,MLQ5X_D2S11_N17_GUZMAN_PRACTICE_CUPS,B,17,2.0,1.0,0.0,0.0,1.0,1.0,3.0,0.0,0.0
318809b2-bb2d-4711-bd23-920f5cdbc1fa,0b8312e7-6e0b-4ec9-80c5-a917e6c8ac2e,MLQ5X_D1_SEQUENCE_3,MLQ5X_D1S3_N6_GUZMAN_DOCENCIA,A,6,3.0,2.0,3.0,2.0,3.0,0.0,0.0,0.0,0.0
318809b2-bb2d-4711-bd23-920f5cdbc1fa,0b8312e7-6e0b-4ec9-80c5-a917e6c8ac2e,MLQ5X_D3_SEQUENCE_14,MLQ5X_D3S14_N18_SOFIA_BOX6_DECISION,A,18,3.0,3.0,1.0,0.0,1.0,3.0,2.0,0.0,0.0
318809b2-bb2d-4711-bd23-920f5cdbc1fa,0b8312e7-6e0b-4ec9-80c5-a917e6c8ac2e,MLQ5X_D3_SEQUENCE_14,MLQ5X_D3S14_N19_ULTRASOUND_SHARED_USE,A,19,3.0,3.0,2.0,3.0,3.0,1.0,3.0,0.0,0.0
318809b2-bb2d-4711-bd23-920f5cdbc1fa,0b8312e7-6e0b-4ec9-80c5-a917e6c8ac2e,MLQ5X_D1_SEQUENCE_4,MLQ5X_D1S4_N7_RIOS_DERIVACION,C,7,2.0,2.0,0.0,0.0,0.0,2.0,4.0,0.0,0.0
fd9720d1-b3ca-43d1-8748-f4f031766405,20f22151-7934-40ec-bb80-732b64e23eec,MLQ5X_D3_SEQUENCE_16,MLQ5X_D3S16_N21_GUZMAN_UNREGISTERED_INTERNS,A,21,3.0,3.0,2.0,1.0,3.0,1.0,1.0,0.0,0.0
fd9720d1-b3ca-43d1-8748-f4f031766405,20f22151-7934-40ec-bb80-732b64e23eec,MLQ5X_D3_SEQUENCE_16,MLQ5X_D3S16_N22_GUZMAN_CONVENIO_BOX1,A,22,3.0,3.0,3.0,2.0,3.0,2.0,0.0,0.0,0.0
fd9720d1-b3ca-43d1-8748-f4f031766405,20f22151-7934-40ec-bb80-732b64e23eec,MLQ5X_D5_SEQUENCE_21,MLQ5X_D5S21_N26_SOFIA_MINOR_RECORD_ERROR,A,26,2.0,2.0,1.0,0.0,1.0,0.0,3.0,0.0,0.0
fd9720d1-b3ca-43d1-8748-f4f031766405,20f22151-7934-40ec-bb80-732b64e23eec,MLQ5X_D4_SEQUENCE_20,MLQ5X_D4S20_N25_RIOS_FLEXIBILITY_REQUEST,B,25,2.0,2.0,0.0,0.0,2.0,2.0,3.0,1.0,0.0
fd9720d1-b3ca-43d1-8748-f4f031766405,20f22151-7934-40ec-bb80-732b64e23eec,MLQ5X_D5_SEQUENCE_22,MLQ5X_D5S22_N27_SOTO_MINOR_RISK_REPORT,B,27,1.0,1.0,0.0,0.0,0.0,0.0,1.0,3.0,1.0
318809b2-bb2d-4711-bd23-920f5cdbc1fa,0b8312e7-6e0b-4ec9-80c5-a917e6c8ac2e,MLQ5X_D1_SEQUENCE_4,MLQ5X_D1S4_N8_RIOS_SANCION,A,8,2.0,2.0,2.0,1.0,2.0,2.0,1.0,2.0,0.0
318809b2-bb2d-4711-bd23-920f5cdbc1fa,0b8312e7-6e0b-4ec9-80c5-a917e6c8ac2e,MLQ5X_D1_SEQUENCE_4,MLQ5X_D1S4_N9_SOTO_REPORTE,A,9,2.0,3.0,2.0,2.0,2.0,2.0,2.0,0.0,0.0
fd9720d1-b3ca-43d1-8748-f4f031766405,20f22151-7934-40ec-bb80-732b64e23eec,MLQ5X_D5_SEQUENCE_23,MLQ5X_D5S23_N28_RIOS_TENS_PROTOCOL,C,28,0.0,0.0,0.0,0.0,0.0,0.0,2.0,2.0,1.0
dc2a9bc3-e764-4e0a-bc23-3374c5b0e9d0,ae4f3438-a800-42be-8f15-3fefab66f6d4,MLQ5X_D3_SEQUENCE_14,MLQ5X_D3S14_N19_ULTRASOUND_SHARED_USE,A,19,3.0,3.0,2.0,3.0,3.0,1.0,3.0,0.0,0.0
dc2a9bc3-e764-4e0a-bc23-3374c5b0e9d0,ae4f3438-a800-42be-8f15-3fefab66f6d4,MLQ5X_D3_SEQUENCE_15,MLQ5X_D3S15_N20_SOTO_ROTATING_SHIFTS_DECISION,A,20,2.0,3.0,2.0,2.0,2.0,1.0,1.0,0.0,0.0
dc2a9bc3-e764-4e0a-bc23-3374c5b0e9d0,ae4f3438-a800-42be-8f15-3fefab66f6d4,MLQ5X_D3_SEQUENCE_18,MLQ5X_D3S18_N23_JAVIER_WORKLOAD,B,23,2.0,2.0,1.0,0.0,2.0,1.0,3.0,0.0,0.0
dc2a9bc3-e764-4e0a-bc23-3374c5b0e9d0,ae4f3438-a800-42be-8f15-3fefab66f6d4,MLQ5X_D3_SEQUENCE_16,MLQ5X_D3S16_N21_GUZMAN_UNREGISTERED_INTERNS,C,21,2.0,2.0,0.0,0.0,0.0,1.0,3.0,1.0,0.0
932a2afb-6b31-4a33-97a6-8dbf8b835723,d71fa453-1f81-4b63-921c-3568cf30550a,MLQ5X_D4_SEQUENCE_19,MLQ5X_D4S19_N24_GUZMAN_BOX1_BROKEN_PROMISE,C,24,2.0,2.0,1.0,1.0,2.0,2.0,3.0,0.0,0.0
932a2afb-6b31-4a33-97a6-8dbf8b835723,d71fa453-1f81-4b63-921c-3568cf30550a,MLQ5X_D4_SEQUENCE_20,MLQ5X_D4S20_N25_RIOS_FLEXIBILITY_REQUEST,B,25,2.0,2.0,0.0,0.0,2.0,2.0,3.0,1.0,0.0
932a2afb-6b31-4a33-97a6-8dbf8b835723,d71fa453-1f81-4b63-921c-3568cf30550a,MLQ5X_D5_SEQUENCE_22,MLQ5X_D5S22_N27_SOTO_MINOR_RISK_REPORT,B,27,1.0,1.0,0.0,0.0,0.0,0.0,1.0,3.0,1.0
318809b2-bb2d-4711-bd23-920f5cdbc1fa,0b8312e7-6e0b-4ec9-80c5-a917e6c8ac2e,MLQ5X_D3_SEQUENCE_15,MLQ5X_D3S15_N20_SOTO_ROTATING_SHIFTS_DECISION,A,20,2.0,3.0,2.0,2.0,2.0,1.0,1.0,0.0,0.0
318809b2-bb2d-4711-bd23-920f5cdbc1fa,0b8312e7-6e0b-4ec9-80c5-a917e6c8ac2e,MLQ5X_D3_SEQUENCE_18,MLQ5X_D3S18_N23_JAVIER_WORKLOAD,A,23,3.0,3.0,2.0,0.0,4.0,1.0,3.0,0.0,0.0
318809b2-bb2d-4711-bd23-920f5cdbc1fa,0b8312e7-6e0b-4ec9-80c5-a917e6c8ac2e,MLQ5X_D3_SEQUENCE_16,MLQ5X_D3S16_N21_GUZMAN_UNREGISTERED_INTERNS,A,21,3.0,3.0,2.0,1.0,3.0,1.0,1.0,0.0,0.0
318809b2-bb2d-4711-bd23-920f5cdbc1fa,0b8312e7-6e0b-4ec9-80c5-a917e6c8ac2e,MLQ5X_D3_SEQUENCE_16,MLQ5X_D3S16_N22_GUZMAN_CONVENIO_BOX1,A,22,3.0,3.0,3.0,2.0,3.0,2.0,0.0,0.0,0.0
318809b2-bb2d-4711-bd23-920f5cdbc1fa,0b8312e7-6e0b-4ec9-80c5-a917e6c8ac2e,MLQ5X_D5_SEQUENCE_21,MLQ5X_D5S21_N26_SOFIA_MINOR_RECORD_ERROR,A,26,2.0,2.0,1.0,0.0,1.0,0.0,3.0,0.0,0.0
318809b2-bb2d-4711-bd23-920f5cdbc1fa,0b8312e7-6e0b-4ec9-80c5-a917e6c8ac2e,MLQ5X_D4_SEQUENCE_20,MLQ5X_D4S20_N25_RIOS_FLEXIBILITY_REQUEST,B,25,2.0,2.0,0.0,0.0,2.0,2.0,3.0,1.0,0.0
318809b2-bb2d-4711-bd23-920f5cdbc1fa,0b8312e7-6e0b-4ec9-80c5-a917e6c8ac2e,MLQ5X_D5_SEQUENCE_22,MLQ5X_D5S22_N27_SOTO_MINOR_RISK_REPORT,A,27,1.0,1.0,0.0,0.0,0.0,1.0,2.0,3.0,2.0
318809b2-bb2d-4711-bd23-920f5cdbc1fa,0b8312e7-6e0b-4ec9-80c5-a917e6c8ac2e,MLQ5X_D5_SEQUENCE_23,MLQ5X_D5S23_N28_RIOS_TENS_PROTOCOL,B,28,2.0,2.0,2.0,2.0,3.0,1.0,1.0,0.0,0.0
dc2a9bc3-e764-4e0a-bc23-3374c5b0e9d0,ae4f3438-a800-42be-8f15-3fefab66f6d4,MLQ5X_D3_SEQUENCE_16,MLQ5X_D3S16_N22_GUZMAN_CONVENIO_BOX1,B,22,2.0,2.0,0.0,0.0,1.0,2.0,2.0,2.0,1.0
dc2a9bc3-e764-4e0a-bc23-3374c5b0e9d0,ae4f3438-a800-42be-8f15-3fefab66f6d4,MLQ5X_D2_SEQUENCE_9,MLQ5X_D2S9_N12_SOTO_WATER_CUT_FOLLOWUP,A,12,4.0,4.0,4.0,1.0,3.0,2.0,0.0,0.0,0.0
dc2a9bc3-e764-4e0a-bc23-3374c5b0e9d0,ae4f3438-a800-42be-8f15-3fefab66f6d4,MLQ5X_D1_SEQUENCE_5,MLQ5X_D1S5_N10_SOTO_PROTOCOLS,C,10,2.0,2.0,2.0,1.0,1.0,1.0,2.0,2.0,1.0
dc2a9bc3-e764-4e0a-bc23-3374c5b0e9d0,ae4f3438-a800-42be-8f15-3fefab66f6d4,MLQ5X_D5_SEQUENCE_21,MLQ5X_D5S21_N26_SOFIA_MINOR_RECORD_ERROR,B,26,1.0,1.0,0.0,0.0,2.0,1.0,1.0,1.0,0.0
dc2a9bc3-e764-4e0a-bc23-3374c5b0e9d0,ae4f3438-a800-42be-8f15-3fefab66f6d4,MLQ5X_D5_SEQUENCE_22,MLQ5X_D5S22_N27_SOTO_MINOR_RISK_REPORT,C,27,0.0,0.0,0.0,0.0,0.0,0.0,0.0,3.0,4.0
dc2a9bc3-e764-4e0a-bc23-3374c5b0e9d0,ae4f3438-a800-42be-8f15-3fefab66f6d4,MLQ5X_D5_SEQUENCE_23,MLQ5X_D5S23_N28_RIOS_TENS_PROTOCOL,A,28,2.0,2.0,2.0,1.0,2.0,0.0,1.0,0.0,0.0
dc2a9bc3-e764-4e0a-bc23-3374c5b0e9d0,ae4f3438-a800-42be-8f15-3fefab66f6d4,MLQ5X_D4_SEQUENCE_20,MLQ5X_D4S20_N25_RIOS_FLEXIBILITY_REQUEST,A,25,0.0,1.0,0.0,0.0,3.0,3.0,3.0,0.0,0.0
381eaa60-af6c-468c-9778-a4985a25216b,ce7bb036-9800-452e-9ea7-4ad8ffa38b10,MLQ5X_D3_SEQUENCE_16,MLQ5X_D3S16_N21_GUZMAN_UNREGISTERED_INTERNS,A,21,3.0,3.0,2.0,1.0,3.0,1.0,1.0,0.0,0.0
381eaa60-af6c-468c-9778-a4985a25216b,ce7bb036-9800-452e-9ea7-4ad8ffa38b10,MLQ5X_D3_SEQUENCE_16,MLQ5X_D3S16_N22_GUZMAN_CONVENIO_BOX1,B,22,2.0,2.0,0.0,0.0,1.0,2.0,2.0,2.0,1.0
381eaa60-af6c-468c-9778-a4985a25216b,ce7bb036-9800-452e-9ea7-4ad8ffa38b10,MLQ5X_D4_SEQUENCE_19,MLQ5X_D4S19_N24_GUZMAN_BOX1_BROKEN_PROMISE,C,24,2.0,2.0,1.0,1.0,2.0,2.0,3.0,0.0,0.0
b4de67f5-2bae-424c-ae99-7f5b41285318,218680f9-b1be-4f28-bfba-1862812e1b31,MLQ5X_D1_SEQUENCE_1,MLQ5X_D1S1_N1_RIOS_CHOICE,A,1,3.0,4.0,3.0,1.0,2.0,1.0,2.0,0.0,0.0
b4de67f5-2bae-424c-ae99-7f5b41285318,218680f9-b1be-4f28-bfba-1862812e1b31,MLQ5X_D1_SEQUENCE_1,MLQ5X_D1S1_N2_GUZMAN_DOCENCIA,A,2,4.0,4.0,2.0,0.0,4.0,1.0,2.0,0.0,0.0
b4de67f5-2bae-424c-ae99-7f5b41285318,218680f9-b1be-4f28-bfba-1862812e1b31,MLQ5X_D1_SEQUENCE_1,MLQ5X_D1S1_N3_RIOS_PROTOCOLS,C,3,1.0,1.0,1.0,0.0,0.0,1.0,3.0,1.0,0.0
b4de67f5-2bae-424c-ae99-7f5b41285318,218680f9-b1be-4f28-bfba-1862812e1b31,MLQ5X_D1_SEQUENCE_1,MLQ5X_D1S1_N4_SOTO_INDICATORS,B,4,1.0,0.0,1.0,1.0,1.0,1.0,1.0,0.0,0.0
b4de67f5-2bae-424c-ae99-7f5b41285318,218680f9-b1be-4f28-bfba-1862812e1b31,MLQ5X_D1_SEQUENCE_1,MLQ5X_D1S1_N5_SOFIA_PRIORITY,C,5,3.0,3.0,2.0,2.0,1.0,1.0,2.0,0.0,0.0
f3707498-eb34-457b-8bfb-d7658739a18b,8fafcc94-9fda-441f-8a60-2c0380c21085,MLQ5X_D1_SEQUENCE_1,MLQ5X_D1S1_N1_RIOS_CHOICE,B,1,1.0,0.0,1.0,0.0,0.0,0.0,0.0,3.0,3.0
f3707498-eb34-457b-8bfb-d7658739a18b,8fafcc94-9fda-441f-8a60-2c0380c21085,MLQ5X_D1_SEQUENCE_1,MLQ5X_D1S1_N2_GUZMAN_DOCENCIA,A,2,4.0,4.0,2.0,0.0,4.0,1.0,2.0,0.0,0.0
f3707498-eb34-457b-8bfb-d7658739a18b,8fafcc94-9fda-441f-8a60-2c0380c21085,MLQ5X_D1_SEQUENCE_1,MLQ5X_D1S1_N3_RIOS_PROTOCOLS,A,3,3.0,3.0,3.0,3.0,3.0,1.0,3.0,0.0,0.0
b4de67f5-2bae-424c-ae99-7f5b41285318,218680f9-b1be-4f28-bfba-1862812e1b31,MLQ5X_D2_SEQUENCE_8,MLQ5X_D2S8_N11_SOTO_DECISION,A,11,3.0,4.0,2.0,2.0,2.0,2.0,3.0,0.0,0.0
b4de67f5-2bae-424c-ae99-7f5b41285318,218680f9-b1be-4f28-bfba-1862812e1b31,MLQ5X_D2_SEQUENCE_10,MLQ5X_D2S10_N13_LATE_ARRIVAL_RESPONSE,B,13,3.0,4.0,4.0,3.0,2.0,2.0,1.0,0.0,0.0
b4de67f5-2bae-424c-ae99-7f5b41285318,218680f9-b1be-4f28-bfba-1862812e1b31,MLQ5X_D2_SEQUENCE_10,MLQ5X_D2S10_N14_RIOS_EXTENDED_SHIFTS,A,14,3.0,3.0,2.0,1.0,2.0,1.0,3.0,0.0,0.0
b4de67f5-2bae-424c-ae99-7f5b41285318,218680f9-b1be-4f28-bfba-1862812e1b31,MLQ5X_D2_SEQUENCE_10,MLQ5X_D2S10_N15_RIOS_RESIGNATION_RISK,B,15,2.0,2.0,1.0,3.0,2.0,0.0,2.0,0.0,0.0
b4de67f5-2bae-424c-ae99-7f5b41285318,218680f9-b1be-4f28-bfba-1862812e1b31,MLQ5X_D3_SEQUENCE_14,MLQ5X_D3S14_N18_SOFIA_BOX6_DECISION,A,18,3.0,3.0,1.0,0.0,1.0,3.0,2.0,0.0,0.0
b4de67f5-2bae-424c-ae99-7f5b41285318,218680f9-b1be-4f28-bfba-1862812e1b31,MLQ5X_D3_SEQUENCE_14,MLQ5X_D3S14_N19_ULTRASOUND_SHARED_USE,A,19,3.0,3.0,2.0,3.0,3.0,1.0,3.0,0.0,0.0
b4de67f5-2bae-424c-ae99-7f5b41285318,218680f9-b1be-4f28-bfba-1862812e1b31,MLQ5X_D3_SEQUENCE_15,MLQ5X_D3S15_N20_SOTO_ROTATING_SHIFTS_DECISION,A,20,2.0,3.0,2.0,2.0,2.0,1.0,1.0,0.0,0.0
b4de67f5-2bae-424c-ae99-7f5b41285318,218680f9-b1be-4f28-bfba-1862812e1b31,MLQ5X_D3_SEQUENCE_18,MLQ5X_D3S18_N23_JAVIER_WORKLOAD,B,23,2.0,2.0,1.0,0.0,2.0,1.0,3.0,0.0,0.0
b4de67f5-2bae-424c-ae99-7f5b41285318,218680f9-b1be-4f28-bfba-1862812e1b31,MLQ5X_D2_SEQUENCE_9,MLQ5X_D2S9_N12_SOTO_WATER_CUT_FOLLOWUP,A,12,4.0,4.0,4.0,1.0,3.0,2.0,0.0,0.0,0.0
b4de67f5-2bae-424c-ae99-7f5b41285318,218680f9-b1be-4f28-bfba-1862812e1b31,MLQ5X_D3_SEQUENCE_16,MLQ5X_D3S16_N21_GUZMAN_UNREGISTERED_INTERNS,C,21,2.0,2.0,0.0,0.0,0.0,1.0,3.0,1.0,0.0
b4de67f5-2bae-424c-ae99-7f5b41285318,218680f9-b1be-4f28-bfba-1862812e1b31,MLQ5X_D3_SEQUENCE_16,MLQ5X_D3S16_N22_GUZMAN_CONVENIO_BOX1,A,22,3.0,3.0,3.0,2.0,3.0,2.0,0.0,0.0,0.0
b4de67f5-2bae-424c-ae99-7f5b41285318,218680f9-b1be-4f28-bfba-1862812e1b31,MLQ5X_D1_SEQUENCE_4,MLQ5X_D1S4_N7_RIOS_DERIVACION,B,7,0.0,0.0,0.0,0.0,1.0,0.0,1.0,2.0,2.0
b4de67f5-2bae-424c-ae99-7f5b41285318,218680f9-b1be-4f28-bfba-1862812e1b31,MLQ5X_D1_SEQUENCE_4,MLQ5X_D1S4_N8_RIOS_SANCION,A,8,2.0,2.0,2.0,1.0,2.0,2.0,1.0,2.0,0.0
b4de67f5-2bae-424c-ae99-7f5b41285318,218680f9-b1be-4f28-bfba-1862812e1b31,MLQ5X_D1_SEQUENCE_4,MLQ5X_D1S4_N9_SOTO_REPORTE,A,9,2.0,3.0,2.0,2.0,2.0,2.0,2.0,0.0,0.0
b4de67f5-2bae-424c-ae99-7f5b41285318,218680f9-b1be-4f28-bfba-1862812e1b31,MLQ5X_D2_SEQUENCE_11,MLQ5X_D2S11_N16_GUZMAN_VISION,A,16,3.0,3.0,3.0,3.0,3.0,1.0,0.0,0.0,0.0
b4de67f5-2bae-424c-ae99-7f5b41285318,218680f9-b1be-4f28-bfba-1862812e1b31,MLQ5X_D2_SEQUENCE_11,MLQ5X_D2S11_N17_GUZMAN_PRACTICE_CUPS,B,17,2.0,1.0,0.0,0.0,1.0,1.0,3.0,0.0,0.0
b4de67f5-2bae-424c-ae99-7f5b41285318,218680f9-b1be-4f28-bfba-1862812e1b31,MLQ5X_D4_SEQUENCE_19,MLQ5X_D4S19_N24_GUZMAN_BOX1_BROKEN_PROMISE,A,24,3.0,3.0,2.0,1.0,3.0,2.0,1.0,0.0,0.0
b4de67f5-2bae-424c-ae99-7f5b41285318,218680f9-b1be-4f28-bfba-1862812e1b31,MLQ5X_D5_SEQUENCE_21,MLQ5X_D5S21_N26_SOFIA_MINOR_RECORD_ERROR,A,26,2.0,2.0,1.0,0.0,1.0,0.0,3.0,0.0,0.0
b4de67f5-2bae-424c-ae99-7f5b41285318,218680f9-b1be-4f28-bfba-1862812e1b31,MLQ5X_D5_SEQUENCE_22,MLQ5X_D5S22_N27_SOTO_MINOR_RISK_REPORT,B,27,1.0,1.0,0.0,0.0,0.0,0.0,1.0,3.0,1.0
b4de67f5-2bae-424c-ae99-7f5b41285318,218680f9-b1be-4f28-bfba-1862812e1b31,MLQ5X_D5_SEQUENCE_23,MLQ5X_D5S23_N28_RIOS_TENS_PROTOCOL,B,28,2.0,2.0,2.0,2.0,3.0,1.0,1.0,0.0,0.0
b4de67f5-2bae-424c-ae99-7f5b41285318,218680f9-b1be-4f28-bfba-1862812e1b31,MLQ5X_D4_SEQUENCE_20,MLQ5X_D4S20_N25_RIOS_FLEXIBILITY_REQUEST,B,25,2.0,2.0,0.0,0.0,2.0,2.0,3.0,1.0,0.0
b4de67f5-2bae-424c-ae99-7f5b41285318,218680f9-b1be-4f28-bfba-1862812e1b31,MLQ5X_D1_SEQUENCE_5,MLQ5X_D1S5_N10_SOTO_PROTOCOLS,C,10,2.0,2.0,2.0,1.0,1.0,1.0,2.0,2.0,1.0
b4de67f5-2bae-424c-ae99-7f5b41285318,218680f9-b1be-4f28-bfba-1862812e1b31,MLQ5X_D1_SEQUENCE_3,MLQ5X_D1S3_N6_GUZMAN_DOCENCIA,C,6,3.0,3.0,2.0,0.0,1.0,2.0,1.0,1.0,0.0
f3707498-eb34-457b-8bfb-d7658739a18b,8fafcc94-9fda-441f-8a60-2c0380c21085,MLQ5X_D1_SEQUENCE_1,MLQ5X_D1S1_N4_SOTO_INDICATORS,A,4,3.0,3.0,2.0,2.0,2.0,0.0,2.0,1.0,1.0
f3707498-eb34-457b-8bfb-d7658739a18b,8fafcc94-9fda-441f-8a60-2c0380c21085,MLQ5X_D1_SEQUENCE_1,MLQ5X_D1S1_N5_SOFIA_PRIORITY,C,5,3.0,3.0,2.0,2.0,1.0,1.0,2.0,0.0,0.0
f3707498-eb34-457b-8bfb-d7658739a18b,8fafcc94-9fda-441f-8a60-2c0380c21085,MLQ5X_D1_SEQUENCE_3,MLQ5X_D1S3_N6_GUZMAN_DOCENCIA,C,6,3.0,3.0,2.0,0.0,1.0,2.0,1.0,1.0,0.0
f3707498-eb34-457b-8bfb-d7658739a18b,8fafcc94-9fda-441f-8a60-2c0380c21085,MLQ5X_D2_SEQUENCE_8,MLQ5X_D2S8_N11_SOTO_DECISION,C,11,0.0,0.0,0.0,0.0,0.0,0.0,1.0,3.0,3.0
f3707498-eb34-457b-8bfb-d7658739a18b,8fafcc94-9fda-441f-8a60-2c0380c21085,MLQ5X_D1_SEQUENCE_5,MLQ5X_D1S5_N10_SOTO_PROTOCOLS,C,10,2.0,2.0,2.0,1.0,1.0,1.0,2.0,2.0,1.0
f3707498-eb34-457b-8bfb-d7658739a18b,8fafcc94-9fda-441f-8a60-2c0380c21085,MLQ5X_D1_SEQUENCE_4,MLQ5X_D1S4_N7_RIOS_DERIVACION,C,7,2.0,2.0,0.0,0.0,0.0,2.0,4.0,0.0,0.0
f3707498-eb34-457b-8bfb-d7658739a18b,8fafcc94-9fda-441f-8a60-2c0380c21085,MLQ5X_D1_SEQUENCE_4,MLQ5X_D1S4_N8_RIOS_SANCION,A,8,2.0,2.0,2.0,1.0,2.0,2.0,1.0,2.0,0.0
f3707498-eb34-457b-8bfb-d7658739a18b,8fafcc94-9fda-441f-8a60-2c0380c21085,MLQ5X_D1_SEQUENCE_4,MLQ5X_D1S4_N9_SOTO_REPORTE,A,9,2.0,3.0,2.0,2.0,2.0,2.0,2.0,0.0,0.0
57fc2010-117d-4ec3-a900-9858991d41bf,6fc62dd9-edac-429c-a12c-3b6f859e2ec8,MLQ5X_D4_SEQUENCE_20,MLQ5X_D4S20_N25_RIOS_FLEXIBILITY_REQUEST,B,25,2.0,2.0,0.0,0.0,2.0,2.0,3.0,1.0,0.0
57fc2010-117d-4ec3-a900-9858991d41bf,6fc62dd9-edac-429c-a12c-3b6f859e2ec8,MLQ5X_D5_SEQUENCE_22,MLQ5X_D5S22_N27_SOTO_MINOR_RISK_REPORT,A,27,1.0,1.0,0.0,0.0,0.0,1.0,2.0,3.0,2.0
57fc2010-117d-4ec3-a900-9858991d41bf,6fc62dd9-edac-429c-a12c-3b6f859e2ec8,MLQ5X_D5_SEQUENCE_23,MLQ5X_D5S23_N28_RIOS_TENS_PROTOCOL,B,28,2.0,2.0,2.0,2.0,3.0,1.0,1.0,0.0,0.0
f3707498-eb34-457b-8bfb-d7658739a18b,8fafcc94-9fda-441f-8a60-2c0380c21085,MLQ5X_D2_SEQUENCE_10,MLQ5X_D2S10_N13_LATE_ARRIVAL_RESPONSE,A,13,2.0,2.0,1.0,2.0,4.0,2.0,1.0,0.0,0.0
f3707498-eb34-457b-8bfb-d7658739a18b,8fafcc94-9fda-441f-8a60-2c0380c21085,MLQ5X_D2_SEQUENCE_10,MLQ5X_D2S10_N14_RIOS_EXTENDED_SHIFTS,A,14,3.0,3.0,2.0,1.0,2.0,1.0,3.0,0.0,0.0
f3707498-eb34-457b-8bfb-d7658739a18b,8fafcc94-9fda-441f-8a60-2c0380c21085,MLQ5X_D2_SEQUENCE_10,MLQ5X_D2S10_N15_RIOS_RESIGNATION_RISK,B,15,2.0,2.0,1.0,3.0,2.0,0.0,2.0,0.0,0.0
f3707498-eb34-457b-8bfb-d7658739a18b,8fafcc94-9fda-441f-8a60-2c0380c21085,MLQ5X_D2_SEQUENCE_9,MLQ5X_D2S9_N12_SOTO_WATER_CUT_FOLLOWUP,A,12,4.0,4.0,4.0,1.0,3.0,2.0,0.0,0.0,0.0
f3707498-eb34-457b-8bfb-d7658739a18b,8fafcc94-9fda-441f-8a60-2c0380c21085,MLQ5X_D3_SEQUENCE_14,MLQ5X_D3S14_N18_SOFIA_BOX6_DECISION,A,18,3.0,3.0,1.0,0.0,1.0,3.0,2.0,0.0,0.0
f3707498-eb34-457b-8bfb-d7658739a18b,8fafcc94-9fda-441f-8a60-2c0380c21085,MLQ5X_D3_SEQUENCE_14,MLQ5X_D3S14_N19_ULTRASOUND_SHARED_USE,A,19,3.0,3.0,2.0,3.0,3.0,1.0,3.0,0.0,0.0
f3707498-eb34-457b-8bfb-d7658739a18b,8fafcc94-9fda-441f-8a60-2c0380c21085,MLQ5X_D2_SEQUENCE_11,MLQ5X_D2S11_N16_GUZMAN_VISION,A,16,3.0,3.0,3.0,3.0,3.0,1.0,0.0,0.0,0.0
f3707498-eb34-457b-8bfb-d7658739a18b,8fafcc94-9fda-441f-8a60-2c0380c21085,MLQ5X_D2_SEQUENCE_11,MLQ5X_D2S11_N17_GUZMAN_PRACTICE_CUPS,C,17,1.0,0.0,0.0,0.0,0.0,0.0,2.0,2.0,1.0
64eeeee2-a76f-4da7-b3ab-53f28dcbc341,875ae5df-736f-463e-bede-943e46661f45,MLQ5X_D1_SEQUENCE_1,MLQ5X_D1S1_N1_RIOS_CHOICE,B,1,1.0,0.0,1.0,0.0,0.0,0.0,0.0,3.0,3.0
64eeeee2-a76f-4da7-b3ab-53f28dcbc341,875ae5df-736f-463e-bede-943e46661f45,MLQ5X_D1_SEQUENCE_1,MLQ5X_D1S1_N2_GUZMAN_DOCENCIA,B,2,0.0,0.0,0.0,0.0,0.0,0.0,1.0,3.0,3.0
64eeeee2-a76f-4da7-b3ab-53f28dcbc341,875ae5df-736f-463e-bede-943e46661f45,MLQ5X_D1_SEQUENCE_1,MLQ5X_D1S1_N3_RIOS_PROTOCOLS,A,3,3.0,3.0,3.0,3.0,3.0,1.0,3.0,0.0,0.0
64eeeee2-a76f-4da7-b3ab-53f28dcbc341,875ae5df-736f-463e-bede-943e46661f45,MLQ5X_D1_SEQUENCE_1,MLQ5X_D1S1_N4_SOTO_INDICATORS,C,4,1.0,1.0,2.0,1.0,0.0,0.0,1.0,1.0,1.0
64eeeee2-a76f-4da7-b3ab-53f28dcbc341,875ae5df-736f-463e-bede-943e46661f45,MLQ5X_D1_SEQUENCE_1,MLQ5X_D1S1_N5_SOFIA_PRIORITY,C,5,3.0,3.0,2.0,2.0,1.0,1.0,2.0,0.0,0.0
64eeeee2-a76f-4da7-b3ab-53f28dcbc341,875ae5df-736f-463e-bede-943e46661f45,MLQ5X_D2_SEQUENCE_8,MLQ5X_D2S8_N11_SOTO_DECISION,A,11,3.0,4.0,2.0,2.0,2.0,2.0,3.0,0.0,0.0
64eeeee2-a76f-4da7-b3ab-53f28dcbc341,875ae5df-736f-463e-bede-943e46661f45,MLQ5X_D1_SEQUENCE_4,MLQ5X_D1S4_N7_RIOS_DERIVACION,A,7,3.0,3.0,3.0,4.0,3.0,2.0,0.0,0.0,0.0
64eeeee2-a76f-4da7-b3ab-53f28dcbc341,875ae5df-736f-463e-bede-943e46661f45,MLQ5X_D1_SEQUENCE_4,MLQ5X_D1S4_N8_RIOS_SANCION,B,8,2.0,2.0,2.0,0.0,1.0,2.0,2.0,2.0,0.0
64eeeee2-a76f-4da7-b3ab-53f28dcbc341,875ae5df-736f-463e-bede-943e46661f45,MLQ5X_D1_SEQUENCE_4,MLQ5X_D1S4_N9_SOTO_REPORTE,A,9,2.0,3.0,2.0,2.0,2.0,2.0,2.0,0.0,0.0
64eeeee2-a76f-4da7-b3ab-53f28dcbc341,875ae5df-736f-463e-bede-943e46661f45,MLQ5X_D1_SEQUENCE_5,MLQ5X_D1S5_N10_SOTO_PROTOCOLS,C,10,2.0,2.0,2.0,1.0,1.0,1.0,2.0,2.0,1.0
57299c19-4c8f-4d35-a609-7bb1963b24a3,7d2a121e-3291-4933-9b38-f1433b9422b9,MLQ5X_D1_SEQUENCE_1,MLQ5X_D1S1_N1_RIOS_CHOICE,C,1,0.0,0.0,1.0,0.0,0.0,0.0,0.0,2.0,2.0
57299c19-4c8f-4d35-a609-7bb1963b24a3,7d2a121e-3291-4933-9b38-f1433b9422b9,MLQ5X_D1_SEQUENCE_1,MLQ5X_D1S1_N2_GUZMAN_DOCENCIA,C,2,2.0,2.0,1.0,0.0,1.0,1.0,4.0,0.0,0.0
57299c19-4c8f-4d35-a609-7bb1963b24a3,7d2a121e-3291-4933-9b38-f1433b9422b9,MLQ5X_D1_SEQUENCE_1,MLQ5X_D1S1_N3_RIOS_PROTOCOLS,A,3,3.0,3.0,3.0,3.0,3.0,1.0,3.0,0.0,0.0
57299c19-4c8f-4d35-a609-7bb1963b24a3,7d2a121e-3291-4933-9b38-f1433b9422b9,MLQ5X_D1_SEQUENCE_1,MLQ5X_D1S1_N4_SOTO_INDICATORS,B,4,1.0,0.0,1.0,1.0,1.0,1.0,1.0,0.0,0.0
57299c19-4c8f-4d35-a609-7bb1963b24a3,7d2a121e-3291-4933-9b38-f1433b9422b9,MLQ5X_D1_SEQUENCE_1,MLQ5X_D1S1_N5_SOFIA_PRIORITY,A,5,1.0,2.0,1.0,0.0,2.0,1.0,2.0,1.0,0.0
57299c19-4c8f-4d35-a609-7bb1963b24a3,7d2a121e-3291-4933-9b38-f1433b9422b9,MLQ5X_D1_SEQUENCE_3,MLQ5X_D1S3_N6_GUZMAN_DOCENCIA,B,6,1.0,2.0,1.0,0.0,0.0,1.0,1.0,1.0,0.0
57299c19-4c8f-4d35-a609-7bb1963b24a3,7d2a121e-3291-4933-9b38-f1433b9422b9,MLQ5X_D1_SEQUENCE_5,MLQ5X_D1S5_N10_SOTO_PROTOCOLS,B,10,3.0,2.0,2.0,1.0,1.0,1.0,4.0,0.0,0.0
57299c19-4c8f-4d35-a609-7bb1963b24a3,7d2a121e-3291-4933-9b38-f1433b9422b9,MLQ5X_D2_SEQUENCE_8,MLQ5X_D2S8_N11_SOTO_DECISION,C,11,0.0,0.0,0.0,0.0,0.0,0.0,1.0,3.0,3.0
57299c19-4c8f-4d35-a609-7bb1963b24a3,7d2a121e-3291-4933-9b38-f1433b9422b9,MLQ5X_D1_SEQUENCE_4,MLQ5X_D1S4_N7_RIOS_DERIVACION,C,7,2.0,2.0,0.0,0.0,0.0,2.0,4.0,0.0,0.0
57299c19-4c8f-4d35-a609-7bb1963b24a3,7d2a121e-3291-4933-9b38-f1433b9422b9,MLQ5X_D1_SEQUENCE_4,MLQ5X_D1S4_N8_RIOS_SANCION,A,8,2.0,2.0,2.0,1.0,2.0,2.0,1.0,2.0,0.0
57299c19-4c8f-4d35-a609-7bb1963b24a3,7d2a121e-3291-4933-9b38-f1433b9422b9,MLQ5X_D1_SEQUENCE_4,MLQ5X_D1S4_N9_SOTO_REPORTE,B,9,1.0,1.0,0.0,1.0,0.0,1.0,1.0,3.0,1.0
57299c19-4c8f-4d35-a609-7bb1963b24a3,7d2a121e-3291-4933-9b38-f1433b9422b9,MLQ5X_D2_SEQUENCE_10,MLQ5X_D2S10_N13_LATE_ARRIVAL_RESPONSE,C,13,0.0,1.0,0.0,0.0,1.0,0.0,3.0,1.0,0.0
57299c19-4c8f-4d35-a609-7bb1963b24a3,7d2a121e-3291-4933-9b38-f1433b9422b9,MLQ5X_D2_SEQUENCE_10,MLQ5X_D2S10_N14_RIOS_EXTENDED_SHIFTS,B,14,1.0,0.0,0.0,0.0,1.0,0.0,2.0,2.0,0.0
57299c19-4c8f-4d35-a609-7bb1963b24a3,7d2a121e-3291-4933-9b38-f1433b9422b9,MLQ5X_D2_SEQUENCE_10,MLQ5X_D2S10_N15_RIOS_RESIGNATION_RISK,A,15,2.0,3.0,2.0,0.0,3.0,2.0,3.0,0.0,0.0
57299c19-4c8f-4d35-a609-7bb1963b24a3,7d2a121e-3291-4933-9b38-f1433b9422b9,MLQ5X_D2_SEQUENCE_9,MLQ5X_D2S9_N12_SOTO_WATER_CUT_FOLLOWUP,B,12,2.0,3.0,2.0,0.0,1.0,2.0,2.0,1.0,0.0
57299c19-4c8f-4d35-a609-7bb1963b24a3,7d2a121e-3291-4933-9b38-f1433b9422b9,MLQ5X_D2_SEQUENCE_11,MLQ5X_D2S11_N16_GUZMAN_VISION,A,16,3.0,3.0,3.0,3.0,3.0,1.0,0.0,0.0,0.0
57299c19-4c8f-4d35-a609-7bb1963b24a3,7d2a121e-3291-4933-9b38-f1433b9422b9,MLQ5X_D2_SEQUENCE_11,MLQ5X_D2S11_N17_GUZMAN_PRACTICE_CUPS,B,17,2.0,1.0,0.0,0.0,1.0,1.0,3.0,0.0,0.0
57299c19-4c8f-4d35-a609-7bb1963b24a3,7d2a121e-3291-4933-9b38-f1433b9422b9,MLQ5X_D3_SEQUENCE_14,MLQ5X_D3S14_N18_SOFIA_BOX6_DECISION,A,18,3.0,3.0,1.0,0.0,1.0,3.0,2.0,0.0,0.0
57299c19-4c8f-4d35-a609-7bb1963b24a3,7d2a121e-3291-4933-9b38-f1433b9422b9,MLQ5X_D3_SEQUENCE_14,MLQ5X_D3S14_N19_ULTRASOUND_SHARED_USE,A,19,3.0,3.0,2.0,3.0,3.0,1.0,3.0,0.0,0.0
57299c19-4c8f-4d35-a609-7bb1963b24a3,7d2a121e-3291-4933-9b38-f1433b9422b9,MLQ5X_D3_SEQUENCE_15,MLQ5X_D3S15_N20_SOTO_ROTATING_SHIFTS_DECISION,C,20,2.0,3.0,2.0,3.0,1.0,0.0,1.0,0.0,0.0
57299c19-4c8f-4d35-a609-7bb1963b24a3,7d2a121e-3291-4933-9b38-f1433b9422b9,MLQ5X_D3_SEQUENCE_18,MLQ5X_D3S18_N23_JAVIER_WORKLOAD,B,23,2.0,2.0,1.0,0.0,2.0,1.0,3.0,0.0,0.0
57299c19-4c8f-4d35-a609-7bb1963b24a3,7d2a121e-3291-4933-9b38-f1433b9422b9,MLQ5X_D3_SEQUENCE_16,MLQ5X_D3S16_N21_GUZMAN_UNREGISTERED_INTERNS,A,21,3.0,3.0,2.0,1.0,3.0,1.0,1.0,0.0,0.0
57299c19-4c8f-4d35-a609-7bb1963b24a3,7d2a121e-3291-4933-9b38-f1433b9422b9,MLQ5X_D3_SEQUENCE_16,MLQ5X_D3S16_N22_GUZMAN_CONVENIO_BOX1,A,22,3.0,3.0,3.0,2.0,3.0,2.0,0.0,0.0,0.0
57299c19-4c8f-4d35-a609-7bb1963b24a3,7d2a121e-3291-4933-9b38-f1433b9422b9,MLQ5X_D4_SEQUENCE_19,MLQ5X_D4S19_N24_GUZMAN_BOX1_BROKEN_PROMISE,A,24,3.0,3.0,2.0,1.0,3.0,2.0,1.0,0.0,0.0
57299c19-4c8f-4d35-a609-7bb1963b24a3,7d2a121e-3291-4933-9b38-f1433b9422b9,MLQ5X_D5_SEQUENCE_21,MLQ5X_D5S21_N26_SOFIA_MINOR_RECORD_ERROR,B,26,1.0,1.0,0.0,0.0,2.0,1.0,1.0,1.0,0.0
57299c19-4c8f-4d35-a609-7bb1963b24a3,7d2a121e-3291-4933-9b38-f1433b9422b9,MLQ5X_D4_SEQUENCE_20,MLQ5X_D4S20_N25_RIOS_FLEXIBILITY_REQUEST,A,25,0.0,1.0,0.0,0.0,3.0,3.0,3.0,0.0,0.0
57299c19-4c8f-4d35-a609-7bb1963b24a3,7d2a121e-3291-4933-9b38-f1433b9422b9,MLQ5X_D5_SEQUENCE_22,MLQ5X_D5S22_N27_SOTO_MINOR_RISK_REPORT,A,27,1.0,1.0,0.0,0.0,0.0,1.0,2.0,3.0,2.0
57299c19-4c8f-4d35-a609-7bb1963b24a3,7d2a121e-3291-4933-9b38-f1433b9422b9,MLQ5X_D5_SEQUENCE_23,MLQ5X_D5S23_N28_RIOS_TENS_PROTOCOL,A,28,2.0,2.0,2.0,1.0,2.0,0.0,1.0,0.0,0.0
64eeeee2-a76f-4da7-b3ab-53f28dcbc341,875ae5df-736f-463e-bede-943e46661f45,MLQ5X_D2_SEQUENCE_10,MLQ5X_D2S10_N13_LATE_ARRIVAL_RESPONSE,B,13,3.0,4.0,4.0,3.0,2.0,2.0,1.0,0.0,0.0
64eeeee2-a76f-4da7-b3ab-53f28dcbc341,875ae5df-736f-463e-bede-943e46661f45,MLQ5X_D2_SEQUENCE_10,MLQ5X_D2S10_N14_RIOS_EXTENDED_SHIFTS,B,14,1.0,0.0,0.0,0.0,1.0,0.0,2.0,2.0,0.0
64eeeee2-a76f-4da7-b3ab-53f28dcbc341,875ae5df-736f-463e-bede-943e46661f45,MLQ5X_D2_SEQUENCE_10,MLQ5X_D2S10_N15_RIOS_RESIGNATION_RISK,A,15,2.0,3.0,2.0,0.0,3.0,2.0,3.0,0.0,0.0
64eeeee2-a76f-4da7-b3ab-53f28dcbc341,875ae5df-736f-463e-bede-943e46661f45,MLQ5X_D3_SEQUENCE_14,MLQ5X_D3S14_N18_SOFIA_BOX6_DECISION,A,18,3.0,3.0,1.0,0.0,1.0,3.0,2.0,0.0,0.0
64eeeee2-a76f-4da7-b3ab-53f28dcbc341,875ae5df-736f-463e-bede-943e46661f45,MLQ5X_D3_SEQUENCE_14,MLQ5X_D3S14_N19_ULTRASOUND_SHARED_USE,A,19,3.0,3.0,2.0,3.0,3.0,1.0,3.0,0.0,0.0
64eeeee2-a76f-4da7-b3ab-53f28dcbc341,875ae5df-736f-463e-bede-943e46661f45,MLQ5X_D2_SEQUENCE_9,MLQ5X_D2S9_N12_SOTO_WATER_CUT_FOLLOWUP,A,12,4.0,4.0,4.0,1.0,3.0,2.0,0.0,0.0,0.0
64eeeee2-a76f-4da7-b3ab-53f28dcbc341,875ae5df-736f-463e-bede-943e46661f45,MLQ5X_D2_SEQUENCE_11,MLQ5X_D2S11_N16_GUZMAN_VISION,A,16,3.0,3.0,3.0,3.0,3.0,1.0,0.0,0.0,0.0
64eeeee2-a76f-4da7-b3ab-53f28dcbc341,875ae5df-736f-463e-bede-943e46661f45,MLQ5X_D2_SEQUENCE_11,MLQ5X_D2S11_N17_GUZMAN_PRACTICE_CUPS,A,17,3.0,3.0,3.0,2.0,0.0,1.0,2.0,0.0,0.0
64eeeee2-a76f-4da7-b3ab-53f28dcbc341,875ae5df-736f-463e-bede-943e46661f45,MLQ5X_D3_SEQUENCE_15,MLQ5X_D3S15_N20_SOTO_ROTATING_SHIFTS_DECISION,A,20,2.0,3.0,2.0,2.0,2.0,1.0,1.0,0.0,0.0
64eeeee2-a76f-4da7-b3ab-53f28dcbc341,875ae5df-736f-463e-bede-943e46661f45,MLQ5X_D3_SEQUENCE_18,MLQ5X_D3S18_N23_JAVIER_WORKLOAD,A,23,3.0,3.0,2.0,0.0,4.0,1.0,3.0,0.0,0.0
64eeeee2-a76f-4da7-b3ab-53f28dcbc341,875ae5df-736f-463e-bede-943e46661f45,MLQ5X_D5_SEQUENCE_21,MLQ5X_D5S21_N26_SOFIA_MINOR_RECORD_ERROR,A,26,2.0,2.0,1.0,0.0,1.0,0.0,3.0,0.0,0.0
64eeeee2-a76f-4da7-b3ab-53f28dcbc341,875ae5df-736f-463e-bede-943e46661f45,MLQ5X_D4_SEQUENCE_20,MLQ5X_D4S20_N25_RIOS_FLEXIBILITY_REQUEST,B,25,2.0,2.0,0.0,0.0,2.0,2.0,3.0,1.0,0.0
64eeeee2-a76f-4da7-b3ab-53f28dcbc341,875ae5df-736f-463e-bede-943e46661f45,MLQ5X_D3_SEQUENCE_16,MLQ5X_D3S16_N21_GUZMAN_UNREGISTERED_INTERNS,A,21,3.0,3.0,2.0,1.0,3.0,1.0,1.0,0.0,0.0
64eeeee2-a76f-4da7-b3ab-53f28dcbc341,875ae5df-736f-463e-bede-943e46661f45,MLQ5X_D3_SEQUENCE_16,MLQ5X_D3S16_N22_GUZMAN_CONVENIO_BOX1,A,22,3.0,3.0,3.0,2.0,3.0,2.0,0.0,0.0,0.0
64eeeee2-a76f-4da7-b3ab-53f28dcbc341,875ae5df-736f-463e-bede-943e46661f45,MLQ5X_D1_SEQUENCE_3,MLQ5X_D1S3_N6_GUZMAN_DOCENCIA,C,6,3.0,3.0,2.0,0.0,1.0,2.0,1.0,1.0,0.0
64eeeee2-a76f-4da7-b3ab-53f28dcbc341,875ae5df-736f-463e-bede-943e46661f45,MLQ5X_D5_SEQUENCE_22,MLQ5X_D5S22_N27_SOTO_MINOR_RISK_REPORT,B,27,1.0,1.0,0.0,0.0,0.0,0.0,1.0,3.0,1.0
64eeeee2-a76f-4da7-b3ab-53f28dcbc341,875ae5df-736f-463e-bede-943e46661f45,MLQ5X_D5_SEQUENCE_23,MLQ5X_D5S23_N28_RIOS_TENS_PROTOCOL,B,28,2.0,2.0,2.0,2.0,3.0,1.0,1.0,0.0,0.0
f3707498-eb34-457b-8bfb-d7658739a18b,8fafcc94-9fda-441f-8a60-2c0380c21085,MLQ5X_D3_SEQUENCE_15,MLQ5X_D3S15_N20_SOTO_ROTATING_SHIFTS_DECISION,C,20,2.0,3.0,2.0,3.0,1.0,0.0,1.0,0.0,0.0
f3707498-eb34-457b-8bfb-d7658739a18b,8fafcc94-9fda-441f-8a60-2c0380c21085,MLQ5X_D3_SEQUENCE_18,MLQ5X_D3S18_N23_JAVIER_WORKLOAD,A,23,3.0,3.0,2.0,0.0,4.0,1.0,3.0,0.0,0.0
f3707498-eb34-457b-8bfb-d7658739a18b,8fafcc94-9fda-441f-8a60-2c0380c21085,MLQ5X_D3_SEQUENCE_16,MLQ5X_D3S16_N21_GUZMAN_UNREGISTERED_INTERNS,A,21,3.0,3.0,2.0,1.0,3.0,1.0,1.0,0.0,0.0
f3707498-eb34-457b-8bfb-d7658739a18b,8fafcc94-9fda-441f-8a60-2c0380c21085,MLQ5X_D3_SEQUENCE_16,MLQ5X_D3S16_N22_GUZMAN_CONVENIO_BOX1,A,22,3.0,3.0,3.0,2.0,3.0,2.0,0.0,0.0,0.0
f3707498-eb34-457b-8bfb-d7658739a18b,8fafcc94-9fda-441f-8a60-2c0380c21085,MLQ5X_D5_SEQUENCE_21,MLQ5X_D5S21_N26_SOFIA_MINOR_RECORD_ERROR,A,26,2.0,2.0,1.0,0.0,1.0,0.0,3.0,0.0,0.0
5f6b7dd9-579f-433c-a1c1-c3dc9c7cd0d7,a02a3f2c-9594-4934-8444-daf19ffc22d6,MLQ5X_D1_SEQUENCE_1,MLQ5X_D1S1_N2_GUZMAN_DOCENCIA,B,2,0.0,0.0,0.0,0.0,0.0,0.0,1.0,3.0,3.0
99cc5a41-962e-4671-af00-4f911810f584,5731954f-52ee-4372-a9b2-0998f30ff699,MLQ5X_D1_SEQUENCE_1,MLQ5X_D1S1_N1_RIOS_CHOICE,A,1,3.0,4.0,3.0,1.0,2.0,1.0,2.0,0.0,0.0
99cc5a41-962e-4671-af00-4f911810f584,5731954f-52ee-4372-a9b2-0998f30ff699,MLQ5X_D1_SEQUENCE_1,MLQ5X_D1S1_N4_SOTO_INDICATORS,C,4,1.0,1.0,2.0,1.0,0.0,0.0,1.0,1.0,1.0
99cc5a41-962e-4671-af00-4f911810f584,5731954f-52ee-4372-a9b2-0998f30ff699,MLQ5X_D1_SEQUENCE_1,MLQ5X_D1S1_N5_SOFIA_PRIORITY,B,5,3.0,1.0,2.0,1.0,1.0,1.0,4.0,0.0,0.0
99cc5a41-962e-4671-af00-4f911810f584,5731954f-52ee-4372-a9b2-0998f30ff699,MLQ5X_D2_SEQUENCE_8,MLQ5X_D2S8_N11_SOTO_DECISION,C,11,0.0,0.0,0.0,0.0,0.0,0.0,1.0,3.0,3.0
99cc5a41-962e-4671-af00-4f911810f584,5731954f-52ee-4372-a9b2-0998f30ff699,MLQ5X_D1_SEQUENCE_5,MLQ5X_D1S5_N10_SOTO_PROTOCOLS,C,10,2.0,2.0,2.0,1.0,1.0,1.0,2.0,2.0,1.0
99cc5a41-962e-4671-af00-4f911810f584,5731954f-52ee-4372-a9b2-0998f30ff699,MLQ5X_D1_SEQUENCE_3,MLQ5X_D1S3_N6_GUZMAN_DOCENCIA,C,6,3.0,3.0,2.0,0.0,1.0,2.0,1.0,1.0,0.0
99cc5a41-962e-4671-af00-4f911810f584,5731954f-52ee-4372-a9b2-0998f30ff699,MLQ5X_D2_SEQUENCE_10,MLQ5X_D2S10_N13_LATE_ARRIVAL_RESPONSE,A,13,2.0,2.0,1.0,2.0,4.0,2.0,1.0,0.0,0.0
99cc5a41-962e-4671-af00-4f911810f584,5731954f-52ee-4372-a9b2-0998f30ff699,MLQ5X_D2_SEQUENCE_10,MLQ5X_D2S10_N14_RIOS_EXTENDED_SHIFTS,A,14,3.0,3.0,2.0,1.0,2.0,1.0,3.0,0.0,0.0
99cc5a41-962e-4671-af00-4f911810f584,5731954f-52ee-4372-a9b2-0998f30ff699,MLQ5X_D2_SEQUENCE_10,MLQ5X_D2S10_N15_RIOS_RESIGNATION_RISK,B,15,2.0,2.0,1.0,3.0,2.0,0.0,2.0,0.0,0.0
99cc5a41-962e-4671-af00-4f911810f584,5731954f-52ee-4372-a9b2-0998f30ff699,MLQ5X_D3_SEQUENCE_14,MLQ5X_D3S14_N18_SOFIA_BOX6_DECISION,A,18,3.0,3.0,1.0,0.0,1.0,3.0,2.0,0.0,0.0
99cc5a41-962e-4671-af00-4f911810f584,5731954f-52ee-4372-a9b2-0998f30ff699,MLQ5X_D3_SEQUENCE_14,MLQ5X_D3S14_N19_ULTRASOUND_SHARED_USE,A,19,3.0,3.0,2.0,3.0,3.0,1.0,3.0,0.0,0.0
99cc5a41-962e-4671-af00-4f911810f584,5731954f-52ee-4372-a9b2-0998f30ff699,MLQ5X_D2_SEQUENCE_9,MLQ5X_D2S9_N12_SOTO_WATER_CUT_FOLLOWUP,A,12,4.0,4.0,4.0,1.0,3.0,2.0,0.0,0.0,0.0
99cc5a41-962e-4671-af00-4f911810f584,5731954f-52ee-4372-a9b2-0998f30ff699,MLQ5X_D1_SEQUENCE_4,MLQ5X_D1S4_N7_RIOS_DERIVACION,A,7,3.0,3.0,3.0,4.0,3.0,2.0,0.0,0.0,0.0
99cc5a41-962e-4671-af00-4f911810f584,5731954f-52ee-4372-a9b2-0998f30ff699,MLQ5X_D1_SEQUENCE_4,MLQ5X_D1S4_N8_RIOS_SANCION,B,8,2.0,2.0,2.0,0.0,1.0,2.0,2.0,2.0,0.0
da95bb1c-e7ec-4cfa-855d-b8be4db1df7c,32e32725-f6df-42e7-9302-1cbb9d9a336e,MLQ5X_D1_SEQUENCE_1,MLQ5X_D1S1_N1_RIOS_CHOICE,A,1,3.0,4.0,3.0,1.0,2.0,1.0,2.0,0.0,0.0
da95bb1c-e7ec-4cfa-855d-b8be4db1df7c,32e32725-f6df-42e7-9302-1cbb9d9a336e,MLQ5X_D1_SEQUENCE_1,MLQ5X_D1S1_N2_GUZMAN_DOCENCIA,C,2,2.0,2.0,1.0,0.0,1.0,1.0,4.0,0.0,0.0
da95bb1c-e7ec-4cfa-855d-b8be4db1df7c,32e32725-f6df-42e7-9302-1cbb9d9a336e,MLQ5X_D1_SEQUENCE_1,MLQ5X_D1S1_N3_RIOS_PROTOCOLS,C,3,1.0,1.0,1.0,0.0,0.0,1.0,3.0,1.0,0.0
da95bb1c-e7ec-4cfa-855d-b8be4db1df7c,32e32725-f6df-42e7-9302-1cbb9d9a336e,MLQ5X_D1_SEQUENCE_1,MLQ5X_D1S1_N4_SOTO_INDICATORS,A,4,3.0,3.0,2.0,2.0,2.0,0.0,2.0,1.0,1.0
da95bb1c-e7ec-4cfa-855d-b8be4db1df7c,32e32725-f6df-42e7-9302-1cbb9d9a336e,MLQ5X_D1_SEQUENCE_1,MLQ5X_D1S1_N5_SOFIA_PRIORITY,B,5,3.0,1.0,2.0,1.0,1.0,1.0,4.0,0.0,0.0
da95bb1c-e7ec-4cfa-855d-b8be4db1df7c,32e32725-f6df-42e7-9302-1cbb9d9a336e,MLQ5X_D1_SEQUENCE_5,MLQ5X_D1S5_N10_SOTO_PROTOCOLS,C,10,2.0,2.0,2.0,1.0,1.0,1.0,2.0,2.0,1.0
da95bb1c-e7ec-4cfa-855d-b8be4db1df7c,32e32725-f6df-42e7-9302-1cbb9d9a336e,MLQ5X_D1_SEQUENCE_4,MLQ5X_D1S4_N7_RIOS_DERIVACION,B,7,0.0,0.0,0.0,0.0,1.0,0.0,1.0,2.0,2.0
da95bb1c-e7ec-4cfa-855d-b8be4db1df7c,32e32725-f6df-42e7-9302-1cbb9d9a336e,MLQ5X_D1_SEQUENCE_4,MLQ5X_D1S4_N8_RIOS_SANCION,B,8,2.0,2.0,2.0,0.0,1.0,2.0,2.0,2.0,0.0
da95bb1c-e7ec-4cfa-855d-b8be4db1df7c,32e32725-f6df-42e7-9302-1cbb9d9a336e,MLQ5X_D2_SEQUENCE_8,MLQ5X_D2S8_N11_SOTO_DECISION,C,11,0.0,0.0,0.0,0.0,0.0,0.0,1.0,3.0,3.0
99cc5a41-962e-4671-af00-4f911810f584,5731954f-52ee-4372-a9b2-0998f30ff699,MLQ5X_D1_SEQUENCE_4,MLQ5X_D1S4_N9_SOTO_REPORTE,A,9,2.0,3.0,2.0,2.0,2.0,2.0,2.0,0.0,0.0
99cc5a41-962e-4671-af00-4f911810f584,5731954f-52ee-4372-a9b2-0998f30ff699,MLQ5X_D2_SEQUENCE_11,MLQ5X_D2S11_N16_GUZMAN_VISION,A,16,3.0,3.0,3.0,3.0,3.0,1.0,0.0,0.0,0.0
99cc5a41-962e-4671-af00-4f911810f584,5731954f-52ee-4372-a9b2-0998f30ff699,MLQ5X_D2_SEQUENCE_11,MLQ5X_D2S11_N17_GUZMAN_PRACTICE_CUPS,B,17,2.0,1.0,0.0,0.0,1.0,1.0,3.0,0.0,0.0
99cc5a41-962e-4671-af00-4f911810f584,5731954f-52ee-4372-a9b2-0998f30ff699,MLQ5X_D3_SEQUENCE_15,MLQ5X_D3S15_N20_SOTO_ROTATING_SHIFTS_DECISION,A,20,2.0,3.0,2.0,2.0,2.0,1.0,1.0,0.0,0.0
99cc5a41-962e-4671-af00-4f911810f584,5731954f-52ee-4372-a9b2-0998f30ff699,MLQ5X_D3_SEQUENCE_18,MLQ5X_D3S18_N23_JAVIER_WORKLOAD,A,23,3.0,3.0,2.0,0.0,4.0,1.0,3.0,0.0,0.0
99cc5a41-962e-4671-af00-4f911810f584,5731954f-52ee-4372-a9b2-0998f30ff699,MLQ5X_D3_SEQUENCE_16,MLQ5X_D3S16_N21_GUZMAN_UNREGISTERED_INTERNS,A,21,3.0,3.0,2.0,1.0,3.0,1.0,1.0,0.0,0.0
99cc5a41-962e-4671-af00-4f911810f584,5731954f-52ee-4372-a9b2-0998f30ff699,MLQ5X_D3_SEQUENCE_16,MLQ5X_D3S16_N22_GUZMAN_CONVENIO_BOX1,A,22,3.0,3.0,3.0,2.0,3.0,2.0,0.0,0.0,0.0
99cc5a41-962e-4671-af00-4f911810f584,5731954f-52ee-4372-a9b2-0998f30ff699,MLQ5X_D4_SEQUENCE_19,MLQ5X_D4S19_N24_GUZMAN_BOX1_BROKEN_PROMISE,C,24,2.0,2.0,1.0,1.0,2.0,2.0,3.0,0.0,0.0
99cc5a41-962e-4671-af00-4f911810f584,5731954f-52ee-4372-a9b2-0998f30ff699,MLQ5X_D5_SEQUENCE_21,MLQ5X_D5S21_N26_SOFIA_MINOR_RECORD_ERROR,B,26,1.0,1.0,0.0,0.0,2.0,1.0,1.0,1.0,0.0
99cc5a41-962e-4671-af00-4f911810f584,5731954f-52ee-4372-a9b2-0998f30ff699,MLQ5X_D4_SEQUENCE_20,MLQ5X_D4S20_N25_RIOS_FLEXIBILITY_REQUEST,B,25,2.0,2.0,0.0,0.0,2.0,2.0,3.0,1.0,0.0
99cc5a41-962e-4671-af00-4f911810f584,5731954f-52ee-4372-a9b2-0998f30ff699,MLQ5X_D5_SEQUENCE_22,MLQ5X_D5S22_N27_SOTO_MINOR_RISK_REPORT,A,27,1.0,1.0,0.0,0.0,0.0,1.0,2.0,3.0,2.0
99cc5a41-962e-4671-af00-4f911810f584,5731954f-52ee-4372-a9b2-0998f30ff699,MLQ5X_D5_SEQUENCE_23,MLQ5X_D5S23_N28_RIOS_TENS_PROTOCOL,B,28,2.0,2.0,2.0,2.0,3.0,1.0,1.0,0.0,0.0
f3707498-eb34-457b-8bfb-d7658739a18b,8fafcc94-9fda-441f-8a60-2c0380c21085,MLQ5X_D4_SEQUENCE_20,MLQ5X_D4S20_N25_RIOS_FLEXIBILITY_REQUEST,B,25,2.0,2.0,0.0,0.0,2.0,2.0,3.0,1.0,0.0
f3707498-eb34-457b-8bfb-d7658739a18b,8fafcc94-9fda-441f-8a60-2c0380c21085,MLQ5X_D5_SEQUENCE_22,MLQ5X_D5S22_N27_SOTO_MINOR_RISK_REPORT,B,27,1.0,1.0,0.0,0.0,0.0,0.0,1.0,3.0,1.0
f3707498-eb34-457b-8bfb-d7658739a18b,8fafcc94-9fda-441f-8a60-2c0380c21085,MLQ5X_D5_SEQUENCE_23,MLQ5X_D5S23_N28_RIOS_TENS_PROTOCOL,B,28,2.0,2.0,2.0,2.0,3.0,1.0,1.0,0.0,0.0
5f6b7dd9-579f-433c-a1c1-c3dc9c7cd0d7,a02a3f2c-9594-4934-8444-daf19ffc22d6,MLQ5X_D1_SEQUENCE_1,MLQ5X_D1S1_N3_RIOS_PROTOCOLS,C,3,1.0,1.0,1.0,0.0,0.0,1.0,3.0,1.0,0.0
5f6b7dd9-579f-433c-a1c1-c3dc9c7cd0d7,a02a3f2c-9594-4934-8444-daf19ffc22d6,MLQ5X_D1_SEQUENCE_1,MLQ5X_D1S1_N4_SOTO_INDICATORS,B,4,1.0,0.0,1.0,1.0,1.0,1.0,1.0,0.0,0.0
5f6b7dd9-579f-433c-a1c1-c3dc9c7cd0d7,a02a3f2c-9594-4934-8444-daf19ffc22d6,MLQ5X_D1_SEQUENCE_1,MLQ5X_D1S1_N5_SOFIA_PRIORITY,C,5,3.0,3.0,2.0,2.0,1.0,1.0,2.0,0.0,0.0
5f6b7dd9-579f-433c-a1c1-c3dc9c7cd0d7,a02a3f2c-9594-4934-8444-daf19ffc22d6,MLQ5X_D2_SEQUENCE_8,MLQ5X_D2S8_N11_SOTO_DECISION,A,11,3.0,4.0,2.0,2.0,2.0,2.0,3.0,0.0,0.0
5f6b7dd9-579f-433c-a1c1-c3dc9c7cd0d7,a02a3f2c-9594-4934-8444-daf19ffc22d6,MLQ5X_D2_SEQUENCE_10,MLQ5X_D2S10_N13_LATE_ARRIVAL_RESPONSE,C,13,0.0,1.0,0.0,0.0,1.0,0.0,3.0,1.0,0.0
5f6b7dd9-579f-433c-a1c1-c3dc9c7cd0d7,a02a3f2c-9594-4934-8444-daf19ffc22d6,MLQ5X_D2_SEQUENCE_10,MLQ5X_D2S10_N14_RIOS_EXTENDED_SHIFTS,C,14,0.0,1.0,0.0,0.0,0.0,0.0,1.0,3.0,2.0
5f6b7dd9-579f-433c-a1c1-c3dc9c7cd0d7,a02a3f2c-9594-4934-8444-daf19ffc22d6,MLQ5X_D2_SEQUENCE_10,MLQ5X_D2S10_N15_RIOS_RESIGNATION_RISK,A,15,2.0,3.0,2.0,0.0,3.0,2.0,3.0,0.0,0.0
5f6b7dd9-579f-433c-a1c1-c3dc9c7cd0d7,a02a3f2c-9594-4934-8444-daf19ffc22d6,MLQ5X_D3_SEQUENCE_14,MLQ5X_D3S14_N18_SOFIA_BOX6_DECISION,A,18,3.0,3.0,1.0,0.0,1.0,3.0,2.0,0.0,0.0
5f6b7dd9-579f-433c-a1c1-c3dc9c7cd0d7,a02a3f2c-9594-4934-8444-daf19ffc22d6,MLQ5X_D3_SEQUENCE_14,MLQ5X_D3S14_N19_ULTRASOUND_SHARED_USE,A,19,3.0,3.0,2.0,3.0,3.0,1.0,3.0,0.0,0.0
10fb42c6-d5c4-48fe-bc17-74ba08e815a7,bc7c3aa4-58d7-4f22-9eaf-fd78c3f98c4b,MLQ5X_D1_SEQUENCE_1,MLQ5X_D1S1_N1_RIOS_CHOICE,C,1,0.0,0.0,1.0,0.0,0.0,0.0,0.0,2.0,2.0
10fb42c6-d5c4-48fe-bc17-74ba08e815a7,bc7c3aa4-58d7-4f22-9eaf-fd78c3f98c4b,MLQ5X_D1_SEQUENCE_1,MLQ5X_D1S1_N2_GUZMAN_DOCENCIA,A,2,4.0,4.0,2.0,0.0,4.0,1.0,2.0,0.0,0.0
10fb42c6-d5c4-48fe-bc17-74ba08e815a7,bc7c3aa4-58d7-4f22-9eaf-fd78c3f98c4b,MLQ5X_D1_SEQUENCE_1,MLQ5X_D1S1_N3_RIOS_PROTOCOLS,A,3,3.0,3.0,3.0,3.0,3.0,1.0,3.0,0.0,0.0
10fb42c6-d5c4-48fe-bc17-74ba08e815a7,bc7c3aa4-58d7-4f22-9eaf-fd78c3f98c4b,MLQ5X_D1_SEQUENCE_1,MLQ5X_D1S1_N4_SOTO_INDICATORS,B,4,1.0,0.0,1.0,1.0,1.0,1.0,1.0,0.0,0.0
10fb42c6-d5c4-48fe-bc17-74ba08e815a7,bc7c3aa4-58d7-4f22-9eaf-fd78c3f98c4b,MLQ5X_D1_SEQUENCE_1,MLQ5X_D1S1_N5_SOFIA_PRIORITY,B,5,3.0,1.0,2.0,1.0,1.0,1.0,4.0,0.0,0.0
10fb42c6-d5c4-48fe-bc17-74ba08e815a7,bc7c3aa4-58d7-4f22-9eaf-fd78c3f98c4b,MLQ5X_D2_SEQUENCE_8,MLQ5X_D2S8_N11_SOTO_DECISION,A,11,3.0,4.0,2.0,2.0,2.0,2.0,3.0,0.0,0.0
10fb42c6-d5c4-48fe-bc17-74ba08e815a7,bc7c3aa4-58d7-4f22-9eaf-fd78c3f98c4b,MLQ5X_D1_SEQUENCE_5,MLQ5X_D1S5_N10_SOTO_PROTOCOLS,B,10,3.0,2.0,2.0,1.0,1.0,1.0,4.0,0.0,0.0
10fb42c6-d5c4-48fe-bc17-74ba08e815a7,bc7c3aa4-58d7-4f22-9eaf-fd78c3f98c4b,MLQ5X_D1_SEQUENCE_3,MLQ5X_D1S3_N6_GUZMAN_DOCENCIA,C,6,3.0,3.0,2.0,0.0,1.0,2.0,1.0,1.0,0.0
10fb42c6-d5c4-48fe-bc17-74ba08e815a7,bc7c3aa4-58d7-4f22-9eaf-fd78c3f98c4b,MLQ5X_D2_SEQUENCE_10,MLQ5X_D2S10_N13_LATE_ARRIVAL_RESPONSE,A,13,2.0,2.0,1.0,2.0,4.0,2.0,1.0,0.0,0.0
10fb42c6-d5c4-48fe-bc17-74ba08e815a7,bc7c3aa4-58d7-4f22-9eaf-fd78c3f98c4b,MLQ5X_D2_SEQUENCE_10,MLQ5X_D2S10_N14_RIOS_EXTENDED_SHIFTS,A,14,3.0,3.0,2.0,1.0,2.0,1.0,3.0,0.0,0.0
10fb42c6-d5c4-48fe-bc17-74ba08e815a7,bc7c3aa4-58d7-4f22-9eaf-fd78c3f98c4b,MLQ5X_D2_SEQUENCE_10,MLQ5X_D2S10_N15_RIOS_RESIGNATION_RISK,B,15,2.0,2.0,1.0,3.0,2.0,0.0,2.0,0.0,0.0
10fb42c6-d5c4-48fe-bc17-74ba08e815a7,bc7c3aa4-58d7-4f22-9eaf-fd78c3f98c4b,MLQ5X_D1_SEQUENCE_4,MLQ5X_D1S4_N7_RIOS_DERIVACION,B,7,0.0,0.0,0.0,0.0,1.0,0.0,1.0,2.0,2.0
10fb42c6-d5c4-48fe-bc17-74ba08e815a7,bc7c3aa4-58d7-4f22-9eaf-fd78c3f98c4b,MLQ5X_D1_SEQUENCE_4,MLQ5X_D1S4_N8_RIOS_SANCION,B,8,2.0,2.0,2.0,0.0,1.0,2.0,2.0,2.0,0.0
10fb42c6-d5c4-48fe-bc17-74ba08e815a7,bc7c3aa4-58d7-4f22-9eaf-fd78c3f98c4b,MLQ5X_D1_SEQUENCE_4,MLQ5X_D1S4_N9_SOTO_REPORTE,A,9,2.0,3.0,2.0,2.0,2.0,2.0,2.0,0.0,0.0
10fb42c6-d5c4-48fe-bc17-74ba08e815a7,bc7c3aa4-58d7-4f22-9eaf-fd78c3f98c4b,MLQ5X_D2_SEQUENCE_9,MLQ5X_D2S9_N12_SOTO_WATER_CUT_FOLLOWUP,A,12,4.0,4.0,4.0,1.0,3.0,2.0,0.0,0.0,0.0
10fb42c6-d5c4-48fe-bc17-74ba08e815a7,bc7c3aa4-58d7-4f22-9eaf-fd78c3f98c4b,MLQ5X_D3_SEQUENCE_14,MLQ5X_D3S14_N18_SOFIA_BOX6_DECISION,A,18,3.0,3.0,1.0,0.0,1.0,3.0,2.0,0.0,0.0
10fb42c6-d5c4-48fe-bc17-74ba08e815a7,bc7c3aa4-58d7-4f22-9eaf-fd78c3f98c4b,MLQ5X_D3_SEQUENCE_14,MLQ5X_D3S14_N19_ULTRASOUND_SHARED_USE,A,19,3.0,3.0,2.0,3.0,3.0,1.0,3.0,0.0,0.0
10fb42c6-d5c4-48fe-bc17-74ba08e815a7,bc7c3aa4-58d7-4f22-9eaf-fd78c3f98c4b,MLQ5X_D2_SEQUENCE_11,MLQ5X_D2S11_N16_GUZMAN_VISION,A,16,3.0,3.0,3.0,3.0,3.0,1.0,0.0,0.0,0.0
57fc2010-117d-4ec3-a900-9858991d41bf,6fc62dd9-edac-429c-a12c-3b6f859e2ec8,MLQ5X_D2_SEQUENCE_11,MLQ5X_D2S11_N16_GUZMAN_VISION,A,16,3.0,3.0,3.0,3.0,3.0,1.0,0.0,0.0,0.0
57fc2010-117d-4ec3-a900-9858991d41bf,6fc62dd9-edac-429c-a12c-3b6f859e2ec8,MLQ5X_D2_SEQUENCE_11,MLQ5X_D2S11_N17_GUZMAN_PRACTICE_CUPS,A,17,3.0,3.0,3.0,2.0,0.0,1.0,2.0,0.0,0.0
57fc2010-117d-4ec3-a900-9858991d41bf,6fc62dd9-edac-429c-a12c-3b6f859e2ec8,MLQ5X_D3_SEQUENCE_14,MLQ5X_D3S14_N18_SOFIA_BOX6_DECISION,A,18,3.0,3.0,1.0,0.0,1.0,3.0,2.0,0.0,0.0
57fc2010-117d-4ec3-a900-9858991d41bf,6fc62dd9-edac-429c-a12c-3b6f859e2ec8,MLQ5X_D3_SEQUENCE_14,MLQ5X_D3S14_N19_ULTRASOUND_SHARED_USE,A,19,3.0,3.0,2.0,3.0,3.0,1.0,3.0,0.0,0.0
57fc2010-117d-4ec3-a900-9858991d41bf,6fc62dd9-edac-429c-a12c-3b6f859e2ec8,MLQ5X_D3_SEQUENCE_15,MLQ5X_D3S15_N20_SOTO_ROTATING_SHIFTS_DECISION,A,20,2.0,3.0,2.0,2.0,2.0,1.0,1.0,0.0,0.0
57fc2010-117d-4ec3-a900-9858991d41bf,6fc62dd9-edac-429c-a12c-3b6f859e2ec8,MLQ5X_D3_SEQUENCE_18,MLQ5X_D3S18_N23_JAVIER_WORKLOAD,B,23,2.0,2.0,1.0,0.0,2.0,1.0,3.0,0.0,0.0
57fc2010-117d-4ec3-a900-9858991d41bf,6fc62dd9-edac-429c-a12c-3b6f859e2ec8,MLQ5X_D3_SEQUENCE_16,MLQ5X_D3S16_N21_GUZMAN_UNREGISTERED_INTERNS,A,21,3.0,3.0,2.0,1.0,3.0,1.0,1.0,0.0,0.0
10fb42c6-d5c4-48fe-bc17-74ba08e815a7,bc7c3aa4-58d7-4f22-9eaf-fd78c3f98c4b,MLQ5X_D2_SEQUENCE_11,MLQ5X_D2S11_N17_GUZMAN_PRACTICE_CUPS,A,17,3.0,3.0,3.0,2.0,0.0,1.0,2.0,0.0,0.0
10fb42c6-d5c4-48fe-bc17-74ba08e815a7,bc7c3aa4-58d7-4f22-9eaf-fd78c3f98c4b,MLQ5X_D3_SEQUENCE_15,MLQ5X_D3S15_N20_SOTO_ROTATING_SHIFTS_DECISION,C,20,2.0,3.0,2.0,3.0,1.0,0.0,1.0,0.0,0.0
10fb42c6-d5c4-48fe-bc17-74ba08e815a7,bc7c3aa4-58d7-4f22-9eaf-fd78c3f98c4b,MLQ5X_D3_SEQUENCE_18,MLQ5X_D3S18_N23_JAVIER_WORKLOAD,A,23,3.0,3.0,2.0,0.0,4.0,1.0,3.0,0.0,0.0
10fb42c6-d5c4-48fe-bc17-74ba08e815a7,bc7c3aa4-58d7-4f22-9eaf-fd78c3f98c4b,MLQ5X_D3_SEQUENCE_16,MLQ5X_D3S16_N21_GUZMAN_UNREGISTERED_INTERNS,A,21,3.0,3.0,2.0,1.0,3.0,1.0,1.0,0.0,0.0
10fb42c6-d5c4-48fe-bc17-74ba08e815a7,bc7c3aa4-58d7-4f22-9eaf-fd78c3f98c4b,MLQ5X_D3_SEQUENCE_16,MLQ5X_D3S16_N22_GUZMAN_CONVENIO_BOX1,A,22,3.0,3.0,3.0,2.0,3.0,2.0,0.0,0.0,0.0
83f9881e-e964-486c-aca4-f2a6ca0bfb70,385fc2df-2523-4aee-b9c6-0e20d3a921da,MLQ5X_D1_SEQUENCE_1,MLQ5X_D1S1_N1_RIOS_CHOICE,A,1,3.0,4.0,3.0,1.0,2.0,1.0,2.0,0.0,0.0
83f9881e-e964-486c-aca4-f2a6ca0bfb70,385fc2df-2523-4aee-b9c6-0e20d3a921da,MLQ5X_D1_SEQUENCE_1,MLQ5X_D1S1_N2_GUZMAN_DOCENCIA,A,2,4.0,4.0,2.0,0.0,4.0,1.0,2.0,0.0,0.0
10fb42c6-d5c4-48fe-bc17-74ba08e815a7,bc7c3aa4-58d7-4f22-9eaf-fd78c3f98c4b,MLQ5X_D5_SEQUENCE_21,MLQ5X_D5S21_N26_SOFIA_MINOR_RECORD_ERROR,A,26,2.0,2.0,1.0,0.0,1.0,0.0,3.0,0.0,0.0
10fb42c6-d5c4-48fe-bc17-74ba08e815a7,bc7c3aa4-58d7-4f22-9eaf-fd78c3f98c4b,MLQ5X_D4_SEQUENCE_20,MLQ5X_D4S20_N25_RIOS_FLEXIBILITY_REQUEST,B,25,2.0,2.0,0.0,0.0,2.0,2.0,3.0,1.0,0.0
83f9881e-e964-486c-aca4-f2a6ca0bfb70,385fc2df-2523-4aee-b9c6-0e20d3a921da,MLQ5X_D1_SEQUENCE_1,MLQ5X_D1S1_N3_RIOS_PROTOCOLS,B,3,0.0,0.0,0.0,0.0,0.0,0.0,0.0,3.0,3.0
83f9881e-e964-486c-aca4-f2a6ca0bfb70,385fc2df-2523-4aee-b9c6-0e20d3a921da,MLQ5X_D1_SEQUENCE_1,MLQ5X_D1S1_N4_SOTO_INDICATORS,B,4,1.0,0.0,1.0,1.0,1.0,1.0,1.0,0.0,0.0
83f9881e-e964-486c-aca4-f2a6ca0bfb70,385fc2df-2523-4aee-b9c6-0e20d3a921da,MLQ5X_D1_SEQUENCE_1,MLQ5X_D1S1_N5_SOFIA_PRIORITY,B,5,3.0,1.0,2.0,1.0,1.0,1.0,4.0,0.0,0.0
83f9881e-e964-486c-aca4-f2a6ca0bfb70,385fc2df-2523-4aee-b9c6-0e20d3a921da,MLQ5X_D2_SEQUENCE_8,MLQ5X_D2S8_N11_SOTO_DECISION,A,11,3.0,4.0,2.0,2.0,2.0,2.0,3.0,0.0,0.0
83f9881e-e964-486c-aca4-f2a6ca0bfb70,385fc2df-2523-4aee-b9c6-0e20d3a921da,MLQ5X_D1_SEQUENCE_5,MLQ5X_D1S5_N10_SOTO_PROTOCOLS,C,10,2.0,2.0,2.0,1.0,1.0,1.0,2.0,2.0,1.0
83f9881e-e964-486c-aca4-f2a6ca0bfb70,385fc2df-2523-4aee-b9c6-0e20d3a921da,MLQ5X_D1_SEQUENCE_3,MLQ5X_D1S3_N6_GUZMAN_DOCENCIA,C,6,3.0,3.0,2.0,0.0,1.0,2.0,1.0,1.0,0.0
83f9881e-e964-486c-aca4-f2a6ca0bfb70,385fc2df-2523-4aee-b9c6-0e20d3a921da,MLQ5X_D1_SEQUENCE_4,MLQ5X_D1S4_N7_RIOS_DERIVACION,C,7,2.0,2.0,0.0,0.0,0.0,2.0,4.0,0.0,0.0
83f9881e-e964-486c-aca4-f2a6ca0bfb70,385fc2df-2523-4aee-b9c6-0e20d3a921da,MLQ5X_D1_SEQUENCE_4,MLQ5X_D1S4_N8_RIOS_SANCION,C,8,2.0,1.0,0.0,0.0,0.0,4.0,4.0,0.0,0.0
83f9881e-e964-486c-aca4-f2a6ca0bfb70,385fc2df-2523-4aee-b9c6-0e20d3a921da,MLQ5X_D1_SEQUENCE_4,MLQ5X_D1S4_N9_SOTO_REPORTE,A,9,2.0,3.0,2.0,2.0,2.0,2.0,2.0,0.0,0.0
83f9881e-e964-486c-aca4-f2a6ca0bfb70,385fc2df-2523-4aee-b9c6-0e20d3a921da,MLQ5X_D2_SEQUENCE_10,MLQ5X_D2S10_N13_LATE_ARRIVAL_RESPONSE,C,13,0.0,1.0,0.0,0.0,1.0,0.0,3.0,1.0,0.0
83f9881e-e964-486c-aca4-f2a6ca0bfb70,385fc2df-2523-4aee-b9c6-0e20d3a921da,MLQ5X_D2_SEQUENCE_10,MLQ5X_D2S10_N14_RIOS_EXTENDED_SHIFTS,A,14,3.0,3.0,2.0,1.0,2.0,1.0,3.0,0.0,0.0
83f9881e-e964-486c-aca4-f2a6ca0bfb70,385fc2df-2523-4aee-b9c6-0e20d3a921da,MLQ5X_D2_SEQUENCE_10,MLQ5X_D2S10_N15_RIOS_RESIGNATION_RISK,B,15,2.0,2.0,1.0,3.0,2.0,0.0,2.0,0.0,0.0
83f9881e-e964-486c-aca4-f2a6ca0bfb70,385fc2df-2523-4aee-b9c6-0e20d3a921da,MLQ5X_D2_SEQUENCE_9,MLQ5X_D2S9_N12_SOTO_WATER_CUT_FOLLOWUP,A,12,4.0,4.0,4.0,1.0,3.0,2.0,0.0,0.0,0.0
83f9881e-e964-486c-aca4-f2a6ca0bfb70,385fc2df-2523-4aee-b9c6-0e20d3a921da,MLQ5X_D2_SEQUENCE_11,MLQ5X_D2S11_N16_GUZMAN_VISION,A,16,3.0,3.0,3.0,3.0,3.0,1.0,0.0,0.0,0.0
83f9881e-e964-486c-aca4-f2a6ca0bfb70,385fc2df-2523-4aee-b9c6-0e20d3a921da,MLQ5X_D2_SEQUENCE_11,MLQ5X_D2S11_N17_GUZMAN_PRACTICE_CUPS,A,17,3.0,3.0,3.0,2.0,0.0,1.0,2.0,0.0,0.0
83f9881e-e964-486c-aca4-f2a6ca0bfb70,385fc2df-2523-4aee-b9c6-0e20d3a921da,MLQ5X_D3_SEQUENCE_14,MLQ5X_D3S14_N18_SOFIA_BOX6_DECISION,B,18,1.0,1.0,0.0,0.0,0.0,1.0,2.0,2.0,1.0
83f9881e-e964-486c-aca4-f2a6ca0bfb70,385fc2df-2523-4aee-b9c6-0e20d3a921da,MLQ5X_D3_SEQUENCE_14,MLQ5X_D3S14_N19_ULTRASOUND_SHARED_USE,A,19,3.0,3.0,2.0,3.0,3.0,1.0,3.0,0.0,0.0
83f9881e-e964-486c-aca4-f2a6ca0bfb70,385fc2df-2523-4aee-b9c6-0e20d3a921da,MLQ5X_D3_SEQUENCE_15,MLQ5X_D3S15_N20_SOTO_ROTATING_SHIFTS_DECISION,A,20,2.0,3.0,2.0,2.0,2.0,1.0,1.0,0.0,0.0
83f9881e-e964-486c-aca4-f2a6ca0bfb70,385fc2df-2523-4aee-b9c6-0e20d3a921da,MLQ5X_D3_SEQUENCE_18,MLQ5X_D3S18_N23_JAVIER_WORKLOAD,A,23,3.0,3.0,2.0,0.0,4.0,1.0,3.0,0.0,0.0
83f9881e-e964-486c-aca4-f2a6ca0bfb70,385fc2df-2523-4aee-b9c6-0e20d3a921da,MLQ5X_D3_SEQUENCE_16,MLQ5X_D3S16_N21_GUZMAN_UNREGISTERED_INTERNS,C,21,2.0,2.0,0.0,0.0,0.0,1.0,3.0,1.0,0.0
83f9881e-e964-486c-aca4-f2a6ca0bfb70,385fc2df-2523-4aee-b9c6-0e20d3a921da,MLQ5X_D3_SEQUENCE_16,MLQ5X_D3S16_N22_GUZMAN_CONVENIO_BOX1,A,22,3.0,3.0,3.0,2.0,3.0,2.0,0.0,0.0,0.0
83f9881e-e964-486c-aca4-f2a6ca0bfb70,385fc2df-2523-4aee-b9c6-0e20d3a921da,MLQ5X_D5_SEQUENCE_21,MLQ5X_D5S21_N26_SOFIA_MINOR_RECORD_ERROR,A,26,2.0,2.0,1.0,0.0,1.0,0.0,3.0,0.0,0.0
83f9881e-e964-486c-aca4-f2a6ca0bfb70,385fc2df-2523-4aee-b9c6-0e20d3a921da,MLQ5X_D4_SEQUENCE_20,MLQ5X_D4S20_N25_RIOS_FLEXIBILITY_REQUEST,B,25,2.0,2.0,0.0,0.0,2.0,2.0,3.0,1.0,0.0
83f9881e-e964-486c-aca4-f2a6ca0bfb70,385fc2df-2523-4aee-b9c6-0e20d3a921da,MLQ5X_D5_SEQUENCE_22,MLQ5X_D5S22_N27_SOTO_MINOR_RISK_REPORT,B,27,1.0,1.0,0.0,0.0,0.0,0.0,1.0,3.0,1.0
83f9881e-e964-486c-aca4-f2a6ca0bfb70,385fc2df-2523-4aee-b9c6-0e20d3a921da,MLQ5X_D5_SEQUENCE_23,MLQ5X_D5S23_N28_RIOS_TENS_PROTOCOL,B,28,2.0,2.0,2.0,2.0,3.0,1.0,1.0,0.0,0.0
10fb42c6-d5c4-48fe-bc17-74ba08e815a7,bc7c3aa4-58d7-4f22-9eaf-fd78c3f98c4b,MLQ5X_D5_SEQUENCE_22,MLQ5X_D5S22_N27_SOTO_MINOR_RISK_REPORT,B,27,1.0,1.0,0.0,0.0,0.0,0.0,1.0,3.0,1.0
10fb42c6-d5c4-48fe-bc17-74ba08e815a7,bc7c3aa4-58d7-4f22-9eaf-fd78c3f98c4b,MLQ5X_D5_SEQUENCE_23,MLQ5X_D5S23_N28_RIOS_TENS_PROTOCOL,B,28,2.0,2.0,2.0,2.0,3.0,1.0,1.0,0.0,0.0
5f6b7dd9-579f-433c-a1c1-c3dc9c7cd0d7,a02a3f2c-9594-4934-8444-daf19ffc22d6,MLQ5X_D1_SEQUENCE_4,MLQ5X_D1S4_N7_RIOS_DERIVACION,A,7,3.0,3.0,3.0,4.0,3.0,2.0,0.0,0.0,0.0
5167b251-1e65-421a-805f-46631285c7d5,335133b5-30e6-4ad3-ab34-e51aa478400e,MLQ5X_D1_SEQUENCE_1,MLQ5X_D1S1_N1_RIOS_CHOICE,A,1,3.0,4.0,3.0,1.0,2.0,1.0,2.0,0.0,0.0
5167b251-1e65-421a-805f-46631285c7d5,335133b5-30e6-4ad3-ab34-e51aa478400e,MLQ5X_D1_SEQUENCE_1,MLQ5X_D1S1_N2_GUZMAN_DOCENCIA,C,2,2.0,2.0,1.0,0.0,1.0,1.0,4.0,0.0,0.0
5167b251-1e65-421a-805f-46631285c7d5,335133b5-30e6-4ad3-ab34-e51aa478400e,MLQ5X_D1_SEQUENCE_1,MLQ5X_D1S1_N3_RIOS_PROTOCOLS,C,3,1.0,1.0,1.0,0.0,0.0,1.0,3.0,1.0,0.0
5167b251-1e65-421a-805f-46631285c7d5,335133b5-30e6-4ad3-ab34-e51aa478400e,MLQ5X_D1_SEQUENCE_1,MLQ5X_D1S1_N4_SOTO_INDICATORS,A,4,3.0,3.0,2.0,2.0,2.0,0.0,2.0,1.0,1.0
5167b251-1e65-421a-805f-46631285c7d5,335133b5-30e6-4ad3-ab34-e51aa478400e,MLQ5X_D1_SEQUENCE_1,MLQ5X_D1S1_N5_SOFIA_PRIORITY,C,5,3.0,3.0,2.0,2.0,1.0,1.0,2.0,0.0,0.0
5167b251-1e65-421a-805f-46631285c7d5,335133b5-30e6-4ad3-ab34-e51aa478400e,MLQ5X_D2_SEQUENCE_8,MLQ5X_D2S8_N11_SOTO_DECISION,A,11,3.0,4.0,2.0,2.0,2.0,2.0,3.0,0.0,0.0
5167b251-1e65-421a-805f-46631285c7d5,335133b5-30e6-4ad3-ab34-e51aa478400e,MLQ5X_D1_SEQUENCE_5,MLQ5X_D1S5_N10_SOTO_PROTOCOLS,C,10,2.0,2.0,2.0,1.0,1.0,1.0,2.0,2.0,1.0
5167b251-1e65-421a-805f-46631285c7d5,335133b5-30e6-4ad3-ab34-e51aa478400e,MLQ5X_D1_SEQUENCE_3,MLQ5X_D1S3_N6_GUZMAN_DOCENCIA,C,6,3.0,3.0,2.0,0.0,1.0,2.0,1.0,1.0,0.0
5167b251-1e65-421a-805f-46631285c7d5,335133b5-30e6-4ad3-ab34-e51aa478400e,MLQ5X_D1_SEQUENCE_4,MLQ5X_D1S4_N7_RIOS_DERIVACION,A,7,3.0,3.0,3.0,4.0,3.0,2.0,0.0,0.0,0.0
5167b251-1e65-421a-805f-46631285c7d5,335133b5-30e6-4ad3-ab34-e51aa478400e,MLQ5X_D1_SEQUENCE_4,MLQ5X_D1S4_N8_RIOS_SANCION,B,8,2.0,2.0,2.0,0.0,1.0,2.0,2.0,2.0,0.0
5167b251-1e65-421a-805f-46631285c7d5,335133b5-30e6-4ad3-ab34-e51aa478400e,MLQ5X_D1_SEQUENCE_4,MLQ5X_D1S4_N9_SOTO_REPORTE,B,9,1.0,1.0,0.0,1.0,0.0,1.0,1.0,3.0,1.0
5167b251-1e65-421a-805f-46631285c7d5,335133b5-30e6-4ad3-ab34-e51aa478400e,MLQ5X_D2_SEQUENCE_10,MLQ5X_D2S10_N13_LATE_ARRIVAL_RESPONSE,C,13,0.0,1.0,0.0,0.0,1.0,0.0,3.0,1.0,0.0
5167b251-1e65-421a-805f-46631285c7d5,335133b5-30e6-4ad3-ab34-e51aa478400e,MLQ5X_D2_SEQUENCE_10,MLQ5X_D2S10_N14_RIOS_EXTENDED_SHIFTS,C,14,0.0,1.0,0.0,0.0,0.0,0.0,1.0,3.0,2.0
5167b251-1e65-421a-805f-46631285c7d5,335133b5-30e6-4ad3-ab34-e51aa478400e,MLQ5X_D2_SEQUENCE_10,MLQ5X_D2S10_N15_RIOS_RESIGNATION_RISK,B,15,2.0,2.0,1.0,3.0,2.0,0.0,2.0,0.0,0.0
5167b251-1e65-421a-805f-46631285c7d5,335133b5-30e6-4ad3-ab34-e51aa478400e,MLQ5X_D2_SEQUENCE_9,MLQ5X_D2S9_N12_SOTO_WATER_CUT_FOLLOWUP,A,12,4.0,4.0,4.0,1.0,3.0,2.0,0.0,0.0,0.0
5167b251-1e65-421a-805f-46631285c7d5,335133b5-30e6-4ad3-ab34-e51aa478400e,MLQ5X_D2_SEQUENCE_11,MLQ5X_D2S11_N16_GUZMAN_VISION,A,16,3.0,3.0,3.0,3.0,3.0,1.0,0.0,0.0,0.0
5167b251-1e65-421a-805f-46631285c7d5,335133b5-30e6-4ad3-ab34-e51aa478400e,MLQ5X_D2_SEQUENCE_11,MLQ5X_D2S11_N17_GUZMAN_PRACTICE_CUPS,A,17,3.0,3.0,3.0,2.0,0.0,1.0,2.0,0.0,0.0
5167b251-1e65-421a-805f-46631285c7d5,335133b5-30e6-4ad3-ab34-e51aa478400e,MLQ5X_D3_SEQUENCE_14,MLQ5X_D3S14_N18_SOFIA_BOX6_DECISION,A,18,3.0,3.0,1.0,0.0,1.0,3.0,2.0,0.0,0.0
5167b251-1e65-421a-805f-46631285c7d5,335133b5-30e6-4ad3-ab34-e51aa478400e,MLQ5X_D3_SEQUENCE_14,MLQ5X_D3S14_N19_ULTRASOUND_SHARED_USE,A,19,3.0,3.0,2.0,3.0,3.0,1.0,3.0,0.0,0.0
5167b251-1e65-421a-805f-46631285c7d5,335133b5-30e6-4ad3-ab34-e51aa478400e,MLQ5X_D3_SEQUENCE_15,MLQ5X_D3S15_N20_SOTO_ROTATING_SHIFTS_DECISION,B,20,2.0,2.0,0.0,0.0,0.0,2.0,3.0,1.0,0.0
5167b251-1e65-421a-805f-46631285c7d5,335133b5-30e6-4ad3-ab34-e51aa478400e,MLQ5X_D3_SEQUENCE_18,MLQ5X_D3S18_N23_JAVIER_WORKLOAD,B,23,2.0,2.0,1.0,0.0,2.0,1.0,3.0,0.0,0.0
5167b251-1e65-421a-805f-46631285c7d5,335133b5-30e6-4ad3-ab34-e51aa478400e,MLQ5X_D3_SEQUENCE_16,MLQ5X_D3S16_N21_GUZMAN_UNREGISTERED_INTERNS,C,21,2.0,2.0,0.0,0.0,0.0,1.0,3.0,1.0,0.0
5167b251-1e65-421a-805f-46631285c7d5,335133b5-30e6-4ad3-ab34-e51aa478400e,MLQ5X_D3_SEQUENCE_16,MLQ5X_D3S16_N22_GUZMAN_CONVENIO_BOX1,A,22,3.0,3.0,3.0,2.0,3.0,2.0,0.0,0.0,0.0
5167b251-1e65-421a-805f-46631285c7d5,335133b5-30e6-4ad3-ab34-e51aa478400e,MLQ5X_D4_SEQUENCE_19,MLQ5X_D4S19_N24_GUZMAN_BOX1_BROKEN_PROMISE,C,24,2.0,2.0,1.0,1.0,2.0,2.0,3.0,0.0,0.0
5167b251-1e65-421a-805f-46631285c7d5,335133b5-30e6-4ad3-ab34-e51aa478400e,MLQ5X_D5_SEQUENCE_21,MLQ5X_D5S21_N26_SOFIA_MINOR_RECORD_ERROR,A,26,2.0,2.0,1.0,0.0,1.0,0.0,3.0,0.0,0.0
5167b251-1e65-421a-805f-46631285c7d5,335133b5-30e6-4ad3-ab34-e51aa478400e,MLQ5X_D4_SEQUENCE_20,MLQ5X_D4S20_N25_RIOS_FLEXIBILITY_REQUEST,B,25,2.0,2.0,0.0,0.0,2.0,2.0,3.0,1.0,0.0
5167b251-1e65-421a-805f-46631285c7d5,335133b5-30e6-4ad3-ab34-e51aa478400e,MLQ5X_D5_SEQUENCE_22,MLQ5X_D5S22_N27_SOTO_MINOR_RISK_REPORT,A,27,1.0,1.0,0.0,0.0,0.0,1.0,2.0,3.0,2.0
5167b251-1e65-421a-805f-46631285c7d5,335133b5-30e6-4ad3-ab34-e51aa478400e,MLQ5X_D5_SEQUENCE_23,MLQ5X_D5S23_N28_RIOS_TENS_PROTOCOL,A,28,2.0,2.0,2.0,1.0,2.0,0.0,1.0,0.0,0.0
a3c9dc37-63c0-43ed-9dba-e39106fd338d,e4e1531b-a23e-4999-81f0-95a6d4af8307,MLQ5X_D1_SEQUENCE_1,MLQ5X_D1S1_N1_RIOS_CHOICE,A,1,3.0,4.0,3.0,1.0,2.0,1.0,2.0,0.0,0.0
5f6b7dd9-579f-433c-a1c1-c3dc9c7cd0d7,a02a3f2c-9594-4934-8444-daf19ffc22d6,MLQ5X_D1_SEQUENCE_1,MLQ5X_D1S1_N1_RIOS_CHOICE,C,1,0.0,0.0,1.0,0.0,0.0,0.0,0.0,2.0,2.0
5f6b7dd9-579f-433c-a1c1-c3dc9c7cd0d7,a02a3f2c-9594-4934-8444-daf19ffc22d6,MLQ5X_D3_SEQUENCE_15,MLQ5X_D3S15_N20_SOTO_ROTATING_SHIFTS_DECISION,A,20,2.0,3.0,2.0,2.0,2.0,1.0,1.0,0.0,0.0
5f6b7dd9-579f-433c-a1c1-c3dc9c7cd0d7,a02a3f2c-9594-4934-8444-daf19ffc22d6,MLQ5X_D3_SEQUENCE_18,MLQ5X_D3S18_N23_JAVIER_WORKLOAD,A,23,3.0,3.0,2.0,0.0,4.0,1.0,3.0,0.0,0.0
5f6b7dd9-579f-433c-a1c1-c3dc9c7cd0d7,a02a3f2c-9594-4934-8444-daf19ffc22d6,MLQ5X_D1_SEQUENCE_4,MLQ5X_D1S4_N8_RIOS_SANCION,C,8,2.0,1.0,0.0,0.0,0.0,4.0,4.0,0.0,0.0
5f6b7dd9-579f-433c-a1c1-c3dc9c7cd0d7,a02a3f2c-9594-4934-8444-daf19ffc22d6,MLQ5X_D1_SEQUENCE_4,MLQ5X_D1S4_N9_SOTO_REPORTE,A,9,2.0,3.0,2.0,2.0,2.0,2.0,2.0,0.0,0.0
5f6b7dd9-579f-433c-a1c1-c3dc9c7cd0d7,a02a3f2c-9594-4934-8444-daf19ffc22d6,MLQ5X_D5_SEQUENCE_21,MLQ5X_D5S21_N26_SOFIA_MINOR_RECORD_ERROR,B,26,1.0,1.0,0.0,0.0,2.0,1.0,1.0,1.0,0.0
5f6b7dd9-579f-433c-a1c1-c3dc9c7cd0d7,a02a3f2c-9594-4934-8444-daf19ffc22d6,MLQ5X_D2_SEQUENCE_9,MLQ5X_D2S9_N12_SOTO_WATER_CUT_FOLLOWUP,A,12,4.0,4.0,4.0,1.0,3.0,2.0,0.0,0.0,0.0
5f6b7dd9-579f-433c-a1c1-c3dc9c7cd0d7,a02a3f2c-9594-4934-8444-daf19ffc22d6,MLQ5X_D3_SEQUENCE_16,MLQ5X_D3S16_N21_GUZMAN_UNREGISTERED_INTERNS,A,21,3.0,3.0,2.0,1.0,3.0,1.0,1.0,0.0,0.0
5f6b7dd9-579f-433c-a1c1-c3dc9c7cd0d7,a02a3f2c-9594-4934-8444-daf19ffc22d6,MLQ5X_D3_SEQUENCE_16,MLQ5X_D3S16_N22_GUZMAN_CONVENIO_BOX1,B,22,2.0,2.0,0.0,0.0,1.0,2.0,2.0,2.0,1.0
5f6b7dd9-579f-433c-a1c1-c3dc9c7cd0d7,a02a3f2c-9594-4934-8444-daf19ffc22d6,MLQ5X_D4_SEQUENCE_20,MLQ5X_D4S20_N25_RIOS_FLEXIBILITY_REQUEST,B,25,2.0,2.0,0.0,0.0,2.0,2.0,3.0,1.0,0.0
5f6b7dd9-579f-433c-a1c1-c3dc9c7cd0d7,a02a3f2c-9594-4934-8444-daf19ffc22d6,MLQ5X_D5_SEQUENCE_22,MLQ5X_D5S22_N27_SOTO_MINOR_RISK_REPORT,B,27,1.0,1.0,0.0,0.0,0.0,0.0,1.0,3.0,1.0
5f6b7dd9-579f-433c-a1c1-c3dc9c7cd0d7,a02a3f2c-9594-4934-8444-daf19ffc22d6,MLQ5X_D5_SEQUENCE_23,MLQ5X_D5S23_N28_RIOS_TENS_PROTOCOL,B,28,2.0,2.0,2.0,2.0,3.0,1.0,1.0,0.0,0.0
5f6b7dd9-579f-433c-a1c1-c3dc9c7cd0d7,a02a3f2c-9594-4934-8444-daf19ffc22d6,MLQ5X_D1_SEQUENCE_5,MLQ5X_D1S5_N10_SOTO_PROTOCOLS,B,10,3.0,2.0,2.0,1.0,1.0,1.0,4.0,0.0,0.0
5f6b7dd9-579f-433c-a1c1-c3dc9c7cd0d7,a02a3f2c-9594-4934-8444-daf19ffc22d6,MLQ5X_D2_SEQUENCE_11,MLQ5X_D2S11_N16_GUZMAN_VISION,C,16,0.0,1.0,0.0,0.0,0.0,2.0,3.0,1.0,0.0
5f6b7dd9-579f-433c-a1c1-c3dc9c7cd0d7,a02a3f2c-9594-4934-8444-daf19ffc22d6,MLQ5X_D2_SEQUENCE_11,MLQ5X_D2S11_N17_GUZMAN_PRACTICE_CUPS,A,17,3.0,3.0,3.0,2.0,0.0,1.0,2.0,0.0,0.0
5f6b7dd9-579f-433c-a1c1-c3dc9c7cd0d7,a02a3f2c-9594-4934-8444-daf19ffc22d6,MLQ5X_D1_SEQUENCE_3,MLQ5X_D1S3_N6_GUZMAN_DOCENCIA,C,6,3.0,3.0,2.0,0.0,1.0,2.0,1.0,1.0,0.0
a3c9dc37-63c0-43ed-9dba-e39106fd338d,e4e1531b-a23e-4999-81f0-95a6d4af8307,MLQ5X_D1_SEQUENCE_4,MLQ5X_D1S4_N8_RIOS_SANCION,B,8,2.0,2.0,2.0,0.0,1.0,2.0,2.0,2.0,0.0
a3c9dc37-63c0-43ed-9dba-e39106fd338d,e4e1531b-a23e-4999-81f0-95a6d4af8307,MLQ5X_D1_SEQUENCE_4,MLQ5X_D1S4_N9_SOTO_REPORTE,A,9,2.0,3.0,2.0,2.0,2.0,2.0,2.0,0.0,0.0
57fc2010-117d-4ec3-a900-9858991d41bf,6fc62dd9-edac-429c-a12c-3b6f859e2ec8,MLQ5X_D1_SEQUENCE_1,MLQ5X_D1S1_N1_RIOS_CHOICE,A,1,3.0,4.0,3.0,1.0,2.0,1.0,2.0,0.0,0.0
57fc2010-117d-4ec3-a900-9858991d41bf,6fc62dd9-edac-429c-a12c-3b6f859e2ec8,MLQ5X_D1_SEQUENCE_1,MLQ5X_D1S1_N2_GUZMAN_DOCENCIA,B,2,0.0,0.0,0.0,0.0,0.0,0.0,1.0,3.0,3.0
57fc2010-117d-4ec3-a900-9858991d41bf,6fc62dd9-edac-429c-a12c-3b6f859e2ec8,MLQ5X_D1_SEQUENCE_1,MLQ5X_D1S1_N3_RIOS_PROTOCOLS,A,3,3.0,3.0,3.0,3.0,3.0,1.0,3.0,0.0,0.0
57fc2010-117d-4ec3-a900-9858991d41bf,6fc62dd9-edac-429c-a12c-3b6f859e2ec8,MLQ5X_D1_SEQUENCE_1,MLQ5X_D1S1_N4_SOTO_INDICATORS,C,4,1.0,1.0,2.0,1.0,0.0,0.0,1.0,1.0,1.0
57fc2010-117d-4ec3-a900-9858991d41bf,6fc62dd9-edac-429c-a12c-3b6f859e2ec8,MLQ5X_D1_SEQUENCE_1,MLQ5X_D1S1_N5_SOFIA_PRIORITY,B,5,3.0,1.0,2.0,1.0,1.0,1.0,4.0,0.0,0.0
57fc2010-117d-4ec3-a900-9858991d41bf,6fc62dd9-edac-429c-a12c-3b6f859e2ec8,MLQ5X_D1_SEQUENCE_5,MLQ5X_D1S5_N10_SOTO_PROTOCOLS,B,10,3.0,2.0,2.0,1.0,1.0,1.0,4.0,0.0,0.0
57fc2010-117d-4ec3-a900-9858991d41bf,6fc62dd9-edac-429c-a12c-3b6f859e2ec8,MLQ5X_D1_SEQUENCE_4,MLQ5X_D1S4_N7_RIOS_DERIVACION,C,7,2.0,2.0,0.0,0.0,0.0,2.0,4.0,0.0,0.0
57fc2010-117d-4ec3-a900-9858991d41bf,6fc62dd9-edac-429c-a12c-3b6f859e2ec8,MLQ5X_D1_SEQUENCE_4,MLQ5X_D1S4_N8_RIOS_SANCION,C,8,2.0,1.0,0.0,0.0,0.0,4.0,4.0,0.0,0.0
57fc2010-117d-4ec3-a900-9858991d41bf,6fc62dd9-edac-429c-a12c-3b6f859e2ec8,MLQ5X_D1_SEQUENCE_4,MLQ5X_D1S4_N9_SOTO_REPORTE,A,9,2.0,3.0,2.0,2.0,2.0,2.0,2.0,0.0,0.0
57fc2010-117d-4ec3-a900-9858991d41bf,6fc62dd9-edac-429c-a12c-3b6f859e2ec8,MLQ5X_D2_SEQUENCE_8,MLQ5X_D2S8_N11_SOTO_DECISION,A,11,3.0,4.0,2.0,2.0,2.0,2.0,3.0,0.0,0.0
57fc2010-117d-4ec3-a900-9858991d41bf,6fc62dd9-edac-429c-a12c-3b6f859e2ec8,MLQ5X_D1_SEQUENCE_3,MLQ5X_D1S3_N6_GUZMAN_DOCENCIA,C,6,3.0,3.0,2.0,0.0,1.0,2.0,1.0,1.0,0.0
57fc2010-117d-4ec3-a900-9858991d41bf,6fc62dd9-edac-429c-a12c-3b6f859e2ec8,MLQ5X_D2_SEQUENCE_10,MLQ5X_D2S10_N13_LATE_ARRIVAL_RESPONSE,A,13,2.0,2.0,1.0,2.0,4.0,2.0,1.0,0.0,0.0
57fc2010-117d-4ec3-a900-9858991d41bf,6fc62dd9-edac-429c-a12c-3b6f859e2ec8,MLQ5X_D2_SEQUENCE_10,MLQ5X_D2S10_N14_RIOS_EXTENDED_SHIFTS,A,14,3.0,3.0,2.0,1.0,2.0,1.0,3.0,0.0,0.0
57fc2010-117d-4ec3-a900-9858991d41bf,6fc62dd9-edac-429c-a12c-3b6f859e2ec8,MLQ5X_D2_SEQUENCE_10,MLQ5X_D2S10_N15_RIOS_RESIGNATION_RISK,B,15,2.0,2.0,1.0,3.0,2.0,0.0,2.0,0.0,0.0
57fc2010-117d-4ec3-a900-9858991d41bf,6fc62dd9-edac-429c-a12c-3b6f859e2ec8,MLQ5X_D2_SEQUENCE_9,MLQ5X_D2S9_N12_SOTO_WATER_CUT_FOLLOWUP,A,12,4.0,4.0,4.0,1.0,3.0,2.0,0.0,0.0,0.0
381eaa60-af6c-468c-9778-a4985a25216b,ce7bb036-9800-452e-9ea7-4ad8ffa38b10,MLQ5X_D1_SEQUENCE_1,MLQ5X_D1S1_N1_RIOS_CHOICE,C,1,0.0,0.0,1.0,0.0,0.0,0.0,0.0,2.0,2.0
381eaa60-af6c-468c-9778-a4985a25216b,ce7bb036-9800-452e-9ea7-4ad8ffa38b10,MLQ5X_D1_SEQUENCE_1,MLQ5X_D1S1_N2_GUZMAN_DOCENCIA,A,2,4.0,4.0,2.0,0.0,4.0,1.0,2.0,0.0,0.0
381eaa60-af6c-468c-9778-a4985a25216b,ce7bb036-9800-452e-9ea7-4ad8ffa38b10,MLQ5X_D1_SEQUENCE_1,MLQ5X_D1S1_N3_RIOS_PROTOCOLS,A,3,3.0,3.0,3.0,3.0,3.0,1.0,3.0,0.0,0.0
381eaa60-af6c-468c-9778-a4985a25216b,ce7bb036-9800-452e-9ea7-4ad8ffa38b10,MLQ5X_D1_SEQUENCE_1,MLQ5X_D1S1_N4_SOTO_INDICATORS,C,4,1.0,1.0,2.0,1.0,0.0,0.0,1.0,1.0,1.0
381eaa60-af6c-468c-9778-a4985a25216b,ce7bb036-9800-452e-9ea7-4ad8ffa38b10,MLQ5X_D1_SEQUENCE_1,MLQ5X_D1S1_N5_SOFIA_PRIORITY,C,5,3.0,3.0,2.0,2.0,1.0,1.0,2.0,0.0,0.0
381eaa60-af6c-468c-9778-a4985a25216b,ce7bb036-9800-452e-9ea7-4ad8ffa38b10,MLQ5X_D2_SEQUENCE_8,MLQ5X_D2S8_N11_SOTO_DECISION,A,11,3.0,4.0,2.0,2.0,2.0,2.0,3.0,0.0,0.0
381eaa60-af6c-468c-9778-a4985a25216b,ce7bb036-9800-452e-9ea7-4ad8ffa38b10,MLQ5X_D1_SEQUENCE_4,MLQ5X_D1S4_N7_RIOS_DERIVACION,B,7,0.0,0.0,0.0,0.0,1.0,0.0,1.0,2.0,2.0
381eaa60-af6c-468c-9778-a4985a25216b,ce7bb036-9800-452e-9ea7-4ad8ffa38b10,MLQ5X_D1_SEQUENCE_4,MLQ5X_D1S4_N8_RIOS_SANCION,B,8,2.0,2.0,2.0,0.0,1.0,2.0,2.0,2.0,0.0
381eaa60-af6c-468c-9778-a4985a25216b,ce7bb036-9800-452e-9ea7-4ad8ffa38b10,MLQ5X_D1_SEQUENCE_4,MLQ5X_D1S4_N9_SOTO_REPORTE,A,9,2.0,3.0,2.0,2.0,2.0,2.0,2.0,0.0,0.0
381eaa60-af6c-468c-9778-a4985a25216b,ce7bb036-9800-452e-9ea7-4ad8ffa38b10,MLQ5X_D1_SEQUENCE_5,MLQ5X_D1S5_N10_SOTO_PROTOCOLS,C,10,2.0,2.0,2.0,1.0,1.0,1.0,2.0,2.0,1.0
381eaa60-af6c-468c-9778-a4985a25216b,ce7bb036-9800-452e-9ea7-4ad8ffa38b10,MLQ5X_D2_SEQUENCE_10,MLQ5X_D2S10_N13_LATE_ARRIVAL_RESPONSE,B,13,3.0,4.0,4.0,3.0,2.0,2.0,1.0,0.0,0.0
381eaa60-af6c-468c-9778-a4985a25216b,ce7bb036-9800-452e-9ea7-4ad8ffa38b10,MLQ5X_D2_SEQUENCE_10,MLQ5X_D2S10_N14_RIOS_EXTENDED_SHIFTS,A,14,3.0,3.0,2.0,1.0,2.0,1.0,3.0,0.0,0.0
381eaa60-af6c-468c-9778-a4985a25216b,ce7bb036-9800-452e-9ea7-4ad8ffa38b10,MLQ5X_D2_SEQUENCE_10,MLQ5X_D2S10_N15_RIOS_RESIGNATION_RISK,B,15,2.0,2.0,1.0,3.0,2.0,0.0,2.0,0.0,0.0
a3c9dc37-63c0-43ed-9dba-e39106fd338d,e4e1531b-a23e-4999-81f0-95a6d4af8307,MLQ5X_D3_SEQUENCE_15,MLQ5X_D3S15_N20_SOTO_ROTATING_SHIFTS_DECISION,C,20,2.0,3.0,2.0,3.0,1.0,0.0,1.0,0.0,0.0
a3c9dc37-63c0-43ed-9dba-e39106fd338d,e4e1531b-a23e-4999-81f0-95a6d4af8307,MLQ5X_D3_SEQUENCE_18,MLQ5X_D3S18_N23_JAVIER_WORKLOAD,A,23,3.0,3.0,2.0,0.0,4.0,1.0,3.0,0.0,0.0
a3c9dc37-63c0-43ed-9dba-e39106fd338d,e4e1531b-a23e-4999-81f0-95a6d4af8307,MLQ5X_D3_SEQUENCE_16,MLQ5X_D3S16_N21_GUZMAN_UNREGISTERED_INTERNS,A,21,3.0,3.0,2.0,1.0,3.0,1.0,1.0,0.0,0.0
a3c9dc37-63c0-43ed-9dba-e39106fd338d,e4e1531b-a23e-4999-81f0-95a6d4af8307,MLQ5X_D3_SEQUENCE_16,MLQ5X_D3S16_N22_GUZMAN_CONVENIO_BOX1,B,22,2.0,2.0,0.0,0.0,1.0,2.0,2.0,2.0,1.0
a3c9dc37-63c0-43ed-9dba-e39106fd338d,e4e1531b-a23e-4999-81f0-95a6d4af8307,MLQ5X_D4_SEQUENCE_19,MLQ5X_D4S19_N24_GUZMAN_BOX1_BROKEN_PROMISE,A,24,3.0,3.0,2.0,1.0,3.0,2.0,1.0,0.0,0.0
a3c9dc37-63c0-43ed-9dba-e39106fd338d,e4e1531b-a23e-4999-81f0-95a6d4af8307,MLQ5X_D5_SEQUENCE_21,MLQ5X_D5S21_N26_SOFIA_MINOR_RECORD_ERROR,B,26,1.0,1.0,0.0,0.0,2.0,1.0,1.0,1.0,0.0
a3c9dc37-63c0-43ed-9dba-e39106fd338d,e4e1531b-a23e-4999-81f0-95a6d4af8307,MLQ5X_D4_SEQUENCE_20,MLQ5X_D4S20_N25_RIOS_FLEXIBILITY_REQUEST,B,25,2.0,2.0,0.0,0.0,2.0,2.0,3.0,1.0,0.0
57fc2010-117d-4ec3-a900-9858991d41bf,6fc62dd9-edac-429c-a12c-3b6f859e2ec8,MLQ5X_D3_SEQUENCE_16,MLQ5X_D3S16_N22_GUZMAN_CONVENIO_BOX1,A,22,3.0,3.0,3.0,2.0,3.0,2.0,0.0,0.0,0.0
57fc2010-117d-4ec3-a900-9858991d41bf,6fc62dd9-edac-429c-a12c-3b6f859e2ec8,MLQ5X_D5_SEQUENCE_21,MLQ5X_D5S21_N26_SOFIA_MINOR_RECORD_ERROR,A,26,2.0,2.0,1.0,0.0,1.0,0.0,3.0,0.0,0.0
a3c9dc37-63c0-43ed-9dba-e39106fd338d,e4e1531b-a23e-4999-81f0-95a6d4af8307,MLQ5X_D5_SEQUENCE_22,MLQ5X_D5S22_N27_SOTO_MINOR_RISK_REPORT,B,27,1.0,1.0,0.0,0.0,0.0,0.0,1.0,3.0,1.0
9775cfea-8344-48ec-aee0-bb60c9ccf5cb,306dde5b-4f02-480d-960b-440c17cfcdc6,MLQ5X_D1_SEQUENCE_1,MLQ5X_D1S1_N1_RIOS_CHOICE,B,1,1.0,0.0,1.0,0.0,0.0,0.0,0.0,3.0,3.0
9775cfea-8344-48ec-aee0-bb60c9ccf5cb,306dde5b-4f02-480d-960b-440c17cfcdc6,MLQ5X_D1_SEQUENCE_1,MLQ5X_D1S1_N2_GUZMAN_DOCENCIA,B,2,0.0,0.0,0.0,0.0,0.0,0.0,1.0,3.0,3.0
9775cfea-8344-48ec-aee0-bb60c9ccf5cb,306dde5b-4f02-480d-960b-440c17cfcdc6,MLQ5X_D1_SEQUENCE_1,MLQ5X_D1S1_N3_RIOS_PROTOCOLS,A,3,3.0,3.0,3.0,3.0,3.0,1.0,3.0,0.0,0.0
99ca5d04-d955-4a19-b03f-e0d9c7733844,190672e4-1e4c-41d4-9af7-416315ec93af,MLQ5X_D1_SEQUENCE_1,MLQ5X_D1S1_N1_RIOS_CHOICE,A,1,3.0,4.0,3.0,1.0,2.0,1.0,2.0,0.0,0.0
99ca5d04-d955-4a19-b03f-e0d9c7733844,190672e4-1e4c-41d4-9af7-416315ec93af,MLQ5X_D1_SEQUENCE_1,MLQ5X_D1S1_N2_GUZMAN_DOCENCIA,A,2,4.0,4.0,2.0,0.0,4.0,1.0,2.0,0.0,0.0
99ca5d04-d955-4a19-b03f-e0d9c7733844,190672e4-1e4c-41d4-9af7-416315ec93af,MLQ5X_D1_SEQUENCE_1,MLQ5X_D1S1_N3_RIOS_PROTOCOLS,A,3,3.0,3.0,3.0,3.0,3.0,1.0,3.0,0.0,0.0
99ca5d04-d955-4a19-b03f-e0d9c7733844,190672e4-1e4c-41d4-9af7-416315ec93af,MLQ5X_D1_SEQUENCE_1,MLQ5X_D1S1_N4_SOTO_INDICATORS,B,4,1.0,0.0,1.0,1.0,1.0,1.0,1.0,0.0,0.0
99ca5d04-d955-4a19-b03f-e0d9c7733844,190672e4-1e4c-41d4-9af7-416315ec93af,MLQ5X_D1_SEQUENCE_1,MLQ5X_D1S1_N5_SOFIA_PRIORITY,C,5,3.0,3.0,2.0,2.0,1.0,1.0,2.0,0.0,0.0
99ca5d04-d955-4a19-b03f-e0d9c7733844,190672e4-1e4c-41d4-9af7-416315ec93af,MLQ5X_D1_SEQUENCE_4,MLQ5X_D1S4_N7_RIOS_DERIVACION,A,7,3.0,3.0,3.0,4.0,3.0,2.0,0.0,0.0,0.0
99ca5d04-d955-4a19-b03f-e0d9c7733844,190672e4-1e4c-41d4-9af7-416315ec93af,MLQ5X_D1_SEQUENCE_4,MLQ5X_D1S4_N8_RIOS_SANCION,A,8,2.0,2.0,2.0,1.0,2.0,2.0,1.0,2.0,0.0
99ca5d04-d955-4a19-b03f-e0d9c7733844,190672e4-1e4c-41d4-9af7-416315ec93af,MLQ5X_D1_SEQUENCE_4,MLQ5X_D1S4_N9_SOTO_REPORTE,C,9,2.0,2.0,0.0,0.0,1.0,2.0,4.0,0.0,0.0
99ca5d04-d955-4a19-b03f-e0d9c7733844,190672e4-1e4c-41d4-9af7-416315ec93af,MLQ5X_D2_SEQUENCE_8,MLQ5X_D2S8_N11_SOTO_DECISION,C,11,0.0,0.0,0.0,0.0,0.0,0.0,1.0,3.0,3.0
99ca5d04-d955-4a19-b03f-e0d9c7733844,190672e4-1e4c-41d4-9af7-416315ec93af,MLQ5X_D1_SEQUENCE_5,MLQ5X_D1S5_N10_SOTO_PROTOCOLS,B,10,3.0,2.0,2.0,1.0,1.0,1.0,4.0,0.0,0.0
99ca5d04-d955-4a19-b03f-e0d9c7733844,190672e4-1e4c-41d4-9af7-416315ec93af,MLQ5X_D1_SEQUENCE_3,MLQ5X_D1S3_N6_GUZMAN_DOCENCIA,C,6,3.0,3.0,2.0,0.0,1.0,2.0,1.0,1.0,0.0
99ca5d04-d955-4a19-b03f-e0d9c7733844,190672e4-1e4c-41d4-9af7-416315ec93af,MLQ5X_D2_SEQUENCE_10,MLQ5X_D2S10_N13_LATE_ARRIVAL_RESPONSE,C,13,0.0,1.0,0.0,0.0,1.0,0.0,3.0,1.0,0.0
99ca5d04-d955-4a19-b03f-e0d9c7733844,190672e4-1e4c-41d4-9af7-416315ec93af,MLQ5X_D2_SEQUENCE_10,MLQ5X_D2S10_N14_RIOS_EXTENDED_SHIFTS,B,14,1.0,0.0,0.0,0.0,1.0,0.0,2.0,2.0,0.0
99ca5d04-d955-4a19-b03f-e0d9c7733844,190672e4-1e4c-41d4-9af7-416315ec93af,MLQ5X_D2_SEQUENCE_10,MLQ5X_D2S10_N15_RIOS_RESIGNATION_RISK,B,15,2.0,2.0,1.0,3.0,2.0,0.0,2.0,0.0,0.0
99ca5d04-d955-4a19-b03f-e0d9c7733844,190672e4-1e4c-41d4-9af7-416315ec93af,MLQ5X_D2_SEQUENCE_9,MLQ5X_D2S9_N12_SOTO_WATER_CUT_FOLLOWUP,A,12,4.0,4.0,4.0,1.0,3.0,2.0,0.0,0.0,0.0
25d661b8-b73f-4974-b224-0aab1f18b84b,2c456d00-902d-47ea-bdf5-2c8ef486162b,MLQ5X_D1_SEQUENCE_1,MLQ5X_D1S1_N1_RIOS_CHOICE,C,1,0.0,0.0,1.0,0.0,0.0,0.0,0.0,2.0,2.0
25d661b8-b73f-4974-b224-0aab1f18b84b,2c456d00-902d-47ea-bdf5-2c8ef486162b,MLQ5X_D1_SEQUENCE_1,MLQ5X_D1S1_N2_GUZMAN_DOCENCIA,A,2,4.0,4.0,2.0,0.0,4.0,1.0,2.0,0.0,0.0
25d661b8-b73f-4974-b224-0aab1f18b84b,2c456d00-902d-47ea-bdf5-2c8ef486162b,MLQ5X_D1_SEQUENCE_1,MLQ5X_D1S1_N3_RIOS_PROTOCOLS,A,3,3.0,3.0,3.0,3.0,3.0,1.0,3.0,0.0,0.0
25d661b8-b73f-4974-b224-0aab1f18b84b,2c456d00-902d-47ea-bdf5-2c8ef486162b,MLQ5X_D1_SEQUENCE_1,MLQ5X_D1S1_N4_SOTO_INDICATORS,A,4,3.0,3.0,2.0,2.0,2.0,0.0,2.0,1.0,1.0
25d661b8-b73f-4974-b224-0aab1f18b84b,2c456d00-902d-47ea-bdf5-2c8ef486162b,MLQ5X_D1_SEQUENCE_1,MLQ5X_D1S1_N5_SOFIA_PRIORITY,C,5,3.0,3.0,2.0,2.0,1.0,1.0,2.0,0.0,0.0
25d661b8-b73f-4974-b224-0aab1f18b84b,2c456d00-902d-47ea-bdf5-2c8ef486162b,MLQ5X_D2_SEQUENCE_8,MLQ5X_D2S8_N11_SOTO_DECISION,A,11,3.0,4.0,2.0,2.0,2.0,2.0,3.0,0.0,0.0
99ca5d04-d955-4a19-b03f-e0d9c7733844,190672e4-1e4c-41d4-9af7-416315ec93af,MLQ5X_D2_SEQUENCE_11,MLQ5X_D2S11_N16_GUZMAN_VISION,A,16,3.0,3.0,3.0,3.0,3.0,1.0,0.0,0.0,0.0
99ca5d04-d955-4a19-b03f-e0d9c7733844,190672e4-1e4c-41d4-9af7-416315ec93af,MLQ5X_D2_SEQUENCE_11,MLQ5X_D2S11_N17_GUZMAN_PRACTICE_CUPS,B,17,2.0,1.0,0.0,0.0,1.0,1.0,3.0,0.0,0.0
99ca5d04-d955-4a19-b03f-e0d9c7733844,190672e4-1e4c-41d4-9af7-416315ec93af,MLQ5X_D3_SEQUENCE_14,MLQ5X_D3S14_N18_SOFIA_BOX6_DECISION,A,18,3.0,3.0,1.0,0.0,1.0,3.0,2.0,0.0,0.0
99ca5d04-d955-4a19-b03f-e0d9c7733844,190672e4-1e4c-41d4-9af7-416315ec93af,MLQ5X_D3_SEQUENCE_14,MLQ5X_D3S14_N19_ULTRASOUND_SHARED_USE,A,19,3.0,3.0,2.0,3.0,3.0,1.0,3.0,0.0,0.0
99ca5d04-d955-4a19-b03f-e0d9c7733844,190672e4-1e4c-41d4-9af7-416315ec93af,MLQ5X_D3_SEQUENCE_15,MLQ5X_D3S15_N20_SOTO_ROTATING_SHIFTS_DECISION,A,20,2.0,3.0,2.0,2.0,2.0,1.0,1.0,0.0,0.0
99ca5d04-d955-4a19-b03f-e0d9c7733844,190672e4-1e4c-41d4-9af7-416315ec93af,MLQ5X_D3_SEQUENCE_18,MLQ5X_D3S18_N23_JAVIER_WORKLOAD,B,23,2.0,2.0,1.0,0.0,2.0,1.0,3.0,0.0,0.0
99ca5d04-d955-4a19-b03f-e0d9c7733844,190672e4-1e4c-41d4-9af7-416315ec93af,MLQ5X_D3_SEQUENCE_16,MLQ5X_D3S16_N21_GUZMAN_UNREGISTERED_INTERNS,A,21,3.0,3.0,2.0,1.0,3.0,1.0,1.0,0.0,0.0
99ca5d04-d955-4a19-b03f-e0d9c7733844,190672e4-1e4c-41d4-9af7-416315ec93af,MLQ5X_D3_SEQUENCE_16,MLQ5X_D3S16_N22_GUZMAN_CONVENIO_BOX1,A,22,3.0,3.0,3.0,2.0,3.0,2.0,0.0,0.0,0.0
99ca5d04-d955-4a19-b03f-e0d9c7733844,190672e4-1e4c-41d4-9af7-416315ec93af,MLQ5X_D5_SEQUENCE_21,MLQ5X_D5S21_N26_SOFIA_MINOR_RECORD_ERROR,A,26,2.0,2.0,1.0,0.0,1.0,0.0,3.0,0.0,0.0
99ca5d04-d955-4a19-b03f-e0d9c7733844,190672e4-1e4c-41d4-9af7-416315ec93af,MLQ5X_D4_SEQUENCE_20,MLQ5X_D4S20_N25_RIOS_FLEXIBILITY_REQUEST,B,25,2.0,2.0,0.0,0.0,2.0,2.0,3.0,1.0,0.0
99ca5d04-d955-4a19-b03f-e0d9c7733844,190672e4-1e4c-41d4-9af7-416315ec93af,MLQ5X_D5_SEQUENCE_22,MLQ5X_D5S22_N27_SOTO_MINOR_RISK_REPORT,B,27,1.0,1.0,0.0,0.0,0.0,0.0,1.0,3.0,1.0
99ca5d04-d955-4a19-b03f-e0d9c7733844,190672e4-1e4c-41d4-9af7-416315ec93af,MLQ5X_D5_SEQUENCE_23,MLQ5X_D5S23_N28_RIOS_TENS_PROTOCOL,A,28,2.0,2.0,2.0,1.0,2.0,0.0,1.0,0.0,0.0
aa407035-6bd9-45ae-9b0c-f97156da5a03,5d740538-6752-47a5-91e9-2dccadd30d1e,MLQ5X_D1_SEQUENCE_1,MLQ5X_D1S1_N1_RIOS_CHOICE,A,1,3.0,4.0,3.0,1.0,2.0,1.0,2.0,0.0,0.0
aa407035-6bd9-45ae-9b0c-f97156da5a03,5d740538-6752-47a5-91e9-2dccadd30d1e,MLQ5X_D1_SEQUENCE_1,MLQ5X_D1S1_N2_GUZMAN_DOCENCIA,A,2,4.0,4.0,2.0,0.0,4.0,1.0,2.0,0.0,0.0
aa407035-6bd9-45ae-9b0c-f97156da5a03,5d740538-6752-47a5-91e9-2dccadd30d1e,MLQ5X_D1_SEQUENCE_1,MLQ5X_D1S1_N3_RIOS_PROTOCOLS,A,3,3.0,3.0,3.0,3.0,3.0,1.0,3.0,0.0,0.0
aa407035-6bd9-45ae-9b0c-f97156da5a03,5d740538-6752-47a5-91e9-2dccadd30d1e,MLQ5X_D1_SEQUENCE_1,MLQ5X_D1S1_N4_SOTO_INDICATORS,C,4,1.0,1.0,2.0,1.0,0.0,0.0,1.0,1.0,1.0
aa407035-6bd9-45ae-9b0c-f97156da5a03,5d740538-6752-47a5-91e9-2dccadd30d1e,MLQ5X_D1_SEQUENCE_1,MLQ5X_D1S1_N5_SOFIA_PRIORITY,C,5,3.0,3.0,2.0,2.0,1.0,1.0,2.0,0.0,0.0
aa407035-6bd9-45ae-9b0c-f97156da5a03,5d740538-6752-47a5-91e9-2dccadd30d1e,MLQ5X_D1_SEQUENCE_4,MLQ5X_D1S4_N7_RIOS_DERIVACION,A,7,3.0,3.0,3.0,4.0,3.0,2.0,0.0,0.0,0.0
aa407035-6bd9-45ae-9b0c-f97156da5a03,5d740538-6752-47a5-91e9-2dccadd30d1e,MLQ5X_D1_SEQUENCE_4,MLQ5X_D1S4_N8_RIOS_SANCION,B,8,2.0,2.0,2.0,0.0,1.0,2.0,2.0,2.0,0.0
aa407035-6bd9-45ae-9b0c-f97156da5a03,5d740538-6752-47a5-91e9-2dccadd30d1e,MLQ5X_D1_SEQUENCE_4,MLQ5X_D1S4_N9_SOTO_REPORTE,A,9,2.0,3.0,2.0,2.0,2.0,2.0,2.0,0.0,0.0
aa407035-6bd9-45ae-9b0c-f97156da5a03,5d740538-6752-47a5-91e9-2dccadd30d1e,MLQ5X_D2_SEQUENCE_8,MLQ5X_D2S8_N11_SOTO_DECISION,A,11,3.0,4.0,2.0,2.0,2.0,2.0,3.0,0.0,0.0
aa407035-6bd9-45ae-9b0c-f97156da5a03,5d740538-6752-47a5-91e9-2dccadd30d1e,MLQ5X_D1_SEQUENCE_5,MLQ5X_D1S5_N10_SOTO_PROTOCOLS,C,10,2.0,2.0,2.0,1.0,1.0,1.0,2.0,2.0,1.0
aa407035-6bd9-45ae-9b0c-f97156da5a03,5d740538-6752-47a5-91e9-2dccadd30d1e,MLQ5X_D1_SEQUENCE_3,MLQ5X_D1S3_N6_GUZMAN_DOCENCIA,C,6,3.0,3.0,2.0,0.0,1.0,2.0,1.0,1.0,0.0
aa407035-6bd9-45ae-9b0c-f97156da5a03,5d740538-6752-47a5-91e9-2dccadd30d1e,MLQ5X_D2_SEQUENCE_10,MLQ5X_D2S10_N13_LATE_ARRIVAL_RESPONSE,B,13,3.0,4.0,4.0,3.0,2.0,2.0,1.0,0.0,0.0
aa407035-6bd9-45ae-9b0c-f97156da5a03,5d740538-6752-47a5-91e9-2dccadd30d1e,MLQ5X_D2_SEQUENCE_10,MLQ5X_D2S10_N14_RIOS_EXTENDED_SHIFTS,B,14,1.0,0.0,0.0,0.0,1.0,0.0,2.0,2.0,0.0
aa407035-6bd9-45ae-9b0c-f97156da5a03,5d740538-6752-47a5-91e9-2dccadd30d1e,MLQ5X_D2_SEQUENCE_10,MLQ5X_D2S10_N15_RIOS_RESIGNATION_RISK,A,15,2.0,3.0,2.0,0.0,3.0,2.0,3.0,0.0,0.0
aa407035-6bd9-45ae-9b0c-f97156da5a03,5d740538-6752-47a5-91e9-2dccadd30d1e,MLQ5X_D2_SEQUENCE_9,MLQ5X_D2S9_N12_SOTO_WATER_CUT_FOLLOWUP,A,12,4.0,4.0,4.0,1.0,3.0,2.0,0.0,0.0,0.0
aa407035-6bd9-45ae-9b0c-f97156da5a03,5d740538-6752-47a5-91e9-2dccadd30d1e,MLQ5X_D2_SEQUENCE_11,MLQ5X_D2S11_N16_GUZMAN_VISION,A,16,3.0,3.0,3.0,3.0,3.0,1.0,0.0,0.0,0.0
aa407035-6bd9-45ae-9b0c-f97156da5a03,5d740538-6752-47a5-91e9-2dccadd30d1e,MLQ5X_D2_SEQUENCE_11,MLQ5X_D2S11_N17_GUZMAN_PRACTICE_CUPS,B,17,2.0,1.0,0.0,0.0,1.0,1.0,3.0,0.0,0.0
aa407035-6bd9-45ae-9b0c-f97156da5a03,5d740538-6752-47a5-91e9-2dccadd30d1e,MLQ5X_D3_SEQUENCE_14,MLQ5X_D3S14_N18_SOFIA_BOX6_DECISION,A,18,3.0,3.0,1.0,0.0,1.0,3.0,2.0,0.0,0.0
aa407035-6bd9-45ae-9b0c-f97156da5a03,5d740538-6752-47a5-91e9-2dccadd30d1e,MLQ5X_D3_SEQUENCE_14,MLQ5X_D3S14_N19_ULTRASOUND_SHARED_USE,A,19,3.0,3.0,2.0,3.0,3.0,1.0,3.0,0.0,0.0
aa407035-6bd9-45ae-9b0c-f97156da5a03,5d740538-6752-47a5-91e9-2dccadd30d1e,MLQ5X_D3_SEQUENCE_15,MLQ5X_D3S15_N20_SOTO_ROTATING_SHIFTS_DECISION,C,20,2.0,3.0,2.0,3.0,1.0,0.0,1.0,0.0,0.0
aa407035-6bd9-45ae-9b0c-f97156da5a03,5d740538-6752-47a5-91e9-2dccadd30d1e,MLQ5X_D3_SEQUENCE_18,MLQ5X_D3S18_N23_JAVIER_WORKLOAD,A,23,3.0,3.0,2.0,0.0,4.0,1.0,3.0,0.0,0.0
aa407035-6bd9-45ae-9b0c-f97156da5a03,5d740538-6752-47a5-91e9-2dccadd30d1e,MLQ5X_D3_SEQUENCE_16,MLQ5X_D3S16_N21_GUZMAN_UNREGISTERED_INTERNS,A,21,3.0,3.0,2.0,1.0,3.0,1.0,1.0,0.0,0.0
aa407035-6bd9-45ae-9b0c-f97156da5a03,5d740538-6752-47a5-91e9-2dccadd30d1e,MLQ5X_D3_SEQUENCE_16,MLQ5X_D3S16_N22_GUZMAN_CONVENIO_BOX1,A,22,3.0,3.0,3.0,2.0,3.0,2.0,0.0,0.0,0.0
aa407035-6bd9-45ae-9b0c-f97156da5a03,5d740538-6752-47a5-91e9-2dccadd30d1e,MLQ5X_D5_SEQUENCE_21,MLQ5X_D5S21_N26_SOFIA_MINOR_RECORD_ERROR,A,26,2.0,2.0,1.0,0.0,1.0,0.0,3.0,0.0,0.0
aa407035-6bd9-45ae-9b0c-f97156da5a03,5d740538-6752-47a5-91e9-2dccadd30d1e,MLQ5X_D4_SEQUENCE_20,MLQ5X_D4S20_N25_RIOS_FLEXIBILITY_REQUEST,B,25,2.0,2.0,0.0,0.0,2.0,2.0,3.0,1.0,0.0
aa407035-6bd9-45ae-9b0c-f97156da5a03,5d740538-6752-47a5-91e9-2dccadd30d1e,MLQ5X_D5_SEQUENCE_22,MLQ5X_D5S22_N27_SOTO_MINOR_RISK_REPORT,A,27,1.0,1.0,0.0,0.0,0.0,1.0,2.0,3.0,2.0
aa407035-6bd9-45ae-9b0c-f97156da5a03,5d740538-6752-47a5-91e9-2dccadd30d1e,MLQ5X_D5_SEQUENCE_23,MLQ5X_D5S23_N28_RIOS_TENS_PROTOCOL,C,28,0.0,0.0,0.0,0.0,0.0,0.0,2.0,2.0,1.0
25d661b8-b73f-4974-b224-0aab1f18b84b,2c456d00-902d-47ea-bdf5-2c8ef486162b,MLQ5X_D1_SEQUENCE_4,MLQ5X_D1S4_N7_RIOS_DERIVACION,B,7,0.0,0.0,0.0,0.0,1.0,0.0,1.0,2.0,2.0
25d661b8-b73f-4974-b224-0aab1f18b84b,2c456d00-902d-47ea-bdf5-2c8ef486162b,MLQ5X_D1_SEQUENCE_4,MLQ5X_D1S4_N8_RIOS_SANCION,A,8,2.0,2.0,2.0,1.0,2.0,2.0,1.0,2.0,0.0
25d661b8-b73f-4974-b224-0aab1f18b84b,2c456d00-902d-47ea-bdf5-2c8ef486162b,MLQ5X_D1_SEQUENCE_4,MLQ5X_D1S4_N9_SOTO_REPORTE,C,9,2.0,2.0,0.0,0.0,1.0,2.0,4.0,0.0,0.0
25d661b8-b73f-4974-b224-0aab1f18b84b,2c456d00-902d-47ea-bdf5-2c8ef486162b,MLQ5X_D1_SEQUENCE_5,MLQ5X_D1S5_N10_SOTO_PROTOCOLS,C,10,2.0,2.0,2.0,1.0,1.0,1.0,2.0,2.0,1.0
25d661b8-b73f-4974-b224-0aab1f18b84b,2c456d00-902d-47ea-bdf5-2c8ef486162b,MLQ5X_D1_SEQUENCE_3,MLQ5X_D1S3_N6_GUZMAN_DOCENCIA,B,6,1.0,2.0,1.0,0.0,0.0,1.0,1.0,1.0,0.0
25d661b8-b73f-4974-b224-0aab1f18b84b,2c456d00-902d-47ea-bdf5-2c8ef486162b,MLQ5X_D2_SEQUENCE_10,MLQ5X_D2S10_N13_LATE_ARRIVAL_RESPONSE,A,13,2.0,2.0,1.0,2.0,4.0,2.0,1.0,0.0,0.0
25d661b8-b73f-4974-b224-0aab1f18b84b,2c456d00-902d-47ea-bdf5-2c8ef486162b,MLQ5X_D2_SEQUENCE_10,MLQ5X_D2S10_N14_RIOS_EXTENDED_SHIFTS,B,14,1.0,0.0,0.0,0.0,1.0,0.0,2.0,2.0,0.0
25d661b8-b73f-4974-b224-0aab1f18b84b,2c456d00-902d-47ea-bdf5-2c8ef486162b,MLQ5X_D2_SEQUENCE_10,MLQ5X_D2S10_N15_RIOS_RESIGNATION_RISK,B,15,2.0,2.0,1.0,3.0,2.0,0.0,2.0,0.0,0.0
25d661b8-b73f-4974-b224-0aab1f18b84b,2c456d00-902d-47ea-bdf5-2c8ef486162b,MLQ5X_D2_SEQUENCE_9,MLQ5X_D2S9_N12_SOTO_WATER_CUT_FOLLOWUP,A,12,4.0,4.0,4.0,1.0,3.0,2.0,0.0,0.0,0.0
25d661b8-b73f-4974-b224-0aab1f18b84b,2c456d00-902d-47ea-bdf5-2c8ef486162b,MLQ5X_D2_SEQUENCE_11,MLQ5X_D2S11_N16_GUZMAN_VISION,C,16,0.0,1.0,0.0,0.0,0.0,2.0,3.0,1.0,0.0
25d661b8-b73f-4974-b224-0aab1f18b84b,2c456d00-902d-47ea-bdf5-2c8ef486162b,MLQ5X_D2_SEQUENCE_11,MLQ5X_D2S11_N17_GUZMAN_PRACTICE_CUPS,C,17,1.0,0.0,0.0,0.0,0.0,0.0,2.0,2.0,1.0
25d661b8-b73f-4974-b224-0aab1f18b84b,2c456d00-902d-47ea-bdf5-2c8ef486162b,MLQ5X_D3_SEQUENCE_14,MLQ5X_D3S14_N18_SOFIA_BOX6_DECISION,A,18,3.0,3.0,1.0,0.0,1.0,3.0,2.0,0.0,0.0
25d661b8-b73f-4974-b224-0aab1f18b84b,2c456d00-902d-47ea-bdf5-2c8ef486162b,MLQ5X_D3_SEQUENCE_14,MLQ5X_D3S14_N19_ULTRASOUND_SHARED_USE,A,19,3.0,3.0,2.0,3.0,3.0,1.0,3.0,0.0,0.0
25d661b8-b73f-4974-b224-0aab1f18b84b,2c456d00-902d-47ea-bdf5-2c8ef486162b,MLQ5X_D3_SEQUENCE_15,MLQ5X_D3S15_N20_SOTO_ROTATING_SHIFTS_DECISION,A,20,2.0,3.0,2.0,2.0,2.0,1.0,1.0,0.0,0.0
25d661b8-b73f-4974-b224-0aab1f18b84b,2c456d00-902d-47ea-bdf5-2c8ef486162b,MLQ5X_D3_SEQUENCE_18,MLQ5X_D3S18_N23_JAVIER_WORKLOAD,A,23,3.0,3.0,2.0,0.0,4.0,1.0,3.0,0.0,0.0
25d661b8-b73f-4974-b224-0aab1f18b84b,2c456d00-902d-47ea-bdf5-2c8ef486162b,MLQ5X_D3_SEQUENCE_16,MLQ5X_D3S16_N21_GUZMAN_UNREGISTERED_INTERNS,A,21,3.0,3.0,2.0,1.0,3.0,1.0,1.0,0.0,0.0
25d661b8-b73f-4974-b224-0aab1f18b84b,2c456d00-902d-47ea-bdf5-2c8ef486162b,MLQ5X_D3_SEQUENCE_16,MLQ5X_D3S16_N22_GUZMAN_CONVENIO_BOX1,C,22,0.0,0.0,0.0,0.0,0.0,0.0,0.0,3.0,4.0
25d661b8-b73f-4974-b224-0aab1f18b84b,2c456d00-902d-47ea-bdf5-2c8ef486162b,MLQ5X_D5_SEQUENCE_21,MLQ5X_D5S21_N26_SOFIA_MINOR_RECORD_ERROR,A,26,2.0,2.0,1.0,0.0,1.0,0.0,3.0,0.0,0.0
25d661b8-b73f-4974-b224-0aab1f18b84b,2c456d00-902d-47ea-bdf5-2c8ef486162b,MLQ5X_D4_SEQUENCE_20,MLQ5X_D4S20_N25_RIOS_FLEXIBILITY_REQUEST,B,25,2.0,2.0,0.0,0.0,2.0,2.0,3.0,1.0,0.0
25d661b8-b73f-4974-b224-0aab1f18b84b,2c456d00-902d-47ea-bdf5-2c8ef486162b,MLQ5X_D5_SEQUENCE_22,MLQ5X_D5S22_N27_SOTO_MINOR_RISK_REPORT,B,27,1.0,1.0,0.0,0.0,0.0,0.0,1.0,3.0,1.0
25d661b8-b73f-4974-b224-0aab1f18b84b,2c456d00-902d-47ea-bdf5-2c8ef486162b,MLQ5X_D5_SEQUENCE_23,MLQ5X_D5S23_N28_RIOS_TENS_PROTOCOL,C,28,0.0,0.0,0.0,0.0,0.0,0.0,2.0,2.0,1.0
a3c9dc37-63c0-43ed-9dba-e39106fd338d,e4e1531b-a23e-4999-81f0-95a6d4af8307,MLQ5X_D1_SEQUENCE_1,MLQ5X_D1S1_N2_GUZMAN_DOCENCIA,A,2,4.0,4.0,2.0,0.0,4.0,1.0,2.0,0.0,0.0
a3c9dc37-63c0-43ed-9dba-e39106fd338d,e4e1531b-a23e-4999-81f0-95a6d4af8307,MLQ5X_D1_SEQUENCE_1,MLQ5X_D1S1_N3_RIOS_PROTOCOLS,B,3,0.0,0.0,0.0,0.0,0.0,0.0,0.0,3.0,3.0
a3c9dc37-63c0-43ed-9dba-e39106fd338d,e4e1531b-a23e-4999-81f0-95a6d4af8307,MLQ5X_D1_SEQUENCE_1,MLQ5X_D1S1_N4_SOTO_INDICATORS,A,4,3.0,3.0,2.0,2.0,2.0,0.0,2.0,1.0,1.0
a3c9dc37-63c0-43ed-9dba-e39106fd338d,e4e1531b-a23e-4999-81f0-95a6d4af8307,MLQ5X_D1_SEQUENCE_1,MLQ5X_D1S1_N5_SOFIA_PRIORITY,B,5,3.0,1.0,2.0,1.0,1.0,1.0,4.0,0.0,0.0
a3c9dc37-63c0-43ed-9dba-e39106fd338d,e4e1531b-a23e-4999-81f0-95a6d4af8307,MLQ5X_D1_SEQUENCE_5,MLQ5X_D1S5_N10_SOTO_PROTOCOLS,C,10,2.0,2.0,2.0,1.0,1.0,1.0,2.0,2.0,1.0
a3c9dc37-63c0-43ed-9dba-e39106fd338d,e4e1531b-a23e-4999-81f0-95a6d4af8307,MLQ5X_D1_SEQUENCE_3,MLQ5X_D1S3_N6_GUZMAN_DOCENCIA,A,6,3.0,2.0,3.0,2.0,3.0,0.0,0.0,0.0,0.0
a3c9dc37-63c0-43ed-9dba-e39106fd338d,e4e1531b-a23e-4999-81f0-95a6d4af8307,MLQ5X_D2_SEQUENCE_8,MLQ5X_D2S8_N11_SOTO_DECISION,A,11,3.0,4.0,2.0,2.0,2.0,2.0,3.0,0.0,0.0
a3c9dc37-63c0-43ed-9dba-e39106fd338d,e4e1531b-a23e-4999-81f0-95a6d4af8307,MLQ5X_D2_SEQUENCE_10,MLQ5X_D2S10_N13_LATE_ARRIVAL_RESPONSE,A,13,2.0,2.0,1.0,2.0,4.0,2.0,1.0,0.0,0.0
a3c9dc37-63c0-43ed-9dba-e39106fd338d,e4e1531b-a23e-4999-81f0-95a6d4af8307,MLQ5X_D2_SEQUENCE_10,MLQ5X_D2S10_N14_RIOS_EXTENDED_SHIFTS,A,14,3.0,3.0,2.0,1.0,2.0,1.0,3.0,0.0,0.0
a3c9dc37-63c0-43ed-9dba-e39106fd338d,e4e1531b-a23e-4999-81f0-95a6d4af8307,MLQ5X_D2_SEQUENCE_10,MLQ5X_D2S10_N15_RIOS_RESIGNATION_RISK,B,15,2.0,2.0,1.0,3.0,2.0,0.0,2.0,0.0,0.0
a3c9dc37-63c0-43ed-9dba-e39106fd338d,e4e1531b-a23e-4999-81f0-95a6d4af8307,MLQ5X_D2_SEQUENCE_9,MLQ5X_D2S9_N12_SOTO_WATER_CUT_FOLLOWUP,A,12,4.0,4.0,4.0,1.0,3.0,2.0,0.0,0.0,0.0
a3c9dc37-63c0-43ed-9dba-e39106fd338d,e4e1531b-a23e-4999-81f0-95a6d4af8307,MLQ5X_D2_SEQUENCE_11,MLQ5X_D2S11_N16_GUZMAN_VISION,A,16,3.0,3.0,3.0,3.0,3.0,1.0,0.0,0.0,0.0
a3c9dc37-63c0-43ed-9dba-e39106fd338d,e4e1531b-a23e-4999-81f0-95a6d4af8307,MLQ5X_D2_SEQUENCE_11,MLQ5X_D2S11_N17_GUZMAN_PRACTICE_CUPS,B,17,2.0,1.0,0.0,0.0,1.0,1.0,3.0,0.0,0.0
a3c9dc37-63c0-43ed-9dba-e39106fd338d,e4e1531b-a23e-4999-81f0-95a6d4af8307,MLQ5X_D3_SEQUENCE_14,MLQ5X_D3S14_N18_SOFIA_BOX6_DECISION,A,18,3.0,3.0,1.0,0.0,1.0,3.0,2.0,0.0,0.0
a3c9dc37-63c0-43ed-9dba-e39106fd338d,e4e1531b-a23e-4999-81f0-95a6d4af8307,MLQ5X_D3_SEQUENCE_14,MLQ5X_D3S14_N19_ULTRASOUND_SHARED_USE,A,19,3.0,3.0,2.0,3.0,3.0,1.0,3.0,0.0,0.0
a3c9dc37-63c0-43ed-9dba-e39106fd338d,e4e1531b-a23e-4999-81f0-95a6d4af8307,MLQ5X_D1_SEQUENCE_4,MLQ5X_D1S4_N7_RIOS_DERIVACION,B,7,0.0,0.0,0.0,0.0,1.0,0.0,1.0,2.0,2.0
a3c9dc37-63c0-43ed-9dba-e39106fd338d,e4e1531b-a23e-4999-81f0-95a6d4af8307,MLQ5X_D5_SEQUENCE_23,MLQ5X_D5S23_N28_RIOS_TENS_PROTOCOL,B,28,2.0,2.0,2.0,2.0,3.0,1.0,1.0,0.0,0.0
9775cfea-8344-48ec-aee0-bb60c9ccf5cb,306dde5b-4f02-480d-960b-440c17cfcdc6,MLQ5X_D1_SEQUENCE_1,MLQ5X_D1S1_N4_SOTO_INDICATORS,A,4,3.0,3.0,2.0,2.0,2.0,0.0,2.0,1.0,1.0
9775cfea-8344-48ec-aee0-bb60c9ccf5cb,306dde5b-4f02-480d-960b-440c17cfcdc6,MLQ5X_D1_SEQUENCE_1,MLQ5X_D1S1_N5_SOFIA_PRIORITY,B,5,3.0,1.0,2.0,1.0,1.0,1.0,4.0,0.0,0.0
9775cfea-8344-48ec-aee0-bb60c9ccf5cb,306dde5b-4f02-480d-960b-440c17cfcdc6,MLQ5X_D1_SEQUENCE_5,MLQ5X_D1S5_N10_SOTO_PROTOCOLS,C,10,2.0,2.0,2.0,1.0,1.0,1.0,2.0,2.0,1.0
9775cfea-8344-48ec-aee0-bb60c9ccf5cb,306dde5b-4f02-480d-960b-440c17cfcdc6,MLQ5X_D2_SEQUENCE_8,MLQ5X_D2S8_N11_SOTO_DECISION,A,11,3.0,4.0,2.0,2.0,2.0,2.0,3.0,0.0,0.0
9775cfea-8344-48ec-aee0-bb60c9ccf5cb,306dde5b-4f02-480d-960b-440c17cfcdc6,MLQ5X_D1_SEQUENCE_3,MLQ5X_D1S3_N6_GUZMAN_DOCENCIA,A,6,3.0,2.0,3.0,2.0,3.0,0.0,0.0,0.0,0.0
9775cfea-8344-48ec-aee0-bb60c9ccf5cb,306dde5b-4f02-480d-960b-440c17cfcdc6,MLQ5X_D1_SEQUENCE_4,MLQ5X_D1S4_N7_RIOS_DERIVACION,A,7,3.0,3.0,3.0,4.0,3.0,2.0,0.0,0.0,0.0
9775cfea-8344-48ec-aee0-bb60c9ccf5cb,306dde5b-4f02-480d-960b-440c17cfcdc6,MLQ5X_D1_SEQUENCE_4,MLQ5X_D1S4_N8_RIOS_SANCION,B,8,2.0,2.0,2.0,0.0,1.0,2.0,2.0,2.0,0.0
9775cfea-8344-48ec-aee0-bb60c9ccf5cb,306dde5b-4f02-480d-960b-440c17cfcdc6,MLQ5X_D1_SEQUENCE_4,MLQ5X_D1S4_N9_SOTO_REPORTE,A,9,2.0,3.0,2.0,2.0,2.0,2.0,2.0,0.0,0.0
9775cfea-8344-48ec-aee0-bb60c9ccf5cb,306dde5b-4f02-480d-960b-440c17cfcdc6,MLQ5X_D2_SEQUENCE_10,MLQ5X_D2S10_N13_LATE_ARRIVAL_RESPONSE,B,13,3.0,4.0,4.0,3.0,2.0,2.0,1.0,0.0,0.0
9775cfea-8344-48ec-aee0-bb60c9ccf5cb,306dde5b-4f02-480d-960b-440c17cfcdc6,MLQ5X_D2_SEQUENCE_10,MLQ5X_D2S10_N14_RIOS_EXTENDED_SHIFTS,A,14,3.0,3.0,2.0,1.0,2.0,1.0,3.0,0.0,0.0
9775cfea-8344-48ec-aee0-bb60c9ccf5cb,306dde5b-4f02-480d-960b-440c17cfcdc6,MLQ5X_D2_SEQUENCE_10,MLQ5X_D2S10_N15_RIOS_RESIGNATION_RISK,B,15,2.0,2.0,1.0,3.0,2.0,0.0,2.0,0.0,0.0
9775cfea-8344-48ec-aee0-bb60c9ccf5cb,306dde5b-4f02-480d-960b-440c17cfcdc6,MLQ5X_D2_SEQUENCE_9,MLQ5X_D2S9_N12_SOTO_WATER_CUT_FOLLOWUP,B,12,2.0,3.0,2.0,0.0,1.0,2.0,2.0,1.0,0.0
9775cfea-8344-48ec-aee0-bb60c9ccf5cb,306dde5b-4f02-480d-960b-440c17cfcdc6,MLQ5X_D2_SEQUENCE_11,MLQ5X_D2S11_N16_GUZMAN_VISION,A,16,3.0,3.0,3.0,3.0,3.0,1.0,0.0,0.0,0.0
9775cfea-8344-48ec-aee0-bb60c9ccf5cb,306dde5b-4f02-480d-960b-440c17cfcdc6,MLQ5X_D2_SEQUENCE_11,MLQ5X_D2S11_N17_GUZMAN_PRACTICE_CUPS,B,17,2.0,1.0,0.0,0.0,1.0,1.0,3.0,0.0,0.0
9775cfea-8344-48ec-aee0-bb60c9ccf5cb,306dde5b-4f02-480d-960b-440c17cfcdc6,MLQ5X_D3_SEQUENCE_14,MLQ5X_D3S14_N18_SOFIA_BOX6_DECISION,A,18,3.0,3.0,1.0,0.0,1.0,3.0,2.0,0.0,0.0
9775cfea-8344-48ec-aee0-bb60c9ccf5cb,306dde5b-4f02-480d-960b-440c17cfcdc6,MLQ5X_D3_SEQUENCE_14,MLQ5X_D3S14_N19_ULTRASOUND_SHARED_USE,A,19,3.0,3.0,2.0,3.0,3.0,1.0,3.0,0.0,0.0
9775cfea-8344-48ec-aee0-bb60c9ccf5cb,306dde5b-4f02-480d-960b-440c17cfcdc6,MLQ5X_D3_SEQUENCE_15,MLQ5X_D3S15_N20_SOTO_ROTATING_SHIFTS_DECISION,C,20,2.0,3.0,2.0,3.0,1.0,0.0,1.0,0.0,0.0
9775cfea-8344-48ec-aee0-bb60c9ccf5cb,306dde5b-4f02-480d-960b-440c17cfcdc6,MLQ5X_D3_SEQUENCE_18,MLQ5X_D3S18_N23_JAVIER_WORKLOAD,B,23,2.0,2.0,1.0,0.0,2.0,1.0,3.0,0.0,0.0
9775cfea-8344-48ec-aee0-bb60c9ccf5cb,306dde5b-4f02-480d-960b-440c17cfcdc6,MLQ5X_D3_SEQUENCE_16,MLQ5X_D3S16_N21_GUZMAN_UNREGISTERED_INTERNS,A,21,3.0,3.0,2.0,1.0,3.0,1.0,1.0,0.0,0.0
9775cfea-8344-48ec-aee0-bb60c9ccf5cb,306dde5b-4f02-480d-960b-440c17cfcdc6,MLQ5X_D3_SEQUENCE_16,MLQ5X_D3S16_N22_GUZMAN_CONVENIO_BOX1,B,22,2.0,2.0,0.0,0.0,1.0,2.0,2.0,2.0,1.0
9775cfea-8344-48ec-aee0-bb60c9ccf5cb,306dde5b-4f02-480d-960b-440c17cfcdc6,MLQ5X_D4_SEQUENCE_19,MLQ5X_D4S19_N24_GUZMAN_BOX1_BROKEN_PROMISE,C,24,2.0,2.0,1.0,1.0,2.0,2.0,3.0,0.0,0.0
9775cfea-8344-48ec-aee0-bb60c9ccf5cb,306dde5b-4f02-480d-960b-440c17cfcdc6,MLQ5X_D5_SEQUENCE_21,MLQ5X_D5S21_N26_SOFIA_MINOR_RECORD_ERROR,B,26,1.0,1.0,0.0,0.0,2.0,1.0,1.0,1.0,0.0
9775cfea-8344-48ec-aee0-bb60c9ccf5cb,306dde5b-4f02-480d-960b-440c17cfcdc6,MLQ5X_D4_SEQUENCE_20,MLQ5X_D4S20_N25_RIOS_FLEXIBILITY_REQUEST,B,25,2.0,2.0,0.0,0.0,2.0,2.0,3.0,1.0,0.0
9775cfea-8344-48ec-aee0-bb60c9ccf5cb,306dde5b-4f02-480d-960b-440c17cfcdc6,MLQ5X_D5_SEQUENCE_22,MLQ5X_D5S22_N27_SOTO_MINOR_RISK_REPORT,A,27,1.0,1.0,0.0,0.0,0.0,1.0,2.0,3.0,2.0
9775cfea-8344-48ec-aee0-bb60c9ccf5cb,306dde5b-4f02-480d-960b-440c17cfcdc6,MLQ5X_D5_SEQUENCE_23,MLQ5X_D5S23_N28_RIOS_TENS_PROTOCOL,C,28,0.0,0.0,0.0,0.0,0.0,0.0,2.0,2.0,1.0
32d89835-a0d1-41f7-a38b-cfaaf86aadce,022ae115-30e4-4c12-9e96-43851f4ce2c5,MLQ5X_D1_SEQUENCE_1,MLQ5X_D1S1_N1_RIOS_CHOICE,C,1,0.0,0.0,1.0,0.0,0.0,0.0,0.0,2.0,2.0
32d89835-a0d1-41f7-a38b-cfaaf86aadce,022ae115-30e4-4c12-9e96-43851f4ce2c5,MLQ5X_D1_SEQUENCE_1,MLQ5X_D1S1_N2_GUZMAN_DOCENCIA,B,2,0.0,0.0,0.0,0.0,0.0,0.0,1.0,3.0,3.0
32d89835-a0d1-41f7-a38b-cfaaf86aadce,022ae115-30e4-4c12-9e96-43851f4ce2c5,MLQ5X_D1_SEQUENCE_1,MLQ5X_D1S1_N3_RIOS_PROTOCOLS,A,3,3.0,3.0,3.0,3.0,3.0,1.0,3.0,0.0,0.0
32d89835-a0d1-41f7-a38b-cfaaf86aadce,022ae115-30e4-4c12-9e96-43851f4ce2c5,MLQ5X_D1_SEQUENCE_1,MLQ5X_D1S1_N4_SOTO_INDICATORS,C,4,1.0,1.0,2.0,1.0,0.0,0.0,1.0,1.0,1.0
32d89835-a0d1-41f7-a38b-cfaaf86aadce,022ae115-30e4-4c12-9e96-43851f4ce2c5,MLQ5X_D1_SEQUENCE_1,MLQ5X_D1S1_N5_SOFIA_PRIORITY,B,5,3.0,1.0,2.0,1.0,1.0,1.0,4.0,0.0,0.0
32d89835-a0d1-41f7-a38b-cfaaf86aadce,022ae115-30e4-4c12-9e96-43851f4ce2c5,MLQ5X_D1_SEQUENCE_1,MLQ5X_D1S1_N1_RIOS_CHOICE,B,1,1.0,0.0,1.0,0.0,0.0,0.0,0.0,3.0,3.0
32d89835-a0d1-41f7-a38b-cfaaf86aadce,022ae115-30e4-4c12-9e96-43851f4ce2c5,MLQ5X_D2_SEQUENCE_8,MLQ5X_D2S8_N11_SOTO_DECISION,A,11,3.0,4.0,2.0,2.0,2.0,2.0,3.0,0.0,0.0
32d89835-a0d1-41f7-a38b-cfaaf86aadce,022ae115-30e4-4c12-9e96-43851f4ce2c5,MLQ5X_D1_SEQUENCE_5,MLQ5X_D1S5_N10_SOTO_PROTOCOLS,C,10,2.0,2.0,2.0,1.0,1.0,1.0,2.0,2.0,1.0
32d89835-a0d1-41f7-a38b-cfaaf86aadce,022ae115-30e4-4c12-9e96-43851f4ce2c5,MLQ5X_D1_SEQUENCE_3,MLQ5X_D1S3_N6_GUZMAN_DOCENCIA,C,6,3.0,3.0,2.0,0.0,1.0,2.0,1.0,1.0,0.0
32d89835-a0d1-41f7-a38b-cfaaf86aadce,022ae115-30e4-4c12-9e96-43851f4ce2c5,MLQ5X_D1_SEQUENCE_4,MLQ5X_D1S4_N7_RIOS_DERIVACION,B,7,0.0,0.0,0.0,0.0,1.0,0.0,1.0,2.0,2.0
32d89835-a0d1-41f7-a38b-cfaaf86aadce,022ae115-30e4-4c12-9e96-43851f4ce2c5,MLQ5X_D1_SEQUENCE_4,MLQ5X_D1S4_N8_RIOS_SANCION,A,8,2.0,2.0,2.0,1.0,2.0,2.0,1.0,2.0,0.0
32d89835-a0d1-41f7-a38b-cfaaf86aadce,022ae115-30e4-4c12-9e96-43851f4ce2c5,MLQ5X_D1_SEQUENCE_4,MLQ5X_D1S4_N9_SOTO_REPORTE,A,9,2.0,3.0,2.0,2.0,2.0,2.0,2.0,0.0,0.0
32d89835-a0d1-41f7-a38b-cfaaf86aadce,022ae115-30e4-4c12-9e96-43851f4ce2c5,MLQ5X_D2_SEQUENCE_10,MLQ5X_D2S10_N13_LATE_ARRIVAL_RESPONSE,A,13,2.0,2.0,1.0,2.0,4.0,2.0,1.0,0.0,0.0
32d89835-a0d1-41f7-a38b-cfaaf86aadce,022ae115-30e4-4c12-9e96-43851f4ce2c5,MLQ5X_D2_SEQUENCE_10,MLQ5X_D2S10_N14_RIOS_EXTENDED_SHIFTS,C,14,0.0,1.0,0.0,0.0,0.0,0.0,1.0,3.0,2.0
32d89835-a0d1-41f7-a38b-cfaaf86aadce,022ae115-30e4-4c12-9e96-43851f4ce2c5,MLQ5X_D2_SEQUENCE_10,MLQ5X_D2S10_N15_RIOS_RESIGNATION_RISK,B,15,2.0,2.0,1.0,3.0,2.0,0.0,2.0,0.0,0.0
32d89835-a0d1-41f7-a38b-cfaaf86aadce,022ae115-30e4-4c12-9e96-43851f4ce2c5,MLQ5X_D2_SEQUENCE_9,MLQ5X_D2S9_N12_SOTO_WATER_CUT_FOLLOWUP,A,12,4.0,4.0,4.0,1.0,3.0,2.0,0.0,0.0,0.0
32d89835-a0d1-41f7-a38b-cfaaf86aadce,022ae115-30e4-4c12-9e96-43851f4ce2c5,MLQ5X_D2_SEQUENCE_11,MLQ5X_D2S11_N16_GUZMAN_VISION,A,16,3.0,3.0,3.0,3.0,3.0,1.0,0.0,0.0,0.0
32d89835-a0d1-41f7-a38b-cfaaf86aadce,022ae115-30e4-4c12-9e96-43851f4ce2c5,MLQ5X_D2_SEQUENCE_11,MLQ5X_D2S11_N17_GUZMAN_PRACTICE_CUPS,B,17,2.0,1.0,0.0,0.0,1.0,1.0,3.0,0.0,0.0
32d89835-a0d1-41f7-a38b-cfaaf86aadce,022ae115-30e4-4c12-9e96-43851f4ce2c5,MLQ5X_D3_SEQUENCE_14,MLQ5X_D3S14_N18_SOFIA_BOX6_DECISION,A,18,3.0,3.0,1.0,0.0,1.0,3.0,2.0,0.0,0.0
32d89835-a0d1-41f7-a38b-cfaaf86aadce,022ae115-30e4-4c12-9e96-43851f4ce2c5,MLQ5X_D3_SEQUENCE_14,MLQ5X_D3S14_N19_ULTRASOUND_SHARED_USE,A,19,3.0,3.0,2.0,3.0,3.0,1.0,3.0,0.0,0.0
32d89835-a0d1-41f7-a38b-cfaaf86aadce,022ae115-30e4-4c12-9e96-43851f4ce2c5,MLQ5X_D3_SEQUENCE_15,MLQ5X_D3S15_N20_SOTO_ROTATING_SHIFTS_DECISION,A,20,2.0,3.0,2.0,2.0,2.0,1.0,1.0,0.0,0.0
32d89835-a0d1-41f7-a38b-cfaaf86aadce,022ae115-30e4-4c12-9e96-43851f4ce2c5,MLQ5X_D3_SEQUENCE_18,MLQ5X_D3S18_N23_JAVIER_WORKLOAD,B,23,2.0,2.0,1.0,0.0,2.0,1.0,3.0,0.0,0.0
32d89835-a0d1-41f7-a38b-cfaaf86aadce,022ae115-30e4-4c12-9e96-43851f4ce2c5,MLQ5X_D3_SEQUENCE_16,MLQ5X_D3S16_N21_GUZMAN_UNREGISTERED_INTERNS,A,21,3.0,3.0,2.0,1.0,3.0,1.0,1.0,0.0,0.0
32d89835-a0d1-41f7-a38b-cfaaf86aadce,022ae115-30e4-4c12-9e96-43851f4ce2c5,MLQ5X_D3_SEQUENCE_16,MLQ5X_D3S16_N22_GUZMAN_CONVENIO_BOX1,B,22,2.0,2.0,0.0,0.0,1.0,2.0,2.0,2.0,1.0
32d89835-a0d1-41f7-a38b-cfaaf86aadce,022ae115-30e4-4c12-9e96-43851f4ce2c5,MLQ5X_D5_SEQUENCE_21,MLQ5X_D5S21_N26_SOFIA_MINOR_RECORD_ERROR,B,26,1.0,1.0,0.0,0.0,2.0,1.0,1.0,1.0,0.0
32d89835-a0d1-41f7-a38b-cfaaf86aadce,022ae115-30e4-4c12-9e96-43851f4ce2c5,MLQ5X_D4_SEQUENCE_20,MLQ5X_D4S20_N25_RIOS_FLEXIBILITY_REQUEST,B,25,2.0,2.0,0.0,0.0,2.0,2.0,3.0,1.0,0.0
32d89835-a0d1-41f7-a38b-cfaaf86aadce,022ae115-30e4-4c12-9e96-43851f4ce2c5,MLQ5X_D5_SEQUENCE_22,MLQ5X_D5S22_N27_SOTO_MINOR_RISK_REPORT,B,27,1.0,1.0,0.0,0.0,0.0,0.0,1.0,3.0,1.0
32d89835-a0d1-41f7-a38b-cfaaf86aadce,022ae115-30e4-4c12-9e96-43851f4ce2c5,MLQ5X_D5_SEQUENCE_23,MLQ5X_D5S23_N28_RIOS_TENS_PROTOCOL,B,28,2.0,2.0,2.0,2.0,3.0,1.0,1.0,0.0,0.0
